2026-07-24 17:42:55,067 [INFO] [MainThread] [root/bar_manager.py:229]: Starting HotkeyListener...
2026-07-24 17:42:55,079 [INFO] [MainThread] [root/bar_manager.py:103]: Starting KomorebiEventListener...
2026-07-24 17:42:55,079 [INFO] [MainThread] [root/bar_manager.py:103]: Starting WindowsNotificationEventListener...
2026-07-24 17:42:55,080 [INFO] [MainThread] [root/bar_manager.py:103]: Starting SystemEventListener...
2026-07-24 17:42:55,080 [ERROR] [MainThread] [root/widget_builder.py:114]: Failed to validate widget(s) due to invalid options  - ime_tc_sc_status
      class_name:
      - Field required
      update_interval:
      - Extra inputs are not permitted
      
2026-07-24 17:42:55,083 [INFO] [Dummy-12] [root/event_listener.py:54]: Created named pipe yasb-0bce648b-8744-11f1-94ad-a029424ab658
2026-07-24 17:42:55,120 [INFO] [MainThread] [root/watcher.py:65]: Watching directory: c:\users\bensondc\.config\yasb
2026-07-24 17:42:55,121 [INFO] [MainThread] [root/watcher.py:104]: Created file watcher
2026-07-24 17:42:55,153 [INFO] [MainThread] [root/update_service.py:434]: Background update checker started
2026-07-24 17:42:55,222 [INFO] [Dummy-12] [root/event_listener.py:147]: Komorebi connected to named pipe: yasb-0bce648b-8744-11f1-94ad-a029424ab658
2026-07-24 17:43:52,851 [INFO] [MainThread] [root/controller.py:21]: Reloading Application because of config change.
2026-07-24 17:43:52,966 [INFO] [MainThread] [cli_server/cli_server.py:114]: Log pipe server stopped
2026-07-24 17:43:52,974 [INFO] [MainThread] [root/bar_manager.py:93]: Successfully loaded updated config and re-initialised all bars.
2026-07-24 17:43:53,020 [INFO] [MainThread] [root/bar_manager.py:111]: Stopping HotkeyListener...
2026-07-24 17:43:53,026 [INFO] [MainThread] [root/bar_manager.py:119]: Stopping KomorebiEventListener...
2026-07-24 17:43:53,029 [INFO] [MainThread] [root/bar_manager.py:119]: Stopping WindowsNotificationEventListener...
2026-07-24 17:43:53,032 [INFO] [MainThread] [root/bar_manager.py:119]: Stopping SystemEventListener...
2026-07-24 17:43:53,531 [INFO] [MainThread] [root/log.py:104]: YASB v2.0.5
2026-07-24 17:43:53,532 [INFO] [CLIPipeServer] [cli_server/cli_server.py:216]: CLI server started v1.1.7
2026-07-24 17:43:53,532 [INFO] [MainThread] [cli_server/cli_server.py:106]: Log pipe server started
2026-07-24 17:43:54,168 [INFO] [MainThread] [root/api.py:62]: GitHubDataManager started...
2026-07-24 17:43:54,228 [INFO] [MainThread] [root/service.py:41]: AudioInputService starting...
2026-07-24 17:43:54,251 [INFO] [SystrayHook] [systray_hook/systray_hook.py:193]: Injecting into Explorer (PID: 8672)
2026-07-24 17:43:54,292 [INFO] [MainThread] [root/service.py:52]: AudioOutputService starting...
2026-07-24 17:43:54,599 [INFO] [MainThread] [root/bar_manager.py:229]: Starting HotkeyListener...
2026-07-24 17:43:54,600 [INFO] [MainThread] [root/bar_manager.py:103]: Starting WindowsNotificationEventListener...
2026-07-24 17:43:54,600 [INFO] [MainThread] [root/bar_manager.py:103]: Starting KomorebiEventListener...
2026-07-24 17:43:54,602 [INFO] [MainThread] [root/bar_manager.py:103]: Starting SystemEventListener...
2026-07-24 17:43:54,603 [ERROR] [MainThread] [root/widget_builder.py:114]: Failed to validate widget(s) due to invalid options  - ime_tc_sc_status
      class_name:
      - Field required
      update_interval:
      - Extra inputs are not permitted
      
2026-07-24 17:43:54,606 [INFO] [Dummy-12] [root/event_listener.py:54]: Created named pipe yasb-2f48c66b-8744-11f1-8c1b-a029424ab658
2026-07-24 17:43:54,638 [INFO] [MainThread] [root/watcher.py:65]: Watching directory: c:\users\bensondc\.config\yasb
2026-07-24 17:43:54,643 [INFO] [MainThread] [root/watcher.py:104]: Created file watcher
2026-07-24 17:43:54,675 [INFO] [MainThread] [root/update_service.py:434]: Background update checker started
2026-07-24 17:43:54,751 [INFO] [Dummy-12] [root/event_listener.py:147]: Komorebi connected to named pipe: yasb-2f48c66b-8744-11f1-8c1b-a029424ab658
2026-07-24 17:44:17,892 [INFO] [MainThread] [root/controller.py:21]: Reloading Application because of config change.
2026-07-24 17:44:18,005 [INFO] [MainThread] [cli_server/cli_server.py:114]: Log pipe server stopped
2026-07-24 17:44:18,010 [INFO] [MainThread] [root/bar_manager.py:93]: Successfully loaded updated config and re-initialised all bars.
2026-07-24 17:44:18,054 [INFO] [MainThread] [root/bar_manager.py:111]: Stopping HotkeyListener...
2026-07-24 17:44:18,059 [INFO] [MainThread] [root/bar_manager.py:119]: Stopping WindowsNotificationEventListener...
2026-07-24 17:44:18,063 [INFO] [MainThread] [root/bar_manager.py:119]: Stopping KomorebiEventListener...
2026-07-24 17:44:18,068 [INFO] [MainThread] [root/bar_manager.py:119]: Stopping SystemEventListener...
2026-07-24 17:44:18,575 [INFO] [MainThread] [root/log.py:104]: YASB v2.0.5
2026-07-24 17:44:18,576 [INFO] [CLIPipeServer] [cli_server/cli_server.py:216]: CLI server started v1.1.7
2026-07-24 17:44:18,576 [INFO] [MainThread] [cli_server/cli_server.py:106]: Log pipe server started
2026-07-24 17:44:19,241 [INFO] [MainThread] [root/api.py:62]: GitHubDataManager started...
2026-07-24 17:44:19,297 [INFO] [MainThread] [root/service.py:41]: AudioInputService starting...
2026-07-24 17:44:19,319 [INFO] [SystrayHook] [systray_hook/systray_hook.py:193]: Injecting into Explorer (PID: 8672)
2026-07-24 17:44:19,358 [INFO] [MainThread] [root/service.py:52]: AudioOutputService starting...
2026-07-24 17:44:19,664 [INFO] [MainThread] [root/bar_manager.py:229]: Starting HotkeyListener...
2026-07-24 17:44:19,664 [INFO] [MainThread] [root/bar_manager.py:103]: Starting WindowsNotificationEventListener...
2026-07-24 17:44:19,664 [INFO] [MainThread] [root/bar_manager.py:103]: Starting SystemEventListener...
2026-07-24 17:44:19,665 [INFO] [MainThread] [root/bar_manager.py:103]: Starting KomorebiEventListener...
2026-07-24 17:44:19,665 [ERROR] [MainThread] [root/widget_builder.py:114]: Failed to validate widget(s) due to invalid options  - ime_tc_sc_status
      class_name:
      - Field required
      exec_options:
        update_interval:
        - Extra inputs are not permitted
      
2026-07-24 17:44:19,669 [INFO] [Dummy-12] [root/event_listener.py:54]: Created named pipe yasb-3e392c03-8744-11f1-b055-a029424ab658
2026-07-24 17:44:19,693 [INFO] [MainThread] [root/watcher.py:65]: Watching directory: c:\users\bensondc\.config\yasb
2026-07-24 17:44:19,693 [INFO] [MainThread] [root/watcher.py:104]: Created file watcher
2026-07-24 17:44:19,733 [INFO] [MainThread] [root/update_service.py:434]: Background update checker started
2026-07-24 17:44:19,808 [INFO] [Dummy-12] [root/event_listener.py:147]: Komorebi connected to named pipe: yasb-3e392c03-8744-11f1-b055-a029424ab658
2026-07-24 17:44:44,893 [ERROR] [MainThread] [root/config.py:99]: The config file 'C:\Users\BensonDC\.config\yasb\config.yaml' contains validation errors. Please fix:
widgets:
  ime_tc_sc_status:
    str:
    - Input should be a valid string
    dict[str,any]:
    - Input should be a valid dictionary
ime_tc_sc_status:
- Extra inputs are not permitted

2026-07-24 17:45:09,774 [INFO] [MainThread] [root/controller.py:21]: Reloading Application because of config change.
2026-07-24 17:45:09,875 [INFO] [MainThread] [cli_server/cli_server.py:114]: Log pipe server stopped
2026-07-24 17:45:09,880 [INFO] [MainThread] [root/bar_manager.py:93]: Successfully loaded updated config and re-initialised all bars.
2026-07-24 17:45:09,925 [INFO] [MainThread] [root/bar_manager.py:111]: Stopping HotkeyListener...
2026-07-24 17:45:09,931 [INFO] [MainThread] [root/bar_manager.py:119]: Stopping WindowsNotificationEventListener...
2026-07-24 17:45:09,936 [INFO] [MainThread] [root/bar_manager.py:119]: Stopping SystemEventListener...
2026-07-24 17:45:09,950 [INFO] [MainThread] [root/bar_manager.py:119]: Stopping KomorebiEventListener...
2026-07-24 17:45:10,432 [INFO] [MainThread] [root/log.py:104]: YASB v2.0.5
2026-07-24 17:45:10,432 [INFO] [CLIPipeServer] [cli_server/cli_server.py:216]: CLI server started v1.1.7
2026-07-24 17:45:10,433 [INFO] [MainThread] [cli_server/cli_server.py:106]: Log pipe server started
2026-07-24 17:45:11,071 [INFO] [MainThread] [root/api.py:62]: GitHubDataManager started...
2026-07-24 17:45:11,128 [INFO] [MainThread] [root/service.py:41]: AudioInputService starting...
2026-07-24 17:45:11,152 [INFO] [SystrayHook] [systray_hook/systray_hook.py:193]: Injecting into Explorer (PID: 8672)
2026-07-24 17:45:11,188 [INFO] [MainThread] [root/service.py:52]: AudioOutputService starting...
2026-07-24 17:45:11,483 [INFO] [MainThread] [root/bar_manager.py:229]: Starting HotkeyListener...
2026-07-24 17:45:11,483 [INFO] [MainThread] [root/bar_manager.py:103]: Starting WindowsNotificationEventListener...
2026-07-24 17:45:11,484 [INFO] [MainThread] [root/bar_manager.py:103]: Starting KomorebiEventListener...
2026-07-24 17:45:11,485 [INFO] [MainThread] [root/bar_manager.py:103]: Starting SystemEventListener...
2026-07-24 17:45:11,485 [ERROR] [MainThread] [root/widget_builder.py:114]: Failed to validate widget(s) due to invalid options  - ime_tc_sc_status
      update_interval:
      - Extra inputs are not permitted
      
2026-07-24 17:45:11,488 [INFO] [Dummy-12] [root/event_listener.py:54]: Created named pipe yasb-5d1c2aff-8744-11f1-b962-a029424ab658
2026-07-24 17:45:11,514 [INFO] [MainThread] [root/watcher.py:65]: Watching directory: c:\users\bensondc\.config\yasb
2026-07-24 17:45:11,515 [INFO] [MainThread] [root/watcher.py:104]: Created file watcher
2026-07-24 17:45:11,552 [INFO] [MainThread] [root/update_service.py:434]: Background update checker started
2026-07-24 17:45:11,631 [INFO] [Dummy-12] [root/event_listener.py:147]: Komorebi connected to named pipe: yasb-5d1c2aff-8744-11f1-b962-a029424ab658
2026-07-24 17:45:40,070 [INFO] [MainThread] [root/controller.py:21]: Reloading Application because of config change.
2026-07-24 17:45:40,170 [INFO] [MainThread] [cli_server/cli_server.py:114]: Log pipe server stopped
2026-07-24 17:45:40,176 [INFO] [MainThread] [root/bar_manager.py:93]: Successfully loaded updated config and re-initialised all bars.
2026-07-24 17:45:40,215 [INFO] [MainThread] [root/bar_manager.py:111]: Stopping HotkeyListener...
2026-07-24 17:45:40,219 [INFO] [MainThread] [root/bar_manager.py:119]: Stopping WindowsNotificationEventListener...
2026-07-24 17:45:40,223 [INFO] [MainThread] [root/bar_manager.py:119]: Stopping KomorebiEventListener...
2026-07-24 17:45:40,226 [INFO] [MainThread] [root/bar_manager.py:119]: Stopping SystemEventListener...
2026-07-24 17:45:40,749 [INFO] [MainThread] [root/log.py:104]: YASB v2.0.5
2026-07-24 17:45:40,749 [INFO] [CLIPipeServer] [cli_server/cli_server.py:216]: CLI server started v1.1.7
2026-07-24 17:45:40,749 [INFO] [MainThread] [cli_server/cli_server.py:106]: Log pipe server started
2026-07-24 17:45:41,425 [INFO] [MainThread] [root/api.py:62]: GitHubDataManager started...
2026-07-24 17:45:41,483 [INFO] [MainThread] [root/service.py:41]: AudioInputService starting...
2026-07-24 17:45:41,503 [INFO] [SystrayHook] [systray_hook/systray_hook.py:193]: Injecting into Explorer (PID: 8672)
2026-07-24 17:45:41,546 [INFO] [MainThread] [root/service.py:52]: AudioOutputService starting...
2026-07-24 17:45:41,854 [INFO] [MainThread] [root/bar_manager.py:229]: Starting HotkeyListener...
2026-07-24 17:45:41,854 [INFO] [MainThread] [root/bar_manager.py:103]: Starting KomorebiEventListener...
2026-07-24 17:45:41,855 [INFO] [MainThread] [root/bar_manager.py:103]: Starting SystemEventListener...
2026-07-24 17:45:41,855 [INFO] [MainThread] [root/bar_manager.py:103]: Starting WindowsNotificationEventListener...
2026-07-24 17:45:41,858 [INFO] [MainThread] [root/watcher.py:65]: Watching directory: c:\users\bensondc\.config\yasb
2026-07-24 17:45:41,859 [INFO] [MainThread] [root/watcher.py:104]: Created file watcher
2026-07-24 17:45:41,858 [INFO] [Dummy-14] [root/event_listener.py:54]: Created named pipe yasb-6f364717-8744-11f1-942a-a029424ab658
2026-07-24 17:45:41,913 [INFO] [MainThread] [root/update_service.py:434]: Background update checker started
2026-07-24 17:45:42,016 [INFO] [Dummy-14] [root/event_listener.py:147]: Komorebi connected to named pipe: yasb-6f364717-8744-11f1-942a-a029424ab658
2026-07-24 17:46:21,379 [INFO] [MainThread] [root/controller.py:21]: Reloading Application because of config change.
2026-07-24 17:46:21,488 [INFO] [MainThread] [cli_server/cli_server.py:114]: Log pipe server stopped
2026-07-24 17:46:21,492 [INFO] [MainThread] [root/bar_manager.py:93]: Successfully loaded updated config and re-initialised all bars.
2026-07-24 17:46:21,544 [INFO] [MainThread] [root/bar_manager.py:111]: Stopping HotkeyListener...
2026-07-24 17:46:21,550 [INFO] [MainThread] [root/bar_manager.py:119]: Stopping KomorebiEventListener...
2026-07-24 17:46:21,554 [INFO] [MainThread] [root/bar_manager.py:119]: Stopping SystemEventListener...
2026-07-24 17:46:21,580 [INFO] [MainThread] [root/bar_manager.py:119]: Stopping WindowsNotificationEventListener...
2026-07-24 17:46:22,054 [INFO] [MainThread] [root/log.py:104]: YASB v2.0.5
2026-07-24 17:46:22,054 [INFO] [CLIPipeServer] [cli_server/cli_server.py:216]: CLI server started v1.1.7
2026-07-24 17:46:22,055 [INFO] [MainThread] [cli_server/cli_server.py:106]: Log pipe server started
2026-07-24 17:46:22,822 [INFO] [MainThread] [root/api.py:62]: GitHubDataManager started...
2026-07-24 17:46:22,883 [INFO] [MainThread] [root/service.py:41]: AudioInputService starting...
2026-07-24 17:46:22,904 [INFO] [SystrayHook] [systray_hook/systray_hook.py:193]: Injecting into Explorer (PID: 8672)
2026-07-24 17:46:22,951 [INFO] [MainThread] [root/service.py:52]: AudioOutputService starting...
2026-07-24 17:46:23,271 [INFO] [MainThread] [root/bar_manager.py:229]: Starting HotkeyListener...
2026-07-24 17:46:23,271 [INFO] [MainThread] [root/bar_manager.py:103]: Starting WindowsNotificationEventListener...
2026-07-24 17:46:23,271 [INFO] [MainThread] [root/bar_manager.py:103]: Starting KomorebiEventListener...
2026-07-24 17:46:23,272 [INFO] [MainThread] [root/bar_manager.py:103]: Starting SystemEventListener...
2026-07-24 17:46:23,274 [INFO] [MainThread] [root/watcher.py:65]: Watching directory: c:\users\bensondc\.config\yasb
2026-07-24 17:46:23,274 [INFO] [MainThread] [root/watcher.py:104]: Created file watcher
2026-07-24 17:46:23,274 [INFO] [Dummy-15] [root/event_listener.py:54]: Created named pipe yasb-87e600ea-8744-11f1-8acf-a029424ab658
2026-07-24 17:46:23,298 [INFO] [MainThread] [root/update_service.py:434]: Background update checker started
2026-07-24 17:46:23,440 [INFO] [Dummy-15] [root/event_listener.py:147]: Komorebi connected to named pipe: yasb-87e600ea-8744-11f1-8acf-a029424ab658
2026-07-24 17:47:05,107 [ERROR] [MainThread] [root/config.py:99]: The config file 'C:\Users\BensonDC\.config\yasb\config.yaml' contains validation errors. Please fix:
ime_tc_sc_status:
- Extra inputs are not permitted

2026-07-24 17:47:08,785 [INFO] [MainThread] [root/controller.py:21]: Reloading Application because of config change.
2026-07-24 17:47:08,901 [INFO] [MainThread] [cli_server/cli_server.py:114]: Log pipe server stopped
2026-07-24 17:47:08,905 [INFO] [MainThread] [root/bar_manager.py:93]: Successfully loaded updated config and re-initialised all bars.
2026-07-24 17:47:08,945 [INFO] [MainThread] [root/bar_manager.py:111]: Stopping HotkeyListener...
2026-07-24 17:47:08,950 [INFO] [MainThread] [root/bar_manager.py:119]: Stopping WindowsNotificationEventListener...
2026-07-24 17:47:08,955 [INFO] [MainThread] [root/bar_manager.py:119]: Stopping KomorebiEventListener...
2026-07-24 17:47:08,958 [INFO] [MainThread] [root/bar_manager.py:119]: Stopping SystemEventListener...
2026-07-24 17:47:09,454 [INFO] [MainThread] [root/log.py:104]: YASB v2.0.5
2026-07-24 17:47:09,454 [INFO] [CLIPipeServer] [cli_server/cli_server.py:216]: CLI server started v1.1.7
2026-07-24 17:47:09,455 [INFO] [MainThread] [cli_server/cli_server.py:106]: Log pipe server started
2026-07-24 17:47:10,190 [INFO] [MainThread] [root/api.py:62]: GitHubDataManager started...
2026-07-24 17:47:10,247 [INFO] [MainThread] [root/service.py:41]: AudioInputService starting...
2026-07-24 17:47:10,271 [INFO] [SystrayHook] [systray_hook/systray_hook.py:193]: Injecting into Explorer (PID: 8672)
2026-07-24 17:47:10,318 [INFO] [MainThread] [root/service.py:52]: AudioOutputService starting...
2026-07-24 17:47:10,625 [INFO] [MainThread] [root/bar_manager.py:229]: Starting HotkeyListener...
2026-07-24 17:47:10,625 [INFO] [MainThread] [root/bar_manager.py:103]: Starting KomorebiEventListener...
2026-07-24 17:47:10,625 [INFO] [MainThread] [root/bar_manager.py:103]: Starting WindowsNotificationEventListener...
2026-07-24 17:47:10,626 [INFO] [MainThread] [root/bar_manager.py:103]: Starting SystemEventListener...
2026-07-24 17:47:10,630 [INFO] [Dummy-14] [root/event_listener.py:54]: Created named pipe yasb-a41fa018-8744-11f1-985f-a029424ab658
2026-07-24 17:47:10,630 [INFO] [MainThread] [root/watcher.py:65]: Watching directory: c:\users\bensondc\.config\yasb
2026-07-24 17:47:10,631 [INFO] [MainThread] [root/watcher.py:104]: Created file watcher
2026-07-24 17:47:10,666 [INFO] [MainThread] [root/update_service.py:434]: Background update checker started
2026-07-24 17:47:10,774 [INFO] [Dummy-14] [root/event_listener.py:147]: Komorebi connected to named pipe: yasb-a41fa018-8744-11f1-985f-a029424ab658
2026-07-24 17:47:46,681 [INFO] [MainThread] [root/controller.py:21]: Reloading Application because of config change.
2026-07-24 17:47:46,786 [INFO] [MainThread] [cli_server/cli_server.py:114]: Log pipe server stopped
2026-07-24 17:47:46,790 [INFO] [MainThread] [root/bar_manager.py:93]: Successfully loaded updated config and re-initialised all bars.
2026-07-24 17:47:46,833 [INFO] [MainThread] [root/bar_manager.py:111]: Stopping HotkeyListener...
2026-07-24 17:47:46,840 [INFO] [MainThread] [root/bar_manager.py:119]: Stopping KomorebiEventListener...
2026-07-24 17:47:46,843 [INFO] [MainThread] [root/bar_manager.py:119]: Stopping WindowsNotificationEventListener...
2026-07-24 17:47:46,849 [INFO] [MainThread] [root/bar_manager.py:119]: Stopping SystemEventListener...
2026-07-24 17:47:47,307 [INFO] [MainThread] [root/log.py:104]: YASB v2.0.5
2026-07-24 17:47:47,307 [INFO] [CLIPipeServer] [cli_server/cli_server.py:216]: CLI server started v1.1.7
2026-07-24 17:47:47,307 [INFO] [MainThread] [cli_server/cli_server.py:106]: Log pipe server started
2026-07-24 17:47:47,994 [INFO] [MainThread] [root/api.py:62]: GitHubDataManager started...
2026-07-24 17:47:48,057 [INFO] [MainThread] [root/service.py:41]: AudioInputService starting...
2026-07-24 17:47:48,079 [INFO] [SystrayHook] [systray_hook/systray_hook.py:193]: Injecting into Explorer (PID: 8672)
2026-07-24 17:47:48,122 [INFO] [MainThread] [root/service.py:52]: AudioOutputService starting...
2026-07-24 17:47:48,429 [INFO] [MainThread] [root/bar_manager.py:229]: Starting HotkeyListener...
2026-07-24 17:47:48,429 [INFO] [MainThread] [root/bar_manager.py:103]: Starting KomorebiEventListener...
2026-07-24 17:47:48,430 [INFO] [MainThread] [root/bar_manager.py:103]: Starting WindowsNotificationEventListener...
2026-07-24 17:47:48,430 [INFO] [MainThread] [root/bar_manager.py:103]: Starting SystemEventListener...
2026-07-24 17:47:48,434 [INFO] [MainThread] [root/watcher.py:65]: Watching directory: c:\users\bensondc\.config\yasb
2026-07-24 17:47:48,435 [INFO] [MainThread] [root/watcher.py:104]: Created file watcher
2026-07-24 17:47:48,434 [INFO] [Dummy-15] [root/event_listener.py:54]: Created named pipe yasb-baa8179d-8744-11f1-b547-a029424ab658
2026-07-24 17:47:48,471 [INFO] [MainThread] [root/update_service.py:434]: Background update checker started
2026-07-24 17:47:48,573 [INFO] [Dummy-15] [root/event_listener.py:147]: Komorebi connected to named pipe: yasb-baa8179d-8744-11f1-b547-a029424ab658
2026-07-24 17:48:19,331 [INFO] [MainThread] [root/controller.py:21]: Reloading Application because of config change.
2026-07-24 17:48:19,435 [INFO] [MainThread] [cli_server/cli_server.py:114]: Log pipe server stopped
2026-07-24 17:48:19,442 [INFO] [MainThread] [root/bar_manager.py:93]: Successfully loaded updated config and re-initialised all bars.
2026-07-24 17:48:19,483 [INFO] [MainThread] [root/bar_manager.py:111]: Stopping HotkeyListener...
2026-07-24 17:48:19,490 [INFO] [MainThread] [root/bar_manager.py:119]: Stopping KomorebiEventListener...
2026-07-24 17:48:19,493 [INFO] [MainThread] [root/bar_manager.py:119]: Stopping WindowsNotificationEventListener...
2026-07-24 17:48:19,498 [INFO] [MainThread] [root/bar_manager.py:119]: Stopping SystemEventListener...
2026-07-24 17:48:19,998 [INFO] [MainThread] [root/log.py:104]: YASB v2.0.5
2026-07-24 17:48:19,999 [INFO] [CLIPipeServer] [cli_server/cli_server.py:216]: CLI server started v1.1.7
2026-07-24 17:48:19,999 [INFO] [MainThread] [cli_server/cli_server.py:106]: Log pipe server started
2026-07-24 17:48:20,818 [INFO] [MainThread] [root/api.py:62]: GitHubDataManager started...
2026-07-24 17:48:20,874 [INFO] [MainThread] [root/service.py:41]: AudioInputService starting...
2026-07-24 17:48:20,894 [INFO] [SystrayHook] [systray_hook/systray_hook.py:193]: Injecting into Explorer (PID: 8672)
2026-07-24 17:48:20,938 [INFO] [MainThread] [root/service.py:52]: AudioOutputService starting...
2026-07-24 17:48:21,256 [INFO] [MainThread] [root/bar_manager.py:229]: Starting HotkeyListener...
2026-07-24 17:48:21,256 [INFO] [MainThread] [root/bar_manager.py:103]: Starting SystemEventListener...
2026-07-24 17:48:21,256 [INFO] [MainThread] [root/bar_manager.py:103]: Starting WindowsNotificationEventListener...
2026-07-24 17:48:21,256 [INFO] [MainThread] [root/bar_manager.py:103]: Starting KomorebiEventListener...
2026-07-24 17:48:21,258 [INFO] [MainThread] [root/watcher.py:65]: Watching directory: c:\users\bensondc\.config\yasb
2026-07-24 17:48:21,258 [INFO] [MainThread] [root/watcher.py:104]: Created file watcher
2026-07-24 17:48:21,275 [INFO] [Dummy-15] [root/event_listener.py:54]: Created named pipe yasb-ce39102a-8744-11f1-b142-a029424ab658
2026-07-24 17:48:21,279 [INFO] [MainThread] [root/update_service.py:434]: Background update checker started
2026-07-24 17:48:21,416 [INFO] [Dummy-15] [root/event_listener.py:147]: Komorebi connected to named pipe: yasb-ce39102a-8744-11f1-b142-a029424ab658
2026-07-24 17:48:45,640 [ERROR] [MainThread] [root/config.py:99]: The config file 'C:\Users\BensonDC\.config\yasb\config.yaml' contains validation errors. Please fix:
ime_tc_sc_status:
- Extra inputs are not permitted

2026-07-24 17:48:49,565 [INFO] [MainThread] [root/controller.py:21]: Reloading Application because of config change.
2026-07-24 17:48:49,669 [INFO] [MainThread] [cli_server/cli_server.py:114]: Log pipe server stopped
2026-07-24 17:48:49,676 [INFO] [MainThread] [root/bar_manager.py:93]: Successfully loaded updated config and re-initialised all bars.
2026-07-24 17:48:49,720 [INFO] [MainThread] [root/bar_manager.py:111]: Stopping HotkeyListener...
2026-07-24 17:48:49,725 [INFO] [MainThread] [root/bar_manager.py:119]: Stopping SystemEventListener...
2026-07-24 17:48:49,741 [INFO] [MainThread] [root/bar_manager.py:119]: Stopping WindowsNotificationEventListener...
2026-07-24 17:48:49,746 [INFO] [MainThread] [root/bar_manager.py:119]: Stopping KomorebiEventListener...
2026-07-24 17:48:50,236 [INFO] [MainThread] [root/log.py:104]: YASB v2.0.5
2026-07-24 17:48:50,237 [INFO] [CLIPipeServer] [cli_server/cli_server.py:216]: CLI server started v1.1.7
2026-07-24 17:48:50,237 [INFO] [MainThread] [cli_server/cli_server.py:106]: Log pipe server started
2026-07-24 17:48:51,114 [INFO] [MainThread] [root/api.py:62]: GitHubDataManager started...
2026-07-24 17:48:51,178 [INFO] [MainThread] [root/service.py:41]: AudioInputService starting...
2026-07-24 17:48:51,198 [INFO] [SystrayHook] [systray_hook/systray_hook.py:193]: Injecting into Explorer (PID: 8672)
2026-07-24 17:48:51,248 [INFO] [MainThread] [root/service.py:52]: AudioOutputService starting...
2026-07-24 17:48:51,559 [INFO] [MainThread] [root/bar_manager.py:229]: Starting HotkeyListener...
2026-07-24 17:48:51,560 [INFO] [MainThread] [root/bar_manager.py:103]: Starting KomorebiEventListener...
2026-07-24 17:48:51,560 [INFO] [MainThread] [root/bar_manager.py:103]: Starting WindowsNotificationEventListener...
2026-07-24 17:48:51,560 [INFO] [MainThread] [root/bar_manager.py:103]: Starting SystemEventListener...
2026-07-24 17:48:51,562 [INFO] [MainThread] [root/watcher.py:65]: Watching directory: c:\users\bensondc\.config\yasb
2026-07-24 17:48:51,562 [INFO] [MainThread] [root/watcher.py:104]: Created file watcher
2026-07-24 17:48:51,563 [INFO] [Dummy-15] [root/event_listener.py:54]: Created named pipe yasb-e0490071-8744-11f1-b00e-a029424ab658
2026-07-24 17:48:51,593 [INFO] [MainThread] [root/update_service.py:434]: Background update checker started
2026-07-24 17:48:51,708 [INFO] [Dummy-15] [root/event_listener.py:147]: Komorebi connected to named pipe: yasb-e0490071-8744-11f1-b00e-a029424ab658
2026-07-24 17:51:27,921 [INFO] [MainThread] [root/controller.py:21]: Reloading Application because of config change.
2026-07-24 17:51:28,030 [INFO] [MainThread] [cli_server/cli_server.py:114]: Log pipe server stopped
2026-07-24 17:51:28,035 [INFO] [MainThread] [root/bar_manager.py:93]: Successfully loaded updated config and re-initialised all bars.
2026-07-24 17:51:28,073 [INFO] [MainThread] [root/bar_manager.py:111]: Stopping HotkeyListener...
2026-07-24 17:51:28,080 [INFO] [MainThread] [root/bar_manager.py:119]: Stopping KomorebiEventListener...
2026-07-24 17:51:28,084 [INFO] [MainThread] [root/bar_manager.py:119]: Stopping WindowsNotificationEventListener...
2026-07-24 17:51:28,089 [INFO] [MainThread] [root/bar_manager.py:119]: Stopping SystemEventListener...
2026-07-24 17:51:28,607 [INFO] [MainThread] [root/log.py:104]: YASB v2.0.5
2026-07-24 17:51:28,607 [INFO] [CLIPipeServer] [cli_server/cli_server.py:216]: CLI server started v1.1.7
2026-07-24 17:51:28,607 [INFO] [MainThread] [cli_server/cli_server.py:106]: Log pipe server started
2026-07-24 17:51:29,367 [INFO] [MainThread] [root/api.py:62]: GitHubDataManager started...
2026-07-24 17:51:29,420 [INFO] [MainThread] [root/service.py:41]: AudioInputService starting...
2026-07-24 17:51:29,442 [INFO] [SystrayHook] [systray_hook/systray_hook.py:193]: Injecting into Explorer (PID: 8672)
2026-07-24 17:51:29,482 [INFO] [MainThread] [root/service.py:52]: AudioOutputService starting...
2026-07-24 17:51:29,772 [INFO] [MainThread] [root/bar_manager.py:229]: Starting HotkeyListener...
2026-07-24 17:51:29,772 [INFO] [MainThread] [root/bar_manager.py:103]: Starting KomorebiEventListener...
2026-07-24 17:51:29,772 [INFO] [MainThread] [root/bar_manager.py:103]: Starting WindowsNotificationEventListener...
2026-07-24 17:51:29,774 [INFO] [MainThread] [root/bar_manager.py:103]: Starting SystemEventListener...
2026-07-24 17:51:29,774 [ERROR] [MainThread] [root/widget_builder.py:114]: Failed to validate widget(s) due to invalid options  - ime_tc_sc_status
      class_name:
      - Field required
      
2026-07-24 17:51:29,777 [INFO] [Dummy-12] [root/event_listener.py:54]: Created named pipe yasb-3e964ed7-8745-11f1-ad7e-a029424ab658
2026-07-24 17:51:29,804 [INFO] [MainThread] [root/watcher.py:65]: Watching directory: c:\users\bensondc\.config\yasb
2026-07-24 17:51:29,804 [INFO] [MainThread] [root/watcher.py:104]: Created file watcher
2026-07-24 17:51:29,829 [INFO] [MainThread] [root/update_service.py:434]: Background update checker started
2026-07-24 17:51:29,923 [INFO] [Dummy-12] [root/event_listener.py:147]: Komorebi connected to named pipe: yasb-3e964ed7-8745-11f1-ad7e-a029424ab658
2026-07-24 17:53:24,823 [INFO] [MainThread] [root/controller.py:21]: Reloading Application because of config change.
2026-07-24 17:53:24,926 [INFO] [MainThread] [cli_server/cli_server.py:114]: Log pipe server stopped
2026-07-24 17:53:24,930 [INFO] [MainThread] [root/bar_manager.py:93]: Successfully loaded updated config and re-initialised all bars.
2026-07-24 17:53:24,974 [INFO] [MainThread] [root/bar_manager.py:111]: Stopping HotkeyListener...
2026-07-24 17:53:24,979 [INFO] [MainThread] [root/bar_manager.py:119]: Stopping KomorebiEventListener...
2026-07-24 17:53:24,983 [INFO] [MainThread] [root/bar_manager.py:119]: Stopping WindowsNotificationEventListener...
2026-07-24 17:53:24,988 [INFO] [MainThread] [root/bar_manager.py:119]: Stopping SystemEventListener...
2026-07-24 17:53:25,448 [INFO] [MainThread] [root/log.py:104]: YASB v2.0.5
2026-07-24 17:53:25,449 [INFO] [CLIPipeServer] [cli_server/cli_server.py:216]: CLI server started v1.1.7
2026-07-24 17:53:25,449 [INFO] [MainThread] [cli_server/cli_server.py:106]: Log pipe server started
2026-07-24 17:53:26,117 [INFO] [MainThread] [root/api.py:62]: GitHubDataManager started...
2026-07-24 17:53:26,177 [INFO] [MainThread] [root/service.py:41]: AudioInputService starting...
2026-07-24 17:53:26,208 [INFO] [SystrayHook] [systray_hook/systray_hook.py:193]: Injecting into Explorer (PID: 8672)
2026-07-24 17:53:26,264 [INFO] [MainThread] [root/service.py:52]: AudioOutputService starting...
2026-07-24 17:53:26,655 [INFO] [MainThread] [root/bar_manager.py:229]: Starting HotkeyListener...
2026-07-24 17:53:26,655 [INFO] [MainThread] [root/bar_manager.py:103]: Starting WindowsNotificationEventListener...
2026-07-24 17:53:26,655 [INFO] [MainThread] [root/bar_manager.py:103]: Starting SystemEventListener...
2026-07-24 17:53:26,656 [INFO] [MainThread] [root/bar_manager.py:103]: Starting KomorebiEventListener...
2026-07-24 17:53:26,656 [ERROR] [MainThread] [root/widget_builder.py:114]: Failed to validate widget(s) due to invalid options  - ime_tc_sc_status
      class_name:
      - Field required
      
2026-07-24 17:53:26,661 [INFO] [Dummy-12] [root/event_listener.py:54]: Created named pipe yasb-84414d81-8745-11f1-ab06-a029424ab658
2026-07-24 17:53:26,681 [INFO] [MainThread] [root/watcher.py:65]: Watching directory: c:\users\bensondc\.config\yasb
2026-07-24 17:53:26,681 [INFO] [MainThread] [root/watcher.py:104]: Created file watcher
2026-07-24 17:53:26,719 [INFO] [MainThread] [root/update_service.py:434]: Background update checker started
2026-07-24 17:53:26,797 [INFO] [Dummy-12] [root/event_listener.py:147]: Komorebi connected to named pipe: yasb-84414d81-8745-11f1-ab06-a029424ab658
2026-07-24 17:53:42,174 [INFO] [MainThread] [root/controller.py:21]: Reloading Application because of config change.
2026-07-24 17:53:42,289 [INFO] [MainThread] [cli_server/cli_server.py:114]: Log pipe server stopped
2026-07-24 17:53:42,296 [INFO] [MainThread] [root/bar_manager.py:93]: Successfully loaded updated config and re-initialised all bars.
2026-07-24 17:53:42,344 [INFO] [MainThread] [root/bar_manager.py:111]: Stopping HotkeyListener...
2026-07-24 17:53:42,350 [INFO] [MainThread] [root/bar_manager.py:119]: Stopping WindowsNotificationEventListener...
2026-07-24 17:53:42,354 [INFO] [MainThread] [root/bar_manager.py:119]: Stopping SystemEventListener...
2026-07-24 17:53:42,359 [INFO] [MainThread] [root/bar_manager.py:119]: Stopping KomorebiEventListener...
2026-07-24 17:53:42,858 [INFO] [MainThread] [root/log.py:104]: YASB v2.0.5
2026-07-24 17:53:42,858 [INFO] [CLIPipeServer] [cli_server/cli_server.py:216]: CLI server started v1.1.7
2026-07-24 17:53:42,859 [INFO] [MainThread] [cli_server/cli_server.py:106]: Log pipe server started
2026-07-24 17:53:43,593 [INFO] [MainThread] [root/api.py:62]: GitHubDataManager started...
2026-07-24 17:53:43,650 [INFO] [MainThread] [root/service.py:41]: AudioInputService starting...
2026-07-24 17:53:43,677 [INFO] [SystrayHook] [systray_hook/systray_hook.py:193]: Injecting into Explorer (PID: 8672)
2026-07-24 17:53:43,716 [INFO] [MainThread] [root/service.py:52]: AudioOutputService starting...
2026-07-24 17:53:44,022 [INFO] [MainThread] [root/bar_manager.py:229]: Starting HotkeyListener...
2026-07-24 17:53:44,023 [INFO] [MainThread] [root/bar_manager.py:103]: Starting WindowsNotificationEventListener...
2026-07-24 17:53:44,023 [INFO] [MainThread] [root/bar_manager.py:103]: Starting KomorebiEventListener...
2026-07-24 17:53:44,024 [INFO] [MainThread] [root/bar_manager.py:103]: Starting SystemEventListener...
2026-07-24 17:53:44,025 [INFO] [MainThread] [root/watcher.py:65]: Watching directory: c:\users\bensondc\.config\yasb
2026-07-24 17:53:44,026 [INFO] [MainThread] [root/watcher.py:104]: Created file watcher
2026-07-24 17:53:44,027 [INFO] [Dummy-14] [root/event_listener.py:54]: Created named pipe yasb-8e9b6db6-8745-11f1-8367-a029424ab658
2026-07-24 17:53:44,068 [INFO] [MainThread] [root/update_service.py:434]: Background update checker started
2026-07-24 17:53:44,174 [INFO] [Dummy-14] [root/event_listener.py:147]: Komorebi connected to named pipe: yasb-8e9b6db6-8745-11f1-8367-a029424ab658
2026-07-24 17:58:16,696 [INFO] [MainThread] [root/controller.py:21]: Reloading Application because of config change.
2026-07-24 17:58:16,802 [INFO] [MainThread] [cli_server/cli_server.py:114]: Log pipe server stopped
2026-07-24 17:58:16,807 [INFO] [MainThread] [root/bar_manager.py:93]: Successfully loaded updated config and re-initialised all bars.
2026-07-24 17:58:16,847 [INFO] [MainThread] [root/bar_manager.py:111]: Stopping HotkeyListener...
2026-07-24 17:58:16,854 [INFO] [MainThread] [root/bar_manager.py:119]: Stopping WindowsNotificationEventListener...
2026-07-24 17:58:16,859 [INFO] [MainThread] [root/bar_manager.py:119]: Stopping KomorebiEventListener...
2026-07-24 17:58:16,863 [INFO] [MainThread] [root/bar_manager.py:119]: Stopping SystemEventListener...
2026-07-24 17:58:17,377 [INFO] [MainThread] [root/log.py:104]: YASB v2.0.5
2026-07-24 17:58:17,378 [INFO] [CLIPipeServer] [cli_server/cli_server.py:216]: CLI server started v1.1.7
2026-07-24 17:58:17,378 [INFO] [MainThread] [cli_server/cli_server.py:106]: Log pipe server started
2026-07-24 17:58:18,063 [INFO] [MainThread] [root/api.py:62]: GitHubDataManager started...
2026-07-24 17:58:18,118 [INFO] [MainThread] [root/service.py:41]: AudioInputService starting...
2026-07-24 17:58:18,143 [INFO] [SystrayHook] [systray_hook/systray_hook.py:193]: Injecting into Explorer (PID: 8672)
2026-07-24 17:58:18,181 [INFO] [MainThread] [root/service.py:52]: AudioOutputService starting...
2026-07-24 17:58:18,467 [INFO] [MainThread] [root/bar_manager.py:229]: Starting HotkeyListener...
2026-07-24 17:58:18,467 [INFO] [MainThread] [root/bar_manager.py:103]: Starting SystemEventListener...
2026-07-24 17:58:18,467 [INFO] [MainThread] [root/bar_manager.py:103]: Starting KomorebiEventListener...
2026-07-24 17:58:18,467 [INFO] [MainThread] [root/bar_manager.py:103]: Starting WindowsNotificationEventListener...
2026-07-24 17:58:18,469 [INFO] [MainThread] [root/watcher.py:65]: Watching directory: c:\users\bensondc\.config\yasb
2026-07-24 17:58:18,469 [INFO] [MainThread] [root/watcher.py:104]: Created file watcher
2026-07-24 17:58:18,482 [INFO] [Dummy-13] [root/event_listener.py:54]: Created named pipe yasb-32303805-8746-11f1-9ed7-a029424ab658
2026-07-24 17:58:18,508 [INFO] [MainThread] [root/update_service.py:434]: Background update checker started
2026-07-24 17:58:18,649 [INFO] [Dummy-13] [root/event_listener.py:147]: Komorebi connected to named pipe: yasb-32303805-8746-11f1-9ed7-a029424ab658
2026-07-24 17:58:56,331 [ERROR] [MainThread] [root/config.py:99]: The config file 'C:\Users\BensonDC\.config\yasb\config.yaml' contains validation errors. Please fix:
language:
- Extra inputs are not permitted

2026-07-24 17:59:32,474 [INFO] [MainThread] [root/controller.py:21]: Reloading Application because of config change.
2026-07-24 17:59:32,591 [INFO] [MainThread] [cli_server/cli_server.py:114]: Log pipe server stopped
2026-07-24 17:59:32,596 [INFO] [MainThread] [root/bar_manager.py:93]: Successfully loaded updated config and re-initialised all bars.
2026-07-24 17:59:32,637 [INFO] [MainThread] [root/bar_manager.py:111]: Stopping HotkeyListener...
2026-07-24 17:59:32,644 [INFO] [MainThread] [root/bar_manager.py:119]: Stopping SystemEventListener...
2026-07-24 17:59:32,660 [INFO] [MainThread] [root/bar_manager.py:119]: Stopping KomorebiEventListener...
2026-07-24 17:59:32,665 [INFO] [MainThread] [root/bar_manager.py:119]: Stopping WindowsNotificationEventListener...
2026-07-24 17:59:33,157 [INFO] [MainThread] [root/log.py:104]: YASB v2.0.5
2026-07-24 17:59:33,157 [INFO] [CLIPipeServer] [cli_server/cli_server.py:216]: CLI server started v1.1.7
2026-07-24 17:59:33,158 [INFO] [MainThread] [cli_server/cli_server.py:106]: Log pipe server started
2026-07-24 17:59:33,987 [INFO] [MainThread] [root/api.py:62]: GitHubDataManager started...
2026-07-24 17:59:34,055 [INFO] [MainThread] [root/service.py:41]: AudioInputService starting...
2026-07-24 17:59:34,086 [INFO] [SystrayHook] [systray_hook/systray_hook.py:193]: Injecting into Explorer (PID: 8672)
2026-07-24 17:59:34,122 [INFO] [MainThread] [root/service.py:52]: AudioOutputService starting...
2026-07-24 17:59:34,477 [INFO] [MainThread] [root/bar_manager.py:229]: Starting HotkeyListener...
2026-07-24 17:59:34,477 [INFO] [MainThread] [root/bar_manager.py:103]: Starting WindowsNotificationEventListener...
2026-07-24 17:59:34,478 [INFO] [MainThread] [root/bar_manager.py:103]: Starting SystemEventListener...
2026-07-24 17:59:34,478 [INFO] [MainThread] [root/bar_manager.py:103]: Starting KomorebiEventListener...
2026-07-24 17:59:34,479 [INFO] [MainThread] [root/watcher.py:65]: Watching directory: c:\users\bensondc\.config\yasb
2026-07-24 17:59:34,479 [INFO] [MainThread] [root/watcher.py:104]: Created file watcher
2026-07-24 17:59:34,500 [INFO] [Dummy-14] [root/event_listener.py:54]: Created named pipe yasb-5f7e8761-8746-11f1-b339-a029424ab658
2026-07-24 17:59:34,511 [INFO] [MainThread] [root/update_service.py:434]: Background update checker started
2026-07-24 17:59:34,646 [INFO] [Dummy-14] [root/event_listener.py:147]: Komorebi connected to named pipe: yasb-5f7e8761-8746-11f1-b339-a029424ab658
2026-07-24 18:07:39,350 [INFO] [MainThread] [root/controller.py:21]: Reloading Application because of config change.
2026-07-24 18:07:39,463 [INFO] [MainThread] [cli_server/cli_server.py:114]: Log pipe server stopped
2026-07-24 18:07:39,468 [INFO] [MainThread] [root/bar_manager.py:93]: Successfully loaded updated config and re-initialised all bars.
2026-07-24 18:07:39,520 [INFO] [MainThread] [root/bar_manager.py:111]: Stopping HotkeyListener...
2026-07-24 18:07:39,525 [INFO] [MainThread] [root/bar_manager.py:119]: Stopping WindowsNotificationEventListener...
2026-07-24 18:07:39,530 [INFO] [MainThread] [root/bar_manager.py:119]: Stopping SystemEventListener...
2026-07-24 18:07:39,544 [INFO] [MainThread] [root/bar_manager.py:119]: Stopping KomorebiEventListener...
2026-07-24 18:07:39,989 [INFO] [MainThread] [root/log.py:104]: YASB v2.0.5
2026-07-24 18:07:39,989 [INFO] [CLIPipeServer] [cli_server/cli_server.py:216]: CLI server started v1.1.7
2026-07-24 18:07:39,990 [INFO] [MainThread] [cli_server/cli_server.py:106]: Log pipe server started
2026-07-24 18:07:40,635 [INFO] [MainThread] [root/api.py:62]: GitHubDataManager started...
2026-07-24 18:07:40,691 [INFO] [MainThread] [root/service.py:41]: AudioInputService starting...
2026-07-24 18:07:40,719 [INFO] [SystrayHook] [systray_hook/systray_hook.py:193]: Injecting into Explorer (PID: 8672)
2026-07-24 18:07:40,752 [INFO] [MainThread] [root/service.py:52]: AudioOutputService starting...
2026-07-24 18:07:41,076 [INFO] [MainThread] [root/bar_manager.py:229]: Starting HotkeyListener...
2026-07-24 18:07:41,076 [INFO] [MainThread] [root/bar_manager.py:103]: Starting WindowsNotificationEventListener...
2026-07-24 18:07:41,076 [INFO] [MainThread] [root/bar_manager.py:103]: Starting KomorebiEventListener...
2026-07-24 18:07:41,076 [INFO] [MainThread] [root/bar_manager.py:103]: Starting SystemEventListener...
2026-07-24 18:07:41,078 [INFO] [MainThread] [root/watcher.py:65]: Watching directory: c:\users\bensondc\.config\yasb
2026-07-24 18:07:41,078 [INFO] [MainThread] [root/watcher.py:104]: Created file watcher
2026-07-24 18:07:41,098 [INFO] [Dummy-14] [root/event_listener.py:54]: Created named pipe yasb-818789e6-8747-11f1-a460-a029424ab658
2026-07-24 18:07:41,105 [INFO] [MainThread] [root/update_service.py:434]: Background update checker started
2026-07-24 18:07:41,265 [INFO] [Dummy-14] [root/event_listener.py:147]: Komorebi connected to named pipe: yasb-818789e6-8747-11f1-a460-a029424ab658
2026-07-24 18:08:16,230 [INFO] [MainThread] [root/controller.py:21]: Reloading Application because of config change.
2026-07-24 18:08:16,336 [INFO] [MainThread] [cli_server/cli_server.py:114]: Log pipe server stopped
2026-07-24 18:08:16,342 [INFO] [MainThread] [root/bar_manager.py:93]: Successfully loaded updated config and re-initialised all bars.
2026-07-24 18:08:16,381 [INFO] [MainThread] [root/bar_manager.py:111]: Stopping HotkeyListener...
2026-07-24 18:08:16,386 [INFO] [MainThread] [root/bar_manager.py:119]: Stopping WindowsNotificationEventListener...
2026-07-24 18:08:16,392 [INFO] [MainThread] [root/bar_manager.py:119]: Stopping KomorebiEventListener...
2026-07-24 18:08:16,396 [INFO] [MainThread] [root/bar_manager.py:119]: Stopping SystemEventListener...
2026-07-24 18:08:16,870 [INFO] [MainThread] [root/log.py:104]: YASB v2.0.5
2026-07-24 18:08:16,870 [INFO] [CLIPipeServer] [cli_server/cli_server.py:216]: CLI server started v1.1.7
2026-07-24 18:08:16,870 [INFO] [MainThread] [cli_server/cli_server.py:106]: Log pipe server started
2026-07-24 18:08:17,619 [INFO] [MainThread] [root/api.py:62]: GitHubDataManager started...
2026-07-24 18:08:17,673 [INFO] [MainThread] [root/service.py:41]: AudioInputService starting...
2026-07-24 18:08:17,701 [INFO] [SystrayHook] [systray_hook/systray_hook.py:193]: Injecting into Explorer (PID: 8672)
2026-07-24 18:08:17,737 [INFO] [MainThread] [root/service.py:52]: AudioOutputService starting...
2026-07-24 18:08:18,030 [INFO] [MainThread] [root/bar_manager.py:229]: Starting HotkeyListener...
2026-07-24 18:08:18,031 [INFO] [MainThread] [root/bar_manager.py:103]: Starting SystemEventListener...
2026-07-24 18:08:18,031 [INFO] [MainThread] [root/bar_manager.py:103]: Starting WindowsNotificationEventListener...
2026-07-24 18:08:18,031 [INFO] [MainThread] [root/bar_manager.py:103]: Starting KomorebiEventListener...
2026-07-24 18:08:18,034 [INFO] [MainThread] [root/watcher.py:65]: Watching directory: c:\users\bensondc\.config\yasb
2026-07-24 18:08:18,034 [INFO] [MainThread] [root/watcher.py:104]: Created file watcher
2026-07-24 18:08:18,035 [INFO] [Dummy-14] [root/event_listener.py:54]: Created named pipe yasb-978e7a20-8747-11f1-8b2b-a029424ab658
2026-07-24 18:08:18,061 [INFO] [MainThread] [root/update_service.py:434]: Background update checker started
2026-07-24 18:08:18,209 [INFO] [Dummy-14] [root/event_listener.py:147]: Komorebi connected to named pipe: yasb-978e7a20-8747-11f1-8b2b-a029424ab658
Windows fatal exception: code 0x80010108

Thread 0x000055a8 [asyncio_0] (most recent call first):
  File "C:\hostedtoolcache\windows\Python\3.14.6\x64\Lib\threading.py", line 373 in wait
  File "C:\hostedtoolcache\windows\Python\3.14.6\x64\Lib\threading.py", line 670 in wait
  File "C:\hostedtoolcache\windows\Python\3.14.6\x64\Lib\concurrent\futures\thread.py", line 73 in run
  File "C:\hostedtoolcache\windows\Python\3.14.6\x64\Lib\concurrent\futures\thread.py", line 86 in run
  File "C:\hostedtoolcache\windows\Python\3.14.6\x64\Lib\concurrent\futures\thread.py", line 119 in _worker
  File "C:\hostedtoolcache\windows\Python\3.14.6\x64\Lib\threading.py", line 1024 in run
  File "C:\hostedtoolcache\windows\Python\3.14.6\x64\Lib\threading.py", line 1082 in _bootstrap_inner
  File "C:\hostedtoolcache\windows\Python\3.14.6\x64\Lib\threading.py", line 1044 in _bootstrap

Thread 0x000051cc [Thread-12] (most recent call first):
  File "C:\hostedtoolcache\windows\Python\3.14.6\x64\Lib\threading.py", line 369 in wait
  File "C:\hostedtoolcache\windows\Python\3.14.6\x64\Lib\queue.py", line 199 in get
  File "D:\a\yasb\yasb\venv\Lib\site-packages\watchdog\observers\api.py", line 379 in dispatch_events
  File "D:\a\yasb\yasb\venv\Lib\site-packages\watchdog\observers\api.py", line 213 in run
  File "C:\hostedtoolcache\windows\Python\3.14.6\x64\Lib\threading.py", line 1082 in _bootstrap_inner
  File "C:\hostedtoolcache\windows\Python\3.14.6\x64\Lib\threading.py", line 1044 in _bootstrap

Thread 0x000051a8 [Thread-13] (most recent call first):
  File "D:\a\yasb\yasb\venv\Lib\site-packages\watchdog\observers\winapi.py", line 326 in read_directory_changes
  File "D:\a\yasb\yasb\venv\Lib\site-packages\watchdog\observers\winapi.py", line 380 in read_events
  File "D:\a\yasb\yasb\venv\Lib\site-packages\watchdog\observers\read_directory_changes.py", line 67 in _read_events
  File "D:\a\yasb\yasb\venv\Lib\site-packages\watchdog\observers\read_directory_changes.py", line 70 in queue_events
  File "D:\a\yasb\yasb\venv\Lib\site-packages\watchdog\observers\api.py", line 158 in run
  File "C:\hostedtoolcache\windows\Python\3.14.6\x64\Lib\threading.py", line 1082 in _bootstrap_inner
  File "C:\hostedtoolcache\windows\Python\3.14.6\x64\Lib\threading.py", line 1044 in _bootstrap

Thread 0x00004fd4 [WindowsNotificationEventListener] (most recent call first):
  File "C:\hostedtoolcache\windows\Python\3.14.6\x64\Lib\asyncio\windows_events.py", line 778 in _poll
  File "C:\hostedtoolcache\windows\Python\3.14.6\x64\Lib\asyncio\windows_events.py", line 446 in select
  File "C:\hostedtoolcache\windows\Python\3.14.6\x64\Lib\asyncio\base_events.py", line 2018 in _run_once
  File "C:\hostedtoolcache\windows\Python\3.14.6\x64\Lib\asyncio\base_events.py", line 677 in run_forever
  File "C:\hostedtoolcache\windows\Python\3.14.6\x64\Lib\asyncio\base_events.py", line 706 in run_until_complete
  File "D:\a\yasb\yasb\src\core\widgets\services\notifications\windows_notification.py", line 101 in run

Thread 0x000006b8 [SystemEventListener] (most recent call first):
  File "D:\a\yasb\yasb\src\core\utils\win32\event_listener.py", line 69 in run

Thread 0x00005128 [KomorebiEventListener] (most recent call first):
  File "C:\hostedtoolcache\windows\Python\3.14.6\x64\Lib\threading.py", line 373 in wait
  File "C:\hostedtoolcache\windows\Python\3.14.6\x64\Lib\threading.py", line 670 in wait
  File "D:\a\yasb\yasb\src\core\widgets\services\komorebi\event_listener.py", line 75 in run

Thread 0x0000576c [HotkeyListener] (most recent call first):
  File "D:\a\yasb\yasb\src\core\utils\win32\hotkeys.py", line 252 in run

Thread 0x000030e4 [MemoryWorker] (most recent call first):
  File "D:\a\yasb\yasb\src\core\widgets\services\memory\memory_api.py", line 244 in run

Thread 0x000030e8 [CpuWorker] (most recent call first):
  File "D:\a\yasb\yasb\src\core\widgets\services\cpu\cpu_api.py", line 340 in run

Thread 0x000055f4 [SystrayHook] (most recent call first):
  File "D:\a\yasb\yasb\src\core\widgets\services\systray\systray_hook.py", line 247 in run
  File "D:\a\yasb\yasb\src\core\widgets\yasb\systray.py", line 79 in run

Thread 0x00002e8c [Thread-6 (process_audio)] (most recent call first):
  File "D:\a\yasb\yasb\src\core\widgets\yasb\cava.py", line 586 in process_audio
  File "C:\hostedtoolcache\windows\Python\3.14.6\x64\Lib\threading.py", line 1024 in run
  File "C:\hostedtoolcache\windows\Python\3.14.6\x64\Lib\threading.py", line 1082 in _bootstrap_inner
  File "C:\hostedtoolcache\windows\Python\3.14.6\x64\Lib\threading.py", line 1044 in _bootstrap

Thread 0x0000262c [QueryWorker] (most recent call first):
  File "D:\a\yasb\yasb\src\core\widgets\services\quick_launch\workers.py", line 61 in run

Thread 0x00002c58 [_EventWorker] (most recent call first):
  File "D:\a\yasb\yasb\venv\Lib\site-packages\qasync\_windows.py", line 147 in _poll
  File "D:\a\yasb\yasb\venv\Lib\site-packages\qasync\_windows.py", line 72 in select
  File "D:\a\yasb\yasb\venv\Lib\site-packages\qasync\_windows.py", line 199 in run

Thread 0x00004fbc [LogPipeServer] (most recent call first):
  File "D:\a\yasb\yasb\src\core\utils\win32\bindings\kernel32.py", line 288 in ConnectNamedPipe
  File "D:\a\yasb\yasb\src\core\utils\cli_server.py", line 138 in _run_server
  File "C:\hostedtoolcache\windows\Python\3.14.6\x64\Lib\threading.py", line 1024 in run
  File "C:\hostedtoolcache\windows\Python\3.14.6\x64\Lib\threading.py", line 1082 in _bootstrap_inner
  File "C:\hostedtoolcache\windows\Python\3.14.6\x64\Lib\threading.py", line 1044 in _bootstrap

Thread 0x00004cc8 [CLIPipeServer] (most recent call first):
  File "D:\a\yasb\yasb\src\core\utils\win32\bindings\kernel32.py", line 288 in ConnectNamedPipe
  File "D:\a\yasb\yasb\src\core\utils\cli_server.py", line 235 in _run_server
  File "C:\hostedtoolcache\windows\Python\3.14.6\x64\Lib\threading.py", line 1024 in run
  File "C:\hostedtoolcache\windows\Python\3.14.6\x64\Lib\threading.py", line 1082 in _bootstrap_inner
  File "C:\hostedtoolcache\windows\Python\3.14.6\x64\Lib\threading.py", line 1044 in _bootstrap

Thread 0x00002624 (most recent call first):
  File "D:\a\yasb\yasb\venv\Lib\site-packages\qasync\__init__.py", line 404 in run_forever
  File "D:\a\yasb\yasb\venv\Lib\site-packages\qasync\__init__.py", line 428 in run_until_complete
  File "main.py", line 100 in main
  File "main.py", line 203 in <module>
  File "D:\a\yasb\yasb\venv\Lib\site-packages\freeze_core\initscripts\console.py", line 27 in run
  File "D:\a\yasb\yasb\venv\Lib\site-packages\freeze_core\initscripts\__startup__.py", line 137 in run

Current thread's C stack trace (most recent call first):
  <cannot get C stack on this system>
Windows fatal exception: code 0x80010108

Thread 0x000055a8 [asyncio_0] (most recent call first):
  File "C:\hostedtoolcache\windows\Python\3.14.6\x64\Lib\threading.py", line 373 in wait
  File "C:\hostedtoolcache\windows\Python\3.14.6\x64\Lib\threading.py", line 670 in wait
  File "C:\hostedtoolcache\windows\Python\3.14.6\x64\Lib\concurrent\futures\thread.py", line 73 in run
  File "C:\hostedtoolcache\windows\Python\3.14.6\x64\Lib\concurrent\futures\thread.py", line 86 in run
  File "C:\hostedtoolcache\windows\Python\3.14.6\x64\Lib\concurrent\futures\thread.py", line 119 in _worker
  File "C:\hostedtoolcache\windows\Python\3.14.6\x64\Lib\threading.py", line 1024 in run
  File "C:\hostedtoolcache\windows\Python\3.14.6\x64\Lib\threading.py", line 1082 in _bootstrap_inner
  File "C:\hostedtoolcache\windows\Python\3.14.6\x64\Lib\threading.py", line 1044 in _bootstrap

Thread 0x000051cc [Thread-12] (most recent call first):
  File "C:\hostedtoolcache\windows\Python\3.14.6\x64\Lib\threading.py", line 369 in wait
  File "C:\hostedtoolcache\windows\Python\3.14.6\x64\Lib\queue.py", line 199 in get
  File "D:\a\yasb\yasb\venv\Lib\site-packages\watchdog\observers\api.py", line 379 in dispatch_events
  File "D:\a\yasb\yasb\venv\Lib\site-packages\watchdog\observers\api.py", line 213 in run
  File "C:\hostedtoolcache\windows\Python\3.14.6\x64\Lib\threading.py", line 1082 in _bootstrap_inner
  File "C:\hostedtoolcache\windows\Python\3.14.6\x64\Lib\threading.py", line 1044 in _bootstrap

Thread 0x000051a8 [Thread-13] (most recent call first):
  File "D:\a\yasb\yasb\venv\Lib\site-packages\watchdog\observers\winapi.py", line 326 in read_directory_changes
  File "D:\a\yasb\yasb\venv\Lib\site-packages\watchdog\observers\winapi.py", line 380 in read_events
  File "D:\a\yasb\yasb\venv\Lib\site-packages\watchdog\observers\read_directory_changes.py", line 67 in _read_events
  File "D:\a\yasb\yasb\venv\Lib\site-packages\watchdog\observers\read_directory_changes.py", line 70 in queue_events
  File "D:\a\yasb\yasb\venv\Lib\site-packages\watchdog\observers\api.py", line 158 in run
  File "C:\hostedtoolcache\windows\Python\3.14.6\x64\Lib\threading.py", line 1082 in _bootstrap_inner
  File "C:\hostedtoolcache\windows\Python\3.14.6\x64\Lib\threading.py", line 1044 in _bootstrap

Thread 0x00004fd4 [WindowsNotificationEventListener] (most recent call first):
  File "C:\hostedtoolcache\windows\Python\3.14.6\x64\Lib\asyncio\windows_events.py", line 778 in _poll
  File "C:\hostedtoolcache\windows\Python\3.14.6\x64\Lib\asyncio\windows_events.py", line 446 in select
  File "C:\hostedtoolcache\windows\Python\3.14.6\x64\Lib\asyncio\base_events.py", line 2018 in _run_once
  File "C:\hostedtoolcache\windows\Python\3.14.6\x64\Lib\asyncio\base_events.py", line 677 in run_forever
  File "C:\hostedtoolcache\windows\Python\3.14.6\x64\Lib\asyncio\base_events.py", line 706 in run_until_complete
  File "D:\a\yasb\yasb\src\core\widgets\services\notifications\windows_notification.py", line 101 in run

Thread 0x000006b8 [SystemEventListener] (most recent call first):
  File "D:\a\yasb\yasb\src\core\utils\win32\event_listener.py", line 69 in run

Thread 0x00005128 [KomorebiEventListener] (most recent call first):
  File "C:\hostedtoolcache\windows\Python\3.14.6\x64\Lib\threading.py", line 373 in wait
  File "C:\hostedtoolcache\windows\Python\3.14.6\x64\Lib\threading.py", line 670 in wait
  File "D:\a\yasb\yasb\src\core\widgets\services\komorebi\event_listener.py", line 75 in run

Thread 0x0000576c [HotkeyListener] (most recent call first):
  File "D:\a\yasb\yasb\src\core\utils\win32\hotkeys.py", line 252 in run

Thread 0x000030e4 [MemoryWorker] (most recent call first):
  File "D:\a\yasb\yasb\src\core\widgets\services\memory\memory_api.py", line 244 in run

Thread 0x000030e8 [CpuWorker] (most recent call first):
  File "D:\a\yasb\yasb\src\core\widgets\services\cpu\cpu_api.py", line 340 in run

Thread 0x000055f4 [SystrayHook] (most recent call first):
  File "D:\a\yasb\yasb\src\core\widgets\services\systray\systray_hook.py", line 247 in run
  File "D:\a\yasb\yasb\src\core\widgets\yasb\systray.py", line 79 in run

Thread 0x00002e8c [Thread-6 (process_audio)] (most recent call first):
  File "D:\a\yasb\yasb\src\core\widgets\yasb\cava.py", line 586 in process_audio
  File "C:\hostedtoolcache\windows\Python\3.14.6\x64\Lib\threading.py", line 1024 in run
  File "C:\hostedtoolcache\windows\Python\3.14.6\x64\Lib\threading.py", line 1082 in _bootstrap_inner
  File "C:\hostedtoolcache\windows\Python\3.14.6\x64\Lib\threading.py", line 1044 in _bootstrap

Thread 0x0000262c [QueryWorker] (most recent call first):
  File "D:\a\yasb\yasb\src\core\widgets\services\quick_launch\workers.py", line 61 in run

Thread 0x00002c58 [_EventWorker] (most recent call first):
  File "D:\a\yasb\yasb\venv\Lib\site-packages\qasync\_windows.py", line 147 in _poll
  File "D:\a\yasb\yasb\venv\Lib\site-packages\qasync\_windows.py", line 72 in select
  File "D:\a\yasb\yasb\venv\Lib\site-packages\qasync\_windows.py", line 199 in run

Thread 0x00004fbc [LogPipeServer] (most recent call first):
  File "D:\a\yasb\yasb\src\core\utils\win32\bindings\kernel32.py", line 288 in ConnectNamedPipe
  File "D:\a\yasb\yasb\src\core\utils\cli_server.py", line 138 in _run_server
  File "C:\hostedtoolcache\windows\Python\3.14.6\x64\Lib\threading.py", line 1024 in run
  File "C:\hostedtoolcache\windows\Python\3.14.6\x64\Lib\threading.py", line 1082 in _bootstrap_inner
  File "C:\hostedtoolcache\windows\Python\3.14.6\x64\Lib\threading.py", line 1044 in _bootstrap

Thread 0x00004cc8 [CLIPipeServer] (most recent call first):
  File "D:\a\yasb\yasb\src\core\utils\win32\bindings\kernel32.py", line 288 in ConnectNamedPipe
  File "D:\a\yasb\yasb\src\core\utils\cli_server.py", line 235 in _run_server
  File "C:\hostedtoolcache\windows\Python\3.14.6\x64\Lib\threading.py", line 1024 in run
  File "C:\hostedtoolcache\windows\Python\3.14.6\x64\Lib\threading.py", line 1082 in _bootstrap_inner
  File "C:\hostedtoolcache\windows\Python\3.14.6\x64\Lib\threading.py", line 1044 in _bootstrap

Thread 0x00002624 (most recent call first):
  File "D:\a\yasb\yasb\venv\Lib\site-packages\qasync\__init__.py", line 404 in run_forever
  File "D:\a\yasb\yasb\venv\Lib\site-packages\qasync\__init__.py", line 428 in run_until_complete
  File "main.py", line 100 in main
  File "main.py", line 203 in <module>
  File "D:\a\yasb\yasb\venv\Lib\site-packages\freeze_core\initscripts\console.py", line 27 in run
  File "D:\a\yasb\yasb\venv\Lib\site-packages\freeze_core\initscripts\__startup__.py", line 137 in run

Current thread's C stack trace (most recent call first):
  <cannot get C stack on this system>
Windows fatal exception: code 0x80010108

Thread 0x000055a8 [asyncio_0] (most recent call first):
  File "C:\hostedtoolcache\windows\Python\3.14.6\x64\Lib\threading.py", line 373 in wait
  File "C:\hostedtoolcache\windows\Python\3.14.6\x64\Lib\threading.py", line 670 in wait
  File "C:\hostedtoolcache\windows\Python\3.14.6\x64\Lib\concurrent\futures\thread.py", line 73 in run
  File "C:\hostedtoolcache\windows\Python\3.14.6\x64\Lib\concurrent\futures\thread.py", line 86 in run
  File "C:\hostedtoolcache\windows\Python\3.14.6\x64\Lib\concurrent\futures\thread.py", line 119 in _worker
  File "C:\hostedtoolcache\windows\Python\3.14.6\x64\Lib\threading.py", line 1024 in run
  File "C:\hostedtoolcache\windows\Python\3.14.6\x64\Lib\threading.py", line 1082 in _bootstrap_inner
  File "C:\hostedtoolcache\windows\Python\3.14.6\x64\Lib\threading.py", line 1044 in _bootstrap

Thread 0x000051cc [Thread-12] (most recent call first):
  File "C:\hostedtoolcache\windows\Python\3.14.6\x64\Lib\threading.py", line 369 in wait
  File "C:\hostedtoolcache\windows\Python\3.14.6\x64\Lib\queue.py", line 199 in get
  File "D:\a\yasb\yasb\venv\Lib\site-packages\watchdog\observers\api.py", line 379 in dispatch_events
  File "D:\a\yasb\yasb\venv\Lib\site-packages\watchdog\observers\api.py", line 213 in run
  File "C:\hostedtoolcache\windows\Python\3.14.6\x64\Lib\threading.py", line 1082 in _bootstrap_inner
  File "C:\hostedtoolcache\windows\Python\3.14.6\x64\Lib\threading.py", line 1044 in _bootstrap

Thread 0x000051a8 [Thread-13] (most recent call first):
  File "D:\a\yasb\yasb\venv\Lib\site-packages\watchdog\observers\winapi.py", line 326 in read_directory_changes
  File "D:\a\yasb\yasb\venv\Lib\site-packages\watchdog\observers\winapi.py", line 380 in read_events
  File "D:\a\yasb\yasb\venv\Lib\site-packages\watchdog\observers\read_directory_changes.py", line 67 in _read_events
  File "D:\a\yasb\yasb\venv\Lib\site-packages\watchdog\observers\read_directory_changes.py", line 70 in queue_events
  File "D:\a\yasb\yasb\venv\Lib\site-packages\watchdog\observers\api.py", line 158 in run
  File "C:\hostedtoolcache\windows\Python\3.14.6\x64\Lib\threading.py", line 1082 in _bootstrap_inner
  File "C:\hostedtoolcache\windows\Python\3.14.6\x64\Lib\threading.py", line 1044 in _bootstrap

Thread 0x00004fd4 [WindowsNotificationEventListener] (most recent call first):
  File "C:\hostedtoolcache\windows\Python\3.14.6\x64\Lib\asyncio\windows_events.py", line 778 in _poll
  File "C:\hostedtoolcache\windows\Python\3.14.6\x64\Lib\asyncio\windows_events.py", line 446 in select
  File "C:\hostedtoolcache\windows\Python\3.14.6\x64\Lib\asyncio\base_events.py", line 2018 in _run_once
  File "C:\hostedtoolcache\windows\Python\3.14.6\x64\Lib\asyncio\base_events.py", line 677 in run_forever
  File "C:\hostedtoolcache\windows\Python\3.14.6\x64\Lib\asyncio\base_events.py", line 706 in run_until_complete
  File "D:\a\yasb\yasb\src\core\widgets\services\notifications\windows_notification.py", line 101 in run

Thread 0x000006b8 [SystemEventListener] (most recent call first):
  File "D:\a\yasb\yasb\src\core\utils\win32\event_listener.py", line 69 in run

Thread 0x00005128 [KomorebiEventListener] (most recent call first):
  File "C:\hostedtoolcache\windows\Python\3.14.6\x64\Lib\threading.py", line 373 in wait
  File "C:\hostedtoolcache\windows\Python\3.14.6\x64\Lib\threading.py", line 670 in wait
  File "D:\a\yasb\yasb\src\core\widgets\services\komorebi\event_listener.py", line 75 in run

Thread 0x0000576c [HotkeyListener] (most recent call first):
  File "D:\a\yasb\yasb\src\core\utils\win32\hotkeys.py", line 252 in run

Thread 0x000030e4 [MemoryWorker] (most recent call first):
  File "D:\a\yasb\yasb\src\core\widgets\services\memory\memory_api.py", line 244 in run

Thread 0x000030e8 [CpuWorker] (most recent call first):
  File "D:\a\yasb\yasb\src\core\widgets\services\cpu\cpu_api.py", line 340 in run

Thread 0x000055f4 [SystrayHook] (most recent call first):
  File "D:\a\yasb\yasb\src\core\widgets\services\systray\systray_hook.py", line 247 in run
  File "D:\a\yasb\yasb\src\core\widgets\yasb\systray.py", line 79 in run

Thread 0x00002e8c [Thread-6 (process_audio)] (most recent call first):
  File "D:\a\yasb\yasb\src\core\widgets\yasb\cava.py", line 586 in process_audio
  File "C:\hostedtoolcache\windows\Python\3.14.6\x64\Lib\threading.py", line 1024 in run
  File "C:\hostedtoolcache\windows\Python\3.14.6\x64\Lib\threading.py", line 1082 in _bootstrap_inner
  File "C:\hostedtoolcache\windows\Python\3.14.6\x64\Lib\threading.py", line 1044 in _bootstrap

Thread 0x0000262c [QueryWorker] (most recent call first):
  File "D:\a\yasb\yasb\src\core\widgets\services\quick_launch\workers.py", line 61 in run

Thread 0x00002c58 [_EventWorker] (most recent call first):
  File "D:\a\yasb\yasb\venv\Lib\site-packages\qasync\_windows.py", line 147 in _poll
  File "D:\a\yasb\yasb\venv\Lib\site-packages\qasync\_windows.py", line 72 in select
  File "D:\a\yasb\yasb\venv\Lib\site-packages\qasync\_windows.py", line 199 in run

Thread 0x00004fbc [LogPipeServer] (most recent call first):
  File "D:\a\yasb\yasb\src\core\utils\win32\bindings\kernel32.py", line 288 in ConnectNamedPipe
  File "D:\a\yasb\yasb\src\core\utils\cli_server.py", line 138 in _run_server
  File "C:\hostedtoolcache\windows\Python\3.14.6\x64\Lib\threading.py", line 1024 in run
  File "C:\hostedtoolcache\windows\Python\3.14.6\x64\Lib\threading.py", line 1082 in _bootstrap_inner
  File "C:\hostedtoolcache\windows\Python\3.14.6\x64\Lib\threading.py", line 1044 in _bootstrap

Thread 0x00004cc8 [CLIPipeServer] (most recent call first):
  File "D:\a\yasb\yasb\src\core\utils\win32\bindings\kernel32.py", line 288 in ConnectNamedPipe
  File "D:\a\yasb\yasb\src\core\utils\cli_server.py", line 235 in _run_server
  File "C:\hostedtoolcache\windows\Python\3.14.6\x64\Lib\threading.py", line 1024 in run
  File "C:\hostedtoolcache\windows\Python\3.14.6\x64\Lib\threading.py", line 1082 in _bootstrap_inner
  File "C:\hostedtoolcache\windows\Python\3.14.6\x64\Lib\threading.py", line 1044 in _bootstrap

Thread 0x00002624 (most recent call first):
  File "D:\a\yasb\yasb\venv\Lib\site-packages\qasync\__init__.py", line 404 in run_forever
  File "D:\a\yasb\yasb\venv\Lib\site-packages\qasync\__init__.py", line 428 in run_until_complete
  File "main.py", line 100 in main
  File "main.py", line 203 in <module>
  File "D:\a\yasb\yasb\venv\Lib\site-packages\freeze_core\initscripts\console.py", line 27 in run
  File "D:\a\yasb\yasb\venv\Lib\site-packages\freeze_core\initscripts\__startup__.py", line 137 in run

Current thread's C stack trace (most recent call first):
  <cannot get C stack on this system>
Windows fatal exception: code 0x80010108

Thread 0x000055a8 [asyncio_0] (most recent call first):
  File "C:\hostedtoolcache\windows\Python\3.14.6\x64\Lib\threading.py", line 373 in wait
  File "C:\hostedtoolcache\windows\Python\3.14.6\x64\Lib\threading.py", line 670 in wait
  File "C:\hostedtoolcache\windows\Python\3.14.6\x64\Lib\concurrent\futures\thread.py", line 73 in run
  File "C:\hostedtoolcache\windows\Python\3.14.6\x64\Lib\concurrent\futures\thread.py", line 86 in run
  File "C:\hostedtoolcache\windows\Python\3.14.6\x64\Lib\concurrent\futures\thread.py", line 119 in _worker
  File "C:\hostedtoolcache\windows\Python\3.14.6\x64\Lib\threading.py", line 1024 in run
  File "C:\hostedtoolcache\windows\Python\3.14.6\x64\Lib\threading.py", line 1082 in _bootstrap_inner
  File "C:\hostedtoolcache\windows\Python\3.14.6\x64\Lib\threading.py", line 1044 in _bootstrap

Thread 0x000051cc [Thread-12] (most recent call first):
  File "C:\hostedtoolcache\windows\Python\3.14.6\x64\Lib\threading.py", line 369 in wait
  File "C:\hostedtoolcache\windows\Python\3.14.6\x64\Lib\queue.py", line 199 in get
  File "D:\a\yasb\yasb\venv\Lib\site-packages\watchdog\observers\api.py", line 379 in dispatch_events
  File "D:\a\yasb\yasb\venv\Lib\site-packages\watchdog\observers\api.py", line 213 in run
  File "C:\hostedtoolcache\windows\Python\3.14.6\x64\Lib\threading.py", line 1082 in _bootstrap_inner
  File "C:\hostedtoolcache\windows\Python\3.14.6\x64\Lib\threading.py", line 1044 in _bootstrap

Thread 0x000051a8 [Thread-13] (most recent call first):
  File "D:\a\yasb\yasb\venv\Lib\site-packages\watchdog\observers\winapi.py", line 326 in read_directory_changes
  File "D:\a\yasb\yasb\venv\Lib\site-packages\watchdog\observers\winapi.py", line 380 in read_events
  File "D:\a\yasb\yasb\venv\Lib\site-packages\watchdog\observers\read_directory_changes.py", line 67 in _read_events
  File "D:\a\yasb\yasb\venv\Lib\site-packages\watchdog\observers\read_directory_changes.py", line 70 in queue_events
  File "D:\a\yasb\yasb\venv\Lib\site-packages\watchdog\observers\api.py", line 158 in run
  File "C:\hostedtoolcache\windows\Python\3.14.6\x64\Lib\threading.py", line 1082 in _bootstrap_inner
  File "C:\hostedtoolcache\windows\Python\3.14.6\x64\Lib\threading.py", line 1044 in _bootstrap

Thread 0x00004fd4 [WindowsNotificationEventListener] (most recent call first):
  File "C:\hostedtoolcache\windows\Python\3.14.6\x64\Lib\asyncio\windows_events.py", line 778 in _poll
  File "C:\hostedtoolcache\windows\Python\3.14.6\x64\Lib\asyncio\windows_events.py", line 446 in select
  File "C:\hostedtoolcache\windows\Python\3.14.6\x64\Lib\asyncio\base_events.py", line 2018 in _run_once
  File "C:\hostedtoolcache\windows\Python\3.14.6\x64\Lib\asyncio\base_events.py", line 677 in run_forever
  File "C:\hostedtoolcache\windows\Python\3.14.6\x64\Lib\asyncio\base_events.py", line 706 in run_until_complete
  File "D:\a\yasb\yasb\src\core\widgets\services\notifications\windows_notification.py", line 101 in run

Thread 0x000006b8 [SystemEventListener] (most recent call first):
  File "D:\a\yasb\yasb\src\core\utils\win32\event_listener.py", line 69 in run

Thread 0x00005128 [KomorebiEventListener] (most recent call first):
  File "C:\hostedtoolcache\windows\Python\3.14.6\x64\Lib\threading.py", line 373 in wait
  File "C:\hostedtoolcache\windows\Python\3.14.6\x64\Lib\threading.py", line 670 in wait
  File "D:\a\yasb\yasb\src\core\widgets\services\komorebi\event_listener.py", line 75 in run

Thread 0x0000576c [HotkeyListener] (most recent call first):
  File "D:\a\yasb\yasb\src\core\utils\win32\hotkeys.py", line 252 in run

Thread 0x000030e4 [MemoryWorker] (most recent call first):
  File "D:\a\yasb\yasb\src\core\widgets\services\memory\memory_api.py", line 244 in run

Thread 0x000030e8 [CpuWorker] (most recent call first):
  File "D:\a\yasb\yasb\src\core\widgets\services\cpu\cpu_api.py", line 340 in run

Thread 0x000055f4 [SystrayHook] (most recent call first):
  File "D:\a\yasb\yasb\src\core\widgets\services\systray\systray_hook.py", line 247 in run
  File "D:\a\yasb\yasb\src\core\widgets\yasb\systray.py", line 79 in run

Thread 0x00002e8c [Thread-6 (process_audio)] (most recent call first):
  File "D:\a\yasb\yasb\src\core\widgets\yasb\cava.py", line 586 in process_audio
  File "C:\hostedtoolcache\windows\Python\3.14.6\x64\Lib\threading.py", line 1024 in run
  File "C:\hostedtoolcache\windows\Python\3.14.6\x64\Lib\threading.py", line 1082 in _bootstrap_inner
  File "C:\hostedtoolcache\windows\Python\3.14.6\x64\Lib\threading.py", line 1044 in _bootstrap

Thread 0x0000262c [QueryWorker] (most recent call first):
  File "D:\a\yasb\yasb\src\core\widgets\services\quick_launch\workers.py", line 61 in run

Thread 0x00002c58 [_EventWorker] (most recent call first):
  File "D:\a\yasb\yasb\venv\Lib\site-packages\qasync\_windows.py", line 147 in _poll
  File "D:\a\yasb\yasb\venv\Lib\site-packages\qasync\_windows.py", line 72 in select
  File "D:\a\yasb\yasb\venv\Lib\site-packages\qasync\_windows.py", line 199 in run

Thread 0x00004fbc [LogPipeServer] (most recent call first):
  File "D:\a\yasb\yasb\src\core\utils\win32\bindings\kernel32.py", line 288 in ConnectNamedPipe
  File "D:\a\yasb\yasb\src\core\utils\cli_server.py", line 138 in _run_server
  File "C:\hostedtoolcache\windows\Python\3.14.6\x64\Lib\threading.py", line 1024 in run
  File "C:\hostedtoolcache\windows\Python\3.14.6\x64\Lib\threading.py", line 1082 in _bootstrap_inner
  File "C:\hostedtoolcache\windows\Python\3.14.6\x64\Lib\threading.py", line 1044 in _bootstrap

Thread 0x00004cc8 [CLIPipeServer] (most recent call first):
  File "D:\a\yasb\yasb\src\core\utils\win32\bindings\kernel32.py", line 288 in ConnectNamedPipe
  File "D:\a\yasb\yasb\src\core\utils\cli_server.py", line 235 in _run_server
  File "C:\hostedtoolcache\windows\Python\3.14.6\x64\Lib\threading.py", line 1024 in run
  File "C:\hostedtoolcache\windows\Python\3.14.6\x64\Lib\threading.py", line 1082 in _bootstrap_inner
  File "C:\hostedtoolcache\windows\Python\3.14.6\x64\Lib\threading.py", line 1044 in _bootstrap

Thread 0x00002624 (most recent call first):
  File "D:\a\yasb\yasb\venv\Lib\site-packages\qasync\__init__.py", line 404 in run_forever
  File "D:\a\yasb\yasb\venv\Lib\site-packages\qasync\__init__.py", line 428 in run_until_complete
  File "main.py", line 100 in main
  File "main.py", line 203 in <module>
  File "D:\a\yasb\yasb\venv\Lib\site-packages\freeze_core\initscripts\console.py", line 27 in run
  File "D:\a\yasb\yasb\venv\Lib\site-packages\freeze_core\initscripts\__startup__.py", line 137 in run

Current thread's C stack trace (most recent call first):
  <cannot get C stack on this system>
Windows fatal exception: code 0x80010108

Thread 0x000055a8 [asyncio_0] (most recent call first):
  File "C:\hostedtoolcache\windows\Python\3.14.6\x64\Lib\threading.py", line 373 in wait
  File "C:\hostedtoolcache\windows\Python\3.14.6\x64\Lib\threading.py", line 670 in wait
  File "C:\hostedtoolcache\windows\Python\3.14.6\x64\Lib\concurrent\futures\thread.py", line 73 in run
  File "C:\hostedtoolcache\windows\Python\3.14.6\x64\Lib\concurrent\futures\thread.py", line 86 in run
  File "C:\hostedtoolcache\windows\Python\3.14.6\x64\Lib\concurrent\futures\thread.py", line 119 in _worker
  File "C:\hostedtoolcache\windows\Python\3.14.6\x64\Lib\threading.py", line 1024 in run
  File "C:\hostedtoolcache\windows\Python\3.14.6\x64\Lib\threading.py", line 1082 in _bootstrap_inner
  File "C:\hostedtoolcache\windows\Python\3.14.6\x64\Lib\threading.py", line 1044 in _bootstrap

Thread 0x000051cc [Thread-12] (most recent call first):
  File "C:\hostedtoolcache\windows\Python\3.14.6\x64\Lib\threading.py", line 369 in wait
  File "C:\hostedtoolcache\windows\Python\3.14.6\x64\Lib\queue.py", line 199 in get
  File "D:\a\yasb\yasb\venv\Lib\site-packages\watchdog\observers\api.py", line 379 in dispatch_events
  File "D:\a\yasb\yasb\venv\Lib\site-packages\watchdog\observers\api.py", line 213 in run
  File "C:\hostedtoolcache\windows\Python\3.14.6\x64\Lib\threading.py", line 1082 in _bootstrap_inner
  File "C:\hostedtoolcache\windows\Python\3.14.6\x64\Lib\threading.py", line 1044 in _bootstrap

Thread 0x000051a8 [Thread-13] (most recent call first):
  File "D:\a\yasb\yasb\venv\Lib\site-packages\watchdog\observers\winapi.py", line 326 in read_directory_changes
  File "D:\a\yasb\yasb\venv\Lib\site-packages\watchdog\observers\winapi.py", line 380 in read_events
  File "D:\a\yasb\yasb\venv\Lib\site-packages\watchdog\observers\read_directory_changes.py", line 67 in _read_events
  File "D:\a\yasb\yasb\venv\Lib\site-packages\watchdog\observers\read_directory_changes.py", line 70 in queue_events
  File "D:\a\yasb\yasb\venv\Lib\site-packages\watchdog\observers\api.py", line 158 in run
  File "C:\hostedtoolcache\windows\Python\3.14.6\x64\Lib\threading.py", line 1082 in _bootstrap_inner
  File "C:\hostedtoolcache\windows\Python\3.14.6\x64\Lib\threading.py", line 1044 in _bootstrap

Thread 0x00004fd4 [WindowsNotificationEventListener] (most recent call first):
  File "C:\hostedtoolcache\windows\Python\3.14.6\x64\Lib\asyncio\windows_events.py", line 778 in _poll
  File "C:\hostedtoolcache\windows\Python\3.14.6\x64\Lib\asyncio\windows_events.py", line 446 in select
  File "C:\hostedtoolcache\windows\Python\3.14.6\x64\Lib\asyncio\base_events.py", line 2018 in _run_once
  File "C:\hostedtoolcache\windows\Python\3.14.6\x64\Lib\asyncio\base_events.py", line 677 in run_forever
  File "C:\hostedtoolcache\windows\Python\3.14.6\x64\Lib\asyncio\base_events.py", line 706 in run_until_complete
  File "D:\a\yasb\yasb\src\core\widgets\services\notifications\windows_notification.py", line 101 in run

Thread 0x000006b8 [SystemEventListener] (most recent call first):
  File "D:\a\yasb\yasb\src\core\utils\win32\event_listener.py", line 69 in run

Thread 0x00005128 [KomorebiEventListener] (most recent call first):
  File "C:\hostedtoolcache\windows\Python\3.14.6\x64\Lib\threading.py", line 373 in wait
  File "C:\hostedtoolcache\windows\Python\3.14.6\x64\Lib\threading.py", line 670 in wait
  File "D:\a\yasb\yasb\src\core\widgets\services\komorebi\event_listener.py", line 75 in run

Thread 0x0000576c [HotkeyListener] (most recent call first):
  File "D:\a\yasb\yasb\src\core\utils\win32\hotkeys.py", line 252 in run

Thread 0x000030e4 [MemoryWorker] (most recent call first):
  File "D:\a\yasb\yasb\src\core\widgets\services\memory\memory_api.py", line 244 in run

Thread 0x000030e8 [CpuWorker] (most recent call first):
  File "D:\a\yasb\yasb\src\core\widgets\services\cpu\cpu_api.py", line 340 in run

Thread 0x000055f4 [SystrayHook] (most recent call first):
  File "D:\a\yasb\yasb\src\core\widgets\services\systray\systray_hook.py", line 247 in run
  File "D:\a\yasb\yasb\src\core\widgets\yasb\systray.py", line 79 in run

Thread 0x00002e8c [Thread-6 (process_audio)] (most recent call first):
  File "D:\a\yasb\yasb\src\core\widgets\yasb\cava.py", line 586 in process_audio
  File "C:\hostedtoolcache\windows\Python\3.14.6\x64\Lib\threading.py", line 1024 in run
  File "C:\hostedtoolcache\windows\Python\3.14.6\x64\Lib\threading.py", line 1082 in _bootstrap_inner
  File "C:\hostedtoolcache\windows\Python\3.14.6\x64\Lib\threading.py", line 1044 in _bootstrap

Thread 0x0000262c [QueryWorker] (most recent call first):
  File "D:\a\yasb\yasb\src\core\widgets\services\quick_launch\workers.py", line 61 in run

Thread 0x00002c58 [_EventWorker] (most recent call first):
  File "D:\a\yasb\yasb\venv\Lib\site-packages\qasync\_windows.py", line 147 in _poll
  File "D:\a\yasb\yasb\venv\Lib\site-packages\qasync\_windows.py", line 72 in select
  File "D:\a\yasb\yasb\venv\Lib\site-packages\qasync\_windows.py", line 199 in run

Thread 0x00004fbc [LogPipeServer] (most recent call first):
  File "D:\a\yasb\yasb\src\core\utils\win32\bindings\kernel32.py", line 288 in ConnectNamedPipe
  File "D:\a\yasb\yasb\src\core\utils\cli_server.py", line 138 in _run_server
  File "C:\hostedtoolcache\windows\Python\3.14.6\x64\Lib\threading.py", line 1024 in run
  File "C:\hostedtoolcache\windows\Python\3.14.6\x64\Lib\threading.py", line 1082 in _bootstrap_inner
  File "C:\hostedtoolcache\windows\Python\3.14.6\x64\Lib\threading.py", line 1044 in _bootstrap

Thread 0x00004cc8 [CLIPipeServer] (most recent call first):
  File "D:\a\yasb\yasb\src\core\utils\win32\bindings\kernel32.py", line 288 in ConnectNamedPipe
  File "D:\a\yasb\yasb\src\core\utils\cli_server.py", line 235 in _run_server
  File "C:\hostedtoolcache\windows\Python\3.14.6\x64\Lib\threading.py", line 1024 in run
  File "C:\hostedtoolcache\windows\Python\3.14.6\x64\Lib\threading.py", line 1082 in _bootstrap_inner
  File "C:\hostedtoolcache\windows\Python\3.14.6\x64\Lib\threading.py", line 1044 in _bootstrap

Thread 0x00002624 (most recent call first):
  File "D:\a\yasb\yasb\venv\Lib\site-packages\qasync\__init__.py", line 404 in run_forever
  File "D:\a\yasb\yasb\venv\Lib\site-packages\qasync\__init__.py", line 428 in run_until_complete
  File "main.py", line 100 in main
  File "main.py", line 203 in <module>
  File "D:\a\yasb\yasb\venv\Lib\site-packages\freeze_core\initscripts\console.py", line 27 in run
  File "D:\a\yasb\yasb\venv\Lib\site-packages\freeze_core\initscripts\__startup__.py", line 137 in run

Current thread's C stack trace (most recent call first):
  <cannot get C stack on this system>
Windows fatal exception: code 0x80010108

Thread 0x000055a8 [asyncio_0] (most recent call first):
  File "C:\hostedtoolcache\windows\Python\3.14.6\x64\Lib\threading.py", line 373 in wait
  File "C:\hostedtoolcache\windows\Python\3.14.6\x64\Lib\threading.py", line 670 in wait
  File "C:\hostedtoolcache\windows\Python\3.14.6\x64\Lib\concurrent\futures\thread.py", line 73 in run
  File "C:\hostedtoolcache\windows\Python\3.14.6\x64\Lib\concurrent\futures\thread.py", line 86 in run
  File "C:\hostedtoolcache\windows\Python\3.14.6\x64\Lib\concurrent\futures\thread.py", line 119 in _worker
  File "C:\hostedtoolcache\windows\Python\3.14.6\x64\Lib\threading.py", line 1024 in run
  File "C:\hostedtoolcache\windows\Python\3.14.6\x64\Lib\threading.py", line 1082 in _bootstrap_inner
  File "C:\hostedtoolcache\windows\Python\3.14.6\x64\Lib\threading.py", line 1044 in _bootstrap

Thread 0x000051cc [Thread-12] (most recent call first):
  File "C:\hostedtoolcache\windows\Python\3.14.6\x64\Lib\threading.py", line 369 in wait
  File "C:\hostedtoolcache\windows\Python\3.14.6\x64\Lib\queue.py", line 199 in get
  File "D:\a\yasb\yasb\venv\Lib\site-packages\watchdog\observers\api.py", line 379 in dispatch_events
  File "D:\a\yasb\yasb\venv\Lib\site-packages\watchdog\observers\api.py", line 213 in run
  File "C:\hostedtoolcache\windows\Python\3.14.6\x64\Lib\threading.py", line 1082 in _bootstrap_inner
  File "C:\hostedtoolcache\windows\Python\3.14.6\x64\Lib\threading.py", line 1044 in _bootstrap

Thread 0x000051a8 [Thread-13] (most recent call first):
  File "D:\a\yasb\yasb\venv\Lib\site-packages\watchdog\observers\winapi.py", line 326 in read_directory_changes
  File "D:\a\yasb\yasb\venv\Lib\site-packages\watchdog\observers\winapi.py", line 380 in read_events
  File "D:\a\yasb\yasb\venv\Lib\site-packages\watchdog\observers\read_directory_changes.py", line 67 in _read_events
  File "D:\a\yasb\yasb\venv\Lib\site-packages\watchdog\observers\read_directory_changes.py", line 70 in queue_events
  File "D:\a\yasb\yasb\venv\Lib\site-packages\watchdog\observers\api.py", line 158 in run
  File "C:\hostedtoolcache\windows\Python\3.14.6\x64\Lib\threading.py", line 1082 in _bootstrap_inner
  File "C:\hostedtoolcache\windows\Python\3.14.6\x64\Lib\threading.py", line 1044 in _bootstrap

Thread 0x00004fd4 [WindowsNotificationEventListener] (most recent call first):
  File "C:\hostedtoolcache\windows\Python\3.14.6\x64\Lib\asyncio\windows_events.py", line 778 in _poll
  File "C:\hostedtoolcache\windows\Python\3.14.6\x64\Lib\asyncio\windows_events.py", line 446 in select
  File "C:\hostedtoolcache\windows\Python\3.14.6\x64\Lib\asyncio\base_events.py", line 2018 in _run_once
  File "C:\hostedtoolcache\windows\Python\3.14.6\x64\Lib\asyncio\base_events.py", line 677 in run_forever
  File "C:\hostedtoolcache\windows\Python\3.14.6\x64\Lib\asyncio\base_events.py", line 706 in run_until_complete
  File "D:\a\yasb\yasb\src\core\widgets\services\notifications\windows_notification.py", line 101 in run

Thread 0x000006b8 [SystemEventListener] (most recent call first):
  File "D:\a\yasb\yasb\src\core\utils\win32\event_listener.py", line 69 in run

Thread 0x00005128 [KomorebiEventListener] (most recent call first):
  File "C:\hostedtoolcache\windows\Python\3.14.6\x64\Lib\threading.py", line 373 in wait
  File "C:\hostedtoolcache\windows\Python\3.14.6\x64\Lib\threading.py", line 670 in wait
  File "D:\a\yasb\yasb\src\core\widgets\services\komorebi\event_listener.py", line 75 in run

Thread 0x0000576c [HotkeyListener] (most recent call first):
  File "D:\a\yasb\yasb\src\core\utils\win32\hotkeys.py", line 252 in run

Thread 0x000030e4 [MemoryWorker] (most recent call first):
  File "D:\a\yasb\yasb\src\core\widgets\services\memory\memory_api.py", line 244 in run

Thread 0x000030e8 [CpuWorker] (most recent call first):
  File "D:\a\yasb\yasb\src\core\widgets\services\cpu\cpu_api.py", line 340 in run

Thread 0x000055f4 [SystrayHook] (most recent call first):
  File "D:\a\yasb\yasb\src\core\widgets\services\systray\systray_hook.py", line 247 in run
  File "D:\a\yasb\yasb\src\core\widgets\yasb\systray.py", line 79 in run

Thread 0x00002e8c [Thread-6 (process_audio)] (most recent call first):
  File "D:\a\yasb\yasb\src\core\widgets\yasb\cava.py", line 586 in process_audio
  File "C:\hostedtoolcache\windows\Python\3.14.6\x64\Lib\threading.py", line 1024 in run
  File "C:\hostedtoolcache\windows\Python\3.14.6\x64\Lib\threading.py", line 1082 in _bootstrap_inner
  File "C:\hostedtoolcache\windows\Python\3.14.6\x64\Lib\threading.py", line 1044 in _bootstrap

Thread 0x0000262c [QueryWorker] (most recent call first):
  File "D:\a\yasb\yasb\src\core\widgets\services\quick_launch\workers.py", line 61 in run

Thread 0x00002c58 [_EventWorker] (most recent call first):
  File "D:\a\yasb\yasb\venv\Lib\site-packages\qasync\_windows.py", line 147 in _poll
  File "D:\a\yasb\yasb\venv\Lib\site-packages\qasync\_windows.py", line 72 in select
  File "D:\a\yasb\yasb\venv\Lib\site-packages\qasync\_windows.py", line 199 in run

Thread 0x00004fbc [LogPipeServer] (most recent call first):
  File "D:\a\yasb\yasb\src\core\utils\win32\bindings\kernel32.py", line 288 in ConnectNamedPipe
  File "D:\a\yasb\yasb\src\core\utils\cli_server.py", line 138 in _run_server
  File "C:\hostedtoolcache\windows\Python\3.14.6\x64\Lib\threading.py", line 1024 in run
  File "C:\hostedtoolcache\windows\Python\3.14.6\x64\Lib\threading.py", line 1082 in _bootstrap_inner
  File "C:\hostedtoolcache\windows\Python\3.14.6\x64\Lib\threading.py", line 1044 in _bootstrap

Thread 0x00004cc8 [CLIPipeServer] (most recent call first):
  File "D:\a\yasb\yasb\src\core\utils\win32\bindings\kernel32.py", line 288 in ConnectNamedPipe
  File "D:\a\yasb\yasb\src\core\utils\cli_server.py", line 235 in _run_server
  File "C:\hostedtoolcache\windows\Python\3.14.6\x64\Lib\threading.py", line 1024 in run
  File "C:\hostedtoolcache\windows\Python\3.14.6\x64\Lib\threading.py", line 1082 in _bootstrap_inner
  File "C:\hostedtoolcache\windows\Python\3.14.6\x64\Lib\threading.py", line 1044 in _bootstrap

Thread 0x00002624 (most recent call first):
  File "D:\a\yasb\yasb\src\core\widgets\yasb\cava.py", line ??? in on_samples_updated
  <invalid frame>

Current thread's C stack trace (most recent call first):
  <cannot get C stack on this system>
Windows fatal exception: code 0x80010108

Thread 0x000055a8 [asyncio_0] (most recent call first):
  File "C:\hostedtoolcache\windows\Python\3.14.6\x64\Lib\threading.py", line 373 in wait
  File "C:\hostedtoolcache\windows\Python\3.14.6\x64\Lib\threading.py", line 670 in wait
  File "C:\hostedtoolcache\windows\Python\3.14.6\x64\Lib\concurrent\futures\thread.py", line 73 in run
  File "C:\hostedtoolcache\windows\Python\3.14.6\x64\Lib\concurrent\futures\thread.py", line 86 in run
  File "C:\hostedtoolcache\windows\Python\3.14.6\x64\Lib\concurrent\futures\thread.py", line 119 in _worker
  File "C:\hostedtoolcache\windows\Python\3.14.6\x64\Lib\threading.py", line 1024 in run
  File "C:\hostedtoolcache\windows\Python\3.14.6\x64\Lib\threading.py", line 1082 in _bootstrap_inner
  File "C:\hostedtoolcache\windows\Python\3.14.6\x64\Lib\threading.py", line 1044 in _bootstrap

Thread 0x000051cc [Thread-12] (most recent call first):
  File "C:\hostedtoolcache\windows\Python\3.14.6\x64\Lib\threading.py", line 369 in wait
  File "C:\hostedtoolcache\windows\Python\3.14.6\x64\Lib\queue.py", line 199 in get
  File "D:\a\yasb\yasb\venv\Lib\site-packages\watchdog\observers\api.py", line 379 in dispatch_events
  File "D:\a\yasb\yasb\venv\Lib\site-packages\watchdog\observers\api.py", line 213 in run
  File "C:\hostedtoolcache\windows\Python\3.14.6\x64\Lib\threading.py", line 1082 in _bootstrap_inner
  File "C:\hostedtoolcache\windows\Python\3.14.6\x64\Lib\threading.py", line 1044 in _bootstrap

Thread 0x000051a8 [Thread-13] (most recent call first):
  File "D:\a\yasb\yasb\venv\Lib\site-packages\watchdog\observers\winapi.py", line 326 in read_directory_changes
  File "D:\a\yasb\yasb\venv\Lib\site-packages\watchdog\observers\winapi.py", line 380 in read_events
  File "D:\a\yasb\yasb\venv\Lib\site-packages\watchdog\observers\read_directory_changes.py", line 67 in _read_events
  File "D:\a\yasb\yasb\venv\Lib\site-packages\watchdog\observers\read_directory_changes.py", line 70 in queue_events
  File "D:\a\yasb\yasb\venv\Lib\site-packages\watchdog\observers\api.py", line 158 in run
  File "C:\hostedtoolcache\windows\Python\3.14.6\x64\Lib\threading.py", line 1082 in _bootstrap_inner
  File "C:\hostedtoolcache\windows\Python\3.14.6\x64\Lib\threading.py", line 1044 in _bootstrap

Thread 0x00004fd4 [WindowsNotificationEventListener] (most recent call first):
  File "C:\hostedtoolcache\windows\Python\3.14.6\x64\Lib\asyncio\windows_events.py", line 778 in _poll
  File "C:\hostedtoolcache\windows\Python\3.14.6\x64\Lib\asyncio\windows_events.py", line 446 in select
  File "C:\hostedtoolcache\windows\Python\3.14.6\x64\Lib\asyncio\base_events.py", line 2018 in _run_once
  File "C:\hostedtoolcache\windows\Python\3.14.6\x64\Lib\asyncio\base_events.py", line 677 in run_forever
  File "C:\hostedtoolcache\windows\Python\3.14.6\x64\Lib\asyncio\base_events.py", line 706 in run_until_complete
  File "D:\a\yasb\yasb\src\core\widgets\services\notifications\windows_notification.py", line 101 in run

Thread 0x000006b8 [SystemEventListener] (most recent call first):
  File "D:\a\yasb\yasb\src\core\utils\win32\event_listener.py", line 69 in run

Thread 0x00005128 [KomorebiEventListener] (most recent call first):
  File "C:\hostedtoolcache\windows\Python\3.14.6\x64\Lib\threading.py", line 373 in wait
  File "C:\hostedtoolcache\windows\Python\3.14.6\x64\Lib\threading.py", line 670 in wait
  File "D:\a\yasb\yasb\src\core\widgets\services\komorebi\event_listener.py", line 75 in run

Thread 0x0000576c [HotkeyListener] (most recent call first):
  File "D:\a\yasb\yasb\src\core\utils\win32\hotkeys.py", line 252 in run

Thread 0x000030e4 [MemoryWorker] (most recent call first):
  File "D:\a\yasb\yasb\src\core\widgets\services\memory\memory_api.py", line 244 in run

Thread 0x000030e8 [CpuWorker] (most recent call first):
  File "D:\a\yasb\yasb\src\core\widgets\services\cpu\cpu_api.py", line 340 in run

Thread 0x000055f4 [SystrayHook] (most recent call first):
  File "D:\a\yasb\yasb\src\core\widgets\services\systray\systray_hook.py", line 247 in run
  File "D:\a\yasb\yasb\src\core\widgets\yasb\systray.py", line 79 in run

Thread 0x00002e8c [Thread-6 (process_audio)] (most recent call first):
  File "D:\a\yasb\yasb\src\core\widgets\yasb\cava.py", line 586 in process_audio
  File "C:\hostedtoolcache\windows\Python\3.14.6\x64\Lib\threading.py", line 1024 in run
  File "C:\hostedtoolcache\windows\Python\3.14.6\x64\Lib\threading.py", line 1082 in _bootstrap_inner
  File "C:\hostedtoolcache\windows\Python\3.14.6\x64\Lib\threading.py", line 1044 in _bootstrap

Thread 0x0000262c [QueryWorker] (most recent call first):
  File "D:\a\yasb\yasb\src\core\widgets\services\quick_launch\workers.py", line 61 in run

Thread 0x00002c58 [_EventWorker] (most recent call first):
  File "D:\a\yasb\yasb\venv\Lib\site-packages\qasync\_windows.py", line 147 in _poll
  File "D:\a\yasb\yasb\venv\Lib\site-packages\qasync\_windows.py", line 72 in select
  File "D:\a\yasb\yasb\venv\Lib\site-packages\qasync\_windows.py", line 199 in run

Thread 0x00004fbc [LogPipeServer] (most recent call first):
  File "D:\a\yasb\yasb\src\core\utils\win32\bindings\kernel32.py", line 288 in ConnectNamedPipe
  File "D:\a\yasb\yasb\src\core\utils\cli_server.py", line 138 in _run_server
  File "C:\hostedtoolcache\windows\Python\3.14.6\x64\Lib\threading.py", line 1024 in run
  File "C:\hostedtoolcache\windows\Python\3.14.6\x64\Lib\threading.py", line 1082 in _bootstrap_inner
  File "C:\hostedtoolcache\windows\Python\3.14.6\x64\Lib\threading.py", line 1044 in _bootstrap

Thread 0x00004cc8 [CLIPipeServer] (most recent call first):
  File "D:\a\yasb\yasb\src\core\utils\win32\bindings\kernel32.py", line 288 in ConnectNamedPipe
  File "D:\a\yasb\yasb\src\core\utils\cli_server.py", line 235 in _run_server
  File "C:\hostedtoolcache\windows\Python\3.14.6\x64\Lib\threading.py", line 1024 in run
  File "C:\hostedtoolcache\windows\Python\3.14.6\x64\Lib\threading.py", line 1082 in _bootstrap_inner
  File "C:\hostedtoolcache\windows\Python\3.14.6\x64\Lib\threading.py", line 1044 in _bootstrap

Thread 0x00002624 (most recent call first):
  File "D:\a\yasb\yasb\venv\Lib\site-packages\qasync\__init__.py", line 404 in run_forever
  File "D:\a\yasb\yasb\venv\Lib\site-packages\qasync\__init__.py", line 428 in run_until_complete
  File "main.py", line 100 in main
  File "main.py", line 203 in <module>
  File "D:\a\yasb\yasb\venv\Lib\site-packages\freeze_core\initscripts\console.py", line 27 in run
  File "D:\a\yasb\yasb\venv\Lib\site-packages\freeze_core\initscripts\__startup__.py", line 137 in run

Current thread's C stack trace (most recent call first):
  <cannot get C stack on this system>
Windows fatal exception: code 0x80010108

Thread 0x000055a8 [asyncio_0] (most recent call first):
  File "C:\hostedtoolcache\windows\Python\3.14.6\x64\Lib\threading.py", line 373 in wait
  File "C:\hostedtoolcache\windows\Python\3.14.6\x64\Lib\threading.py", line 670 in wait
  File "C:\hostedtoolcache\windows\Python\3.14.6\x64\Lib\concurrent\futures\thread.py", line 73 in run
  File "C:\hostedtoolcache\windows\Python\3.14.6\x64\Lib\concurrent\futures\thread.py", line 86 in run
  File "C:\hostedtoolcache\windows\Python\3.14.6\x64\Lib\concurrent\futures\thread.py", line 119 in _worker
  File "C:\hostedtoolcache\windows\Python\3.14.6\x64\Lib\threading.py", line 1024 in run
  File "C:\hostedtoolcache\windows\Python\3.14.6\x64\Lib\threading.py", line 1082 in _bootstrap_inner
  File "C:\hostedtoolcache\windows\Python\3.14.6\x64\Lib\threading.py", line 1044 in _bootstrap

Thread 0x000051cc [Thread-12] (most recent call first):
  File "C:\hostedtoolcache\windows\Python\3.14.6\x64\Lib\threading.py", line 369 in wait
  File "C:\hostedtoolcache\windows\Python\3.14.6\x64\Lib\queue.py", line 199 in get
  File "D:\a\yasb\yasb\venv\Lib\site-packages\watchdog\observers\api.py", line 379 in dispatch_events
  File "D:\a\yasb\yasb\venv\Lib\site-packages\watchdog\observers\api.py", line 213 in run
  File "C:\hostedtoolcache\windows\Python\3.14.6\x64\Lib\threading.py", line 1082 in _bootstrap_inner
  File "C:\hostedtoolcache\windows\Python\3.14.6\x64\Lib\threading.py", line 1044 in _bootstrap

Thread 0x000051a8 [Thread-13] (most recent call first):
  File "D:\a\yasb\yasb\venv\Lib\site-packages\watchdog\observers\winapi.py", line 326 in read_directory_changes
  File "D:\a\yasb\yasb\venv\Lib\site-packages\watchdog\observers\winapi.py", line 380 in read_events
  File "D:\a\yasb\yasb\venv\Lib\site-packages\watchdog\observers\read_directory_changes.py", line 67 in _read_events
  File "D:\a\yasb\yasb\venv\Lib\site-packages\watchdog\observers\read_directory_changes.py", line 70 in queue_events
  File "D:\a\yasb\yasb\venv\Lib\site-packages\watchdog\observers\api.py", line 158 in run
  File "C:\hostedtoolcache\windows\Python\3.14.6\x64\Lib\threading.py", line 1082 in _bootstrap_inner
  File "C:\hostedtoolcache\windows\Python\3.14.6\x64\Lib\threading.py", line 1044 in _bootstrap

Thread 0x00004fd4 [WindowsNotificationEventListener] (most recent call first):
  File "C:\hostedtoolcache\windows\Python\3.14.6\x64\Lib\asyncio\windows_events.py", line 778 in _poll
  File "C:\hostedtoolcache\windows\Python\3.14.6\x64\Lib\asyncio\windows_events.py", line 446 in select
  File "C:\hostedtoolcache\windows\Python\3.14.6\x64\Lib\asyncio\base_events.py", line 2018 in _run_once
  File "C:\hostedtoolcache\windows\Python\3.14.6\x64\Lib\asyncio\base_events.py", line 677 in run_forever
  File "C:\hostedtoolcache\windows\Python\3.14.6\x64\Lib\asyncio\base_events.py", line 706 in run_until_complete
  File "D:\a\yasb\yasb\src\core\widgets\services\notifications\windows_notification.py", line 101 in run

Thread 0x000006b8 [SystemEventListener] (most recent call first):
  File "D:\a\yasb\yasb\src\core\utils\win32\event_listener.py", line 69 in run

Thread 0x00005128 [KomorebiEventListener] (most recent call first):
  File "C:\hostedtoolcache\windows\Python\3.14.6\x64\Lib\threading.py", line 373 in wait
  File "C:\hostedtoolcache\windows\Python\3.14.6\x64\Lib\threading.py", line 670 in wait
  File "D:\a\yasb\yasb\src\core\widgets\services\komorebi\event_listener.py", line 75 in run

Thread 0x0000576c [HotkeyListener] (most recent call first):
  File "D:\a\yasb\yasb\src\core\utils\win32\hotkeys.py", line 252 in run

Thread 0x000030e4 [MemoryWorker] (most recent call first):
  File "D:\a\yasb\yasb\src\core\widgets\services\memory\memory_api.py", line 244 in run

Thread 0x000030e8 [CpuWorker] (most recent call first):
  File "D:\a\yasb\yasb\src\core\widgets\services\cpu\cpu_api.py", line 340 in run

Thread 0x000055f4 [SystrayHook] (most recent call first):
  File "D:\a\yasb\yasb\src\core\widgets\services\systray\systray_hook.py", line 247 in run
  File "D:\a\yasb\yasb\src\core\widgets\yasb\systray.py", line 79 in run

Thread 0x00002e8c [Thread-6 (process_audio)] (most recent call first):
  File "D:\a\yasb\yasb\src\core\widgets\yasb\cava.py", line 586 in process_audio
  File "C:\hostedtoolcache\windows\Python\3.14.6\x64\Lib\threading.py", line 1024 in run
  File "C:\hostedtoolcache\windows\Python\3.14.6\x64\Lib\threading.py", line 1082 in _bootstrap_inner
  File "C:\hostedtoolcache\windows\Python\3.14.6\x64\Lib\threading.py", line 1044 in _bootstrap

Thread 0x0000262c [QueryWorker] (most recent call first):
  File "D:\a\yasb\yasb\src\core\widgets\services\quick_launch\workers.py", line 61 in run

Thread 0x00002c58 [_EventWorker] (most recent call first):
  File "D:\a\yasb\yasb\venv\Lib\site-packages\qasync\_windows.py", line 147 in _poll
  File "D:\a\yasb\yasb\venv\Lib\site-packages\qasync\_windows.py", line 72 in select
  File "D:\a\yasb\yasb\venv\Lib\site-packages\qasync\_windows.py", line 199 in run

Thread 0x00004fbc [LogPipeServer] (most recent call first):
  File "D:\a\yasb\yasb\src\core\utils\win32\bindings\kernel32.py", line 288 in ConnectNamedPipe
  File "D:\a\yasb\yasb\src\core\utils\cli_server.py", line 138 in _run_server
  File "C:\hostedtoolcache\windows\Python\3.14.6\x64\Lib\threading.py", line 1024 in run
  File "C:\hostedtoolcache\windows\Python\3.14.6\x64\Lib\threading.py", line 1082 in _bootstrap_inner
  File "C:\hostedtoolcache\windows\Python\3.14.6\x64\Lib\threading.py", line 1044 in _bootstrap

Thread 0x00004cc8 [CLIPipeServer] (most recent call first):
  File "D:\a\yasb\yasb\src\core\utils\win32\bindings\kernel32.py", line 288 in ConnectNamedPipe
  File "D:\a\yasb\yasb\src\core\utils\cli_server.py", line 235 in _run_server
  File "C:\hostedtoolcache\windows\Python\3.14.6\x64\Lib\threading.py", line 1024 in run
  File "C:\hostedtoolcache\windows\Python\3.14.6\x64\Lib\threading.py", line 1082 in _bootstrap_inner
  File "C:\hostedtoolcache\windows\Python\3.14.6\x64\Lib\threading.py", line 1044 in _bootstrap

Thread 0x00002624 (most recent call first):
  File "D:\a\yasb\yasb\venv\Lib\site-packages\qasync\__init__.py", line 404 in run_forever
  File "D:\a\yasb\yasb\venv\Lib\site-packages\qasync\__init__.py", line 428 in run_until_complete
  File "main.py", line 100 in main
  File "main.py", line 203 in <module>
  File "D:\a\yasb\yasb\venv\Lib\site-packages\freeze_core\initscripts\console.py", line 27 in run
  File "D:\a\yasb\yasb\venv\Lib\site-packages\freeze_core\initscripts\__startup__.py", line 137 in run

Current thread's C stack trace (most recent call first):
  <cannot get C stack on this system>
Windows fatal exception: code 0x80010108

Thread 0x000055a8 [asyncio_0] (most recent call first):
  File "C:\hostedtoolcache\windows\Python\3.14.6\x64\Lib\threading.py", line 373 in wait
  File "C:\hostedtoolcache\windows\Python\3.14.6\x64\Lib\threading.py", line 670 in wait
  File "C:\hostedtoolcache\windows\Python\3.14.6\x64\Lib\concurrent\futures\thread.py", line 73 in run
  File "C:\hostedtoolcache\windows\Python\3.14.6\x64\Lib\concurrent\futures\thread.py", line 86 in run
  File "C:\hostedtoolcache\windows\Python\3.14.6\x64\Lib\concurrent\futures\thread.py", line 119 in _worker
  File "C:\hostedtoolcache\windows\Python\3.14.6\x64\Lib\threading.py", line 1024 in run
  File "C:\hostedtoolcache\windows\Python\3.14.6\x64\Lib\threading.py", line 1082 in _bootstrap_inner
  File "C:\hostedtoolcache\windows\Python\3.14.6\x64\Lib\threading.py", line 1044 in _bootstrap

Thread 0x000051cc [Thread-12] (most recent call first):
  File "C:\hostedtoolcache\windows\Python\3.14.6\x64\Lib\threading.py", line 369 in wait
  File "C:\hostedtoolcache\windows\Python\3.14.6\x64\Lib\queue.py", line 199 in get
  File "D:\a\yasb\yasb\venv\Lib\site-packages\watchdog\observers\api.py", line 379 in dispatch_events
  File "D:\a\yasb\yasb\venv\Lib\site-packages\watchdog\observers\api.py", line 213 in run
  File "C:\hostedtoolcache\windows\Python\3.14.6\x64\Lib\threading.py", line 1082 in _bootstrap_inner
  File "C:\hostedtoolcache\windows\Python\3.14.6\x64\Lib\threading.py", line 1044 in _bootstrap

Thread 0x000051a8 [Thread-13] (most recent call first):
  File "D:\a\yasb\yasb\venv\Lib\site-packages\watchdog\observers\winapi.py", line 326 in read_directory_changes
  File "D:\a\yasb\yasb\venv\Lib\site-packages\watchdog\observers\winapi.py", line 380 in read_events
  File "D:\a\yasb\yasb\venv\Lib\site-packages\watchdog\observers\read_directory_changes.py", line 67 in _read_events
  File "D:\a\yasb\yasb\venv\Lib\site-packages\watchdog\observers\read_directory_changes.py", line 70 in queue_events
  File "D:\a\yasb\yasb\venv\Lib\site-packages\watchdog\observers\api.py", line 158 in run
  File "C:\hostedtoolcache\windows\Python\3.14.6\x64\Lib\threading.py", line 1082 in _bootstrap_inner
  File "C:\hostedtoolcache\windows\Python\3.14.6\x64\Lib\threading.py", line 1044 in _bootstrap

Thread 0x00004fd4 [WindowsNotificationEventListener] (most recent call first):
  File "C:\hostedtoolcache\windows\Python\3.14.6\x64\Lib\asyncio\windows_events.py", line 778 in _poll
  File "C:\hostedtoolcache\windows\Python\3.14.6\x64\Lib\asyncio\windows_events.py", line 446 in select
  File "C:\hostedtoolcache\windows\Python\3.14.6\x64\Lib\asyncio\base_events.py", line 2018 in _run_once
  File "C:\hostedtoolcache\windows\Python\3.14.6\x64\Lib\asyncio\base_events.py", line 677 in run_forever
  File "C:\hostedtoolcache\windows\Python\3.14.6\x64\Lib\asyncio\base_events.py", line 706 in run_until_complete
  File "D:\a\yasb\yasb\src\core\widgets\services\notifications\windows_notification.py", line 101 in run

Thread 0x000006b8 [SystemEventListener] (most recent call first):
  File "D:\a\yasb\yasb\src\core\utils\win32\event_listener.py", line 69 in run

Thread 0x00005128 [KomorebiEventListener] (most recent call first):
  File "C:\hostedtoolcache\windows\Python\3.14.6\x64\Lib\threading.py", line 373 in wait
  File "C:\hostedtoolcache\windows\Python\3.14.6\x64\Lib\threading.py", line 670 in wait
  File "D:\a\yasb\yasb\src\core\widgets\services\komorebi\event_listener.py", line 75 in run

Thread 0x0000576c [HotkeyListener] (most recent call first):
  File "D:\a\yasb\yasb\src\core\utils\win32\hotkeys.py", line 252 in run

Thread 0x000030e4 [MemoryWorker] (most recent call first):
  File "D:\a\yasb\yasb\src\core\widgets\services\memory\memory_api.py", line 244 in run

Thread 0x000030e8 [CpuWorker] (most recent call first):
  File "D:\a\yasb\yasb\src\core\widgets\services\cpu\cpu_api.py", line 340 in run

Thread 0x000055f4 [SystrayHook] (most recent call first):
  File "D:\a\yasb\yasb\src\core\widgets\services\systray\systray_hook.py", line 247 in run
  File "D:\a\yasb\yasb\src\core\widgets\yasb\systray.py", line 79 in run

Thread 0x00002e8c [Thread-6 (process_audio)] (most recent call first):
  File "D:\a\yasb\yasb\src\core\widgets\yasb\cava.py", line 586 in process_audio
  File "C:\hostedtoolcache\windows\Python\3.14.6\x64\Lib\threading.py", line 1024 in run
  File "C:\hostedtoolcache\windows\Python\3.14.6\x64\Lib\threading.py", line 1082 in _bootstrap_inner
  File "C:\hostedtoolcache\windows\Python\3.14.6\x64\Lib\threading.py", line 1044 in _bootstrap

Thread 0x0000262c [QueryWorker] (most recent call first):
  File "D:\a\yasb\yasb\src\core\widgets\services\quick_launch\workers.py", line 61 in run

Thread 0x00002c58 [_EventWorker] (most recent call first):
  File "D:\a\yasb\yasb\venv\Lib\site-packages\qasync\_windows.py", line 147 in _poll
  File "D:\a\yasb\yasb\venv\Lib\site-packages\qasync\_windows.py", line 72 in select
  File "D:\a\yasb\yasb\venv\Lib\site-packages\qasync\_windows.py", line 199 in run

Thread 0x00004fbc [LogPipeServer] (most recent call first):
  File "D:\a\yasb\yasb\src\core\utils\win32\bindings\kernel32.py", line 288 in ConnectNamedPipe
  File "D:\a\yasb\yasb\src\core\utils\cli_server.py", line 138 in _run_server
  File "C:\hostedtoolcache\windows\Python\3.14.6\x64\Lib\threading.py", line 1024 in run
  File "C:\hostedtoolcache\windows\Python\3.14.6\x64\Lib\threading.py", line 1082 in _bootstrap_inner
  File "C:\hostedtoolcache\windows\Python\3.14.6\x64\Lib\threading.py", line 1044 in _bootstrap

Thread 0x00004cc8 [CLIPipeServer] (most recent call first):
  File "D:\a\yasb\yasb\src\core\utils\win32\bindings\kernel32.py", line 288 in ConnectNamedPipe
  File "D:\a\yasb\yasb\src\core\utils\cli_server.py", line 235 in _run_server
  File "C:\hostedtoolcache\windows\Python\3.14.6\x64\Lib\threading.py", line 1024 in run
  File "C:\hostedtoolcache\windows\Python\3.14.6\x64\Lib\threading.py", line 1082 in _bootstrap_inner
  File "C:\hostedtoolcache\windows\Python\3.14.6\x64\Lib\threading.py", line 1044 in _bootstrap

Thread 0x00002624 (most recent call first):
  File "D:\a\yasb\yasb\venv\Lib\site-packages\qasync\__init__.py", line 404 in run_forever
  File "D:\a\yasb\yasb\venv\Lib\site-packages\qasync\__init__.py", line 428 in run_until_complete
  File "main.py", line 100 in main
  File "main.py", line 203 in <module>
  File "D:\a\yasb\yasb\venv\Lib\site-packages\freeze_core\initscripts\console.py", line 27 in run
  File "D:\a\yasb\yasb\venv\Lib\site-packages\freeze_core\initscripts\__startup__.py", line 137 in run

Current thread's C stack trace (most recent call first):
  <cannot get C stack on this system>
2026-07-24 18:27:34,994 [INFO] [MainThread] [root/controller.py:21]: Reloading Bar from context menu...
2026-07-24 18:27:35,098 [INFO] [MainThread] [cli_server/cli_server.py:114]: Log pipe server stopped
2026-07-24 18:27:35,178 [INFO] [MainThread] [root/bar_manager.py:111]: Stopping HotkeyListener...
2026-07-24 18:27:35,185 [INFO] [MainThread] [root/bar_manager.py:119]: Stopping SystemEventListener...
2026-07-24 18:27:35,195 [INFO] [MainThread] [root/bar_manager.py:119]: Stopping WindowsNotificationEventListener...
2026-07-24 18:27:35,200 [INFO] [MainThread] [root/bar_manager.py:119]: Stopping KomorebiEventListener...
2026-07-24 18:27:35,615 [INFO] [MainThread] [root/log.py:104]: YASB v2.0.5
2026-07-24 18:27:35,615 [INFO] [CLIPipeServer] [cli_server/cli_server.py:216]: CLI server started v1.1.7
2026-07-24 18:27:35,616 [INFO] [MainThread] [cli_server/cli_server.py:106]: Log pipe server started
2026-07-24 18:27:36,283 [INFO] [MainThread] [root/api.py:62]: GitHubDataManager started...
2026-07-24 18:27:36,334 [INFO] [MainThread] [root/service.py:41]: AudioInputService starting...
2026-07-24 18:27:36,364 [INFO] [SystrayHook] [systray_hook/systray_hook.py:193]: Injecting into Explorer (PID: 8672)
2026-07-24 18:27:36,384 [INFO] [MainThread] [root/service.py:52]: AudioOutputService starting...
2026-07-24 18:27:36,676 [INFO] [MainThread] [root/bar_manager.py:229]: Starting HotkeyListener...
2026-07-24 18:27:36,676 [INFO] [MainThread] [root/bar_manager.py:103]: Starting KomorebiEventListener...
2026-07-24 18:27:36,677 [INFO] [MainThread] [root/bar_manager.py:103]: Starting SystemEventListener...
2026-07-24 18:27:36,677 [INFO] [MainThread] [root/bar_manager.py:103]: Starting WindowsNotificationEventListener...
2026-07-24 18:27:36,678 [INFO] [MainThread] [root/watcher.py:65]: Watching directory: c:\users\bensondc\.config\yasb
2026-07-24 18:27:36,679 [INFO] [MainThread] [root/watcher.py:104]: Created file watcher
2026-07-24 18:27:36,713 [INFO] [Dummy-13] [root/event_listener.py:54]: Created named pipe yasb-4a29aaa0-874a-11f1-9166-a029424ab658
2026-07-24 18:27:36,718 [INFO] [MainThread] [root/update_service.py:434]: Background update checker started
2026-07-24 18:27:36,826 [INFO] [Dummy-13] [root/event_listener.py:147]: Komorebi connected to named pipe: yasb-4a29aaa0-874a-11f1-9166-a029424ab658
2026-07-24 18:28:03,243 [INFO] [MainThread] [root/controller.py:21]: Reloading Bar from context menu...
2026-07-24 18:28:03,351 [INFO] [MainThread] [cli_server/cli_server.py:114]: Log pipe server stopped
2026-07-24 18:28:03,416 [INFO] [MainThread] [root/bar_manager.py:111]: Stopping HotkeyListener...
2026-07-24 18:28:03,423 [INFO] [MainThread] [root/bar_manager.py:119]: Stopping KomorebiEventListener...
2026-07-24 18:28:03,428 [INFO] [MainThread] [root/bar_manager.py:119]: Stopping SystemEventListener...
2026-07-24 18:28:03,482 [INFO] [MainThread] [root/bar_manager.py:119]: Stopping WindowsNotificationEventListener...
2026-07-24 18:28:03,854 [INFO] [MainThread] [root/log.py:104]: YASB v2.0.5
2026-07-24 18:28:03,854 [INFO] [CLIPipeServer] [cli_server/cli_server.py:216]: CLI server started v1.1.7
2026-07-24 18:28:03,855 [INFO] [MainThread] [cli_server/cli_server.py:106]: Log pipe server started
2026-07-24 18:28:04,470 [INFO] [MainThread] [root/api.py:62]: GitHubDataManager started...
2026-07-24 18:28:04,520 [INFO] [MainThread] [root/service.py:41]: AudioInputService starting...
2026-07-24 18:28:04,547 [INFO] [SystrayHook] [systray_hook/systray_hook.py:193]: Injecting into Explorer (PID: 8672)
2026-07-24 18:28:04,571 [INFO] [MainThread] [root/service.py:52]: AudioOutputService starting...
2026-07-24 18:28:04,856 [INFO] [MainThread] [root/bar_manager.py:229]: Starting HotkeyListener...
2026-07-24 18:28:04,856 [INFO] [MainThread] [root/bar_manager.py:103]: Starting KomorebiEventListener...
2026-07-24 18:28:04,856 [INFO] [MainThread] [root/bar_manager.py:103]: Starting SystemEventListener...
2026-07-24 18:28:04,856 [INFO] [MainThread] [root/bar_manager.py:103]: Starting WindowsNotificationEventListener...
2026-07-24 18:28:04,858 [INFO] [MainThread] [root/watcher.py:65]: Watching directory: c:\users\bensondc\.config\yasb
2026-07-24 18:28:04,858 [INFO] [MainThread] [root/watcher.py:104]: Created file watcher
2026-07-24 18:28:04,890 [INFO] [Dummy-13] [root/event_listener.py:54]: Created named pipe yasb-5af58327-874a-11f1-a04e-a029424ab658
2026-07-24 18:28:04,897 [INFO] [MainThread] [root/update_service.py:434]: Background update checker started
2026-07-24 18:28:05,009 [INFO] [Dummy-13] [root/event_listener.py:147]: Komorebi connected to named pipe: yasb-5af58327-874a-11f1-a04e-a029424ab658
2026-07-24 18:28:11,141 [INFO] [MainThread] [root/controller.py:21]: Reloading Bar from context menu...
2026-07-24 18:28:11,248 [INFO] [MainThread] [cli_server/cli_server.py:114]: Log pipe server stopped
2026-07-24 18:28:11,315 [INFO] [MainThread] [root/bar_manager.py:111]: Stopping HotkeyListener...
2026-07-24 18:28:11,321 [INFO] [MainThread] [root/bar_manager.py:119]: Stopping KomorebiEventListener...
2026-07-24 18:28:11,327 [INFO] [MainThread] [root/bar_manager.py:119]: Stopping SystemEventListener...
2026-07-24 18:28:11,413 [INFO] [MainThread] [root/bar_manager.py:119]: Stopping WindowsNotificationEventListener...
2026-07-24 18:28:11,759 [INFO] [MainThread] [root/log.py:104]: YASB v2.0.5
2026-07-24 18:28:11,760 [INFO] [CLIPipeServer] [cli_server/cli_server.py:216]: CLI server started v1.1.7
2026-07-24 18:28:11,760 [INFO] [MainThread] [cli_server/cli_server.py:106]: Log pipe server started
2026-07-24 18:28:12,399 [INFO] [MainThread] [root/api.py:62]: GitHubDataManager started...
2026-07-24 18:28:12,449 [INFO] [MainThread] [root/service.py:41]: AudioInputService starting...
2026-07-24 18:28:12,478 [INFO] [SystrayHook] [systray_hook/systray_hook.py:193]: Injecting into Explorer (PID: 8672)
2026-07-24 18:28:12,499 [INFO] [MainThread] [root/service.py:52]: AudioOutputService starting...
2026-07-24 18:28:12,788 [INFO] [MainThread] [root/bar_manager.py:229]: Starting HotkeyListener...
2026-07-24 18:28:12,788 [INFO] [MainThread] [root/bar_manager.py:103]: Starting SystemEventListener...
2026-07-24 18:28:12,789 [INFO] [MainThread] [root/bar_manager.py:103]: Starting KomorebiEventListener...
2026-07-24 18:28:12,789 [INFO] [MainThread] [root/bar_manager.py:103]: Starting WindowsNotificationEventListener...
2026-07-24 18:28:12,791 [INFO] [MainThread] [root/watcher.py:65]: Watching directory: c:\users\bensondc\.config\yasb
2026-07-24 18:28:12,791 [INFO] [MainThread] [root/watcher.py:104]: Created file watcher
2026-07-24 18:28:12,832 [INFO] [Dummy-14] [root/event_listener.py:54]: Created named pipe yasb-5fafeef5-874a-11f1-bc0b-a029424ab658
2026-07-24 18:28:12,838 [INFO] [MainThread] [root/update_service.py:434]: Background update checker started
2026-07-24 18:28:12,943 [INFO] [Dummy-14] [root/event_listener.py:147]: Komorebi connected to named pipe: yasb-5fafeef5-874a-11f1-bc0b-a029424ab658
2026-07-24 18:28:18,853 [INFO] [MainThread] [root/controller.py:21]: Reloading Bar from context menu...
2026-07-24 18:28:18,954 [INFO] [MainThread] [cli_server/cli_server.py:114]: Log pipe server stopped
2026-07-24 18:28:19,023 [INFO] [MainThread] [root/bar_manager.py:111]: Stopping HotkeyListener...
2026-07-24 18:28:19,030 [INFO] [MainThread] [root/bar_manager.py:119]: Stopping SystemEventListener...
2026-07-24 18:28:19,101 [INFO] [MainThread] [root/bar_manager.py:119]: Stopping KomorebiEventListener...
2026-07-24 18:28:19,104 [INFO] [MainThread] [root/bar_manager.py:119]: Stopping WindowsNotificationEventListener...
2026-07-24 18:28:19,460 [INFO] [MainThread] [root/log.py:104]: YASB v2.0.5
2026-07-24 18:28:19,460 [INFO] [CLIPipeServer] [cli_server/cli_server.py:216]: CLI server started v1.1.7
2026-07-24 18:28:19,460 [INFO] [MainThread] [cli_server/cli_server.py:106]: Log pipe server started
2026-07-24 18:28:20,133 [INFO] [MainThread] [root/api.py:62]: GitHubDataManager started...
2026-07-24 18:28:20,184 [INFO] [MainThread] [root/service.py:41]: AudioInputService starting...
2026-07-24 18:28:20,212 [INFO] [SystrayHook] [systray_hook/systray_hook.py:193]: Injecting into Explorer (PID: 8672)
2026-07-24 18:28:20,235 [INFO] [MainThread] [root/service.py:52]: AudioOutputService starting...
2026-07-24 18:28:20,527 [INFO] [MainThread] [root/bar_manager.py:229]: Starting HotkeyListener...
2026-07-24 18:28:20,528 [INFO] [MainThread] [root/bar_manager.py:103]: Starting SystemEventListener...
2026-07-24 18:28:20,528 [INFO] [MainThread] [root/bar_manager.py:103]: Starting KomorebiEventListener...
2026-07-24 18:28:20,528 [INFO] [MainThread] [root/bar_manager.py:103]: Starting WindowsNotificationEventListener...
2026-07-24 18:28:20,530 [INFO] [MainThread] [root/watcher.py:65]: Watching directory: c:\users\bensondc\.config\yasb
2026-07-24 18:28:20,530 [INFO] [MainThread] [root/watcher.py:104]: Created file watcher
2026-07-24 18:28:20,566 [INFO] [Dummy-14] [root/event_listener.py:54]: Created named pipe yasb-644cdbd8-874a-11f1-ae10-a029424ab658
2026-07-24 18:28:20,570 [INFO] [MainThread] [root/update_service.py:434]: Background update checker started
2026-07-24 18:28:20,677 [INFO] [Dummy-14] [root/event_listener.py:147]: Komorebi connected to named pipe: yasb-644cdbd8-874a-11f1-ae10-a029424ab658
2026-07-24 18:32:14,976 [INFO] [MainThread] [root/controller.py:21]: Reloading Bar from context menu...
2026-07-24 18:32:15,081 [INFO] [MainThread] [cli_server/cli_server.py:114]: Log pipe server stopped
2026-07-24 18:32:15,147 [INFO] [MainThread] [root/bar_manager.py:111]: Stopping HotkeyListener...
2026-07-24 18:32:15,154 [INFO] [MainThread] [root/bar_manager.py:119]: Stopping SystemEventListener...
2026-07-24 18:32:15,206 [INFO] [MainThread] [root/bar_manager.py:119]: Stopping KomorebiEventListener...
2026-07-24 18:32:15,207 [INFO] [MainThread] [root/bar_manager.py:119]: Stopping WindowsNotificationEventListener...
2026-07-24 18:32:15,605 [INFO] [MainThread] [root/log.py:104]: YASB v2.0.5
2026-07-24 18:32:15,605 [INFO] [CLIPipeServer] [cli_server/cli_server.py:216]: CLI server started v1.1.7
2026-07-24 18:32:15,606 [INFO] [MainThread] [cli_server/cli_server.py:106]: Log pipe server started
2026-07-24 18:32:16,218 [INFO] [MainThread] [root/api.py:62]: GitHubDataManager started...
2026-07-24 18:32:16,268 [INFO] [MainThread] [root/service.py:41]: AudioInputService starting...
2026-07-24 18:32:16,291 [INFO] [SystrayHook] [systray_hook/systray_hook.py:193]: Injecting into Explorer (PID: 8672)
2026-07-24 18:32:16,318 [INFO] [MainThread] [root/service.py:52]: AudioOutputService starting...
2026-07-24 18:32:16,576 [INFO] [MainThread] [root/bar_manager.py:229]: Starting HotkeyListener...
2026-07-24 18:32:16,576 [INFO] [MainThread] [root/bar_manager.py:103]: Starting WindowsNotificationEventListener...
2026-07-24 18:32:16,576 [INFO] [MainThread] [root/bar_manager.py:103]: Starting KomorebiEventListener...
2026-07-24 18:32:16,576 [INFO] [MainThread] [root/bar_manager.py:103]: Starting SystemEventListener...
2026-07-24 18:32:16,578 [INFO] [Dummy-13] [root/event_listener.py:54]: Created named pipe yasb-f0fefafd-874a-11f1-ab20-a029424ab658
2026-07-24 18:32:16,578 [INFO] [MainThread] [root/watcher.py:65]: Watching directory: c:\users\bensondc\.config\yasb
2026-07-24 18:32:16,578 [INFO] [MainThread] [root/watcher.py:104]: Created file watcher
2026-07-24 18:32:16,602 [INFO] [MainThread] [root/update_service.py:434]: Background update checker started
2026-07-24 18:32:16,697 [INFO] [Dummy-13] [root/event_listener.py:147]: Komorebi connected to named pipe: yasb-f0fefafd-874a-11f1-ab20-a029424ab658
2026-07-24 19:17:57,634 [INFO] [MainThread] [root/controller.py:21]: Reloading Bar from context menu...
2026-07-24 19:17:57,738 [INFO] [MainThread] [cli_server/cli_server.py:114]: Log pipe server stopped
2026-07-24 19:17:57,817 [INFO] [MainThread] [root/bar_manager.py:111]: Stopping HotkeyListener...
2026-07-24 19:17:57,823 [INFO] [MainThread] [root/bar_manager.py:119]: Stopping WindowsNotificationEventListener...
2026-07-24 19:17:57,833 [INFO] [MainThread] [root/bar_manager.py:119]: Stopping KomorebiEventListener...
2026-07-24 19:17:57,839 [INFO] [MainThread] [root/bar_manager.py:119]: Stopping SystemEventListener...
2026-07-24 19:17:58,294 [INFO] [MainThread] [root/log.py:104]: YASB v2.0.5
2026-07-24 19:17:58,295 [INFO] [CLIPipeServer] [cli_server/cli_server.py:216]: CLI server started v1.1.7
2026-07-24 19:17:58,295 [INFO] [MainThread] [cli_server/cli_server.py:106]: Log pipe server started
2026-07-24 19:17:59,256 [INFO] [MainThread] [root/api.py:62]: GitHubDataManager started...
2026-07-24 19:17:59,316 [INFO] [MainThread] [root/service.py:41]: AudioInputService starting...
2026-07-24 19:17:59,343 [INFO] [SystrayHook] [systray_hook/systray_hook.py:193]: Injecting into Explorer (PID: 8672)
2026-07-24 19:17:59,368 [INFO] [MainThread] [root/service.py:52]: AudioOutputService starting...
2026-07-24 19:17:59,667 [INFO] [MainThread] [root/bar_manager.py:229]: Starting HotkeyListener...
2026-07-24 19:17:59,667 [INFO] [MainThread] [root/bar_manager.py:103]: Starting WindowsNotificationEventListener...
2026-07-24 19:17:59,668 [INFO] [MainThread] [root/bar_manager.py:103]: Starting SystemEventListener...
2026-07-24 19:17:59,668 [INFO] [MainThread] [root/bar_manager.py:103]: Starting KomorebiEventListener...
2026-07-24 19:17:59,669 [INFO] [MainThread] [root/watcher.py:65]: Watching directory: c:\users\bensondc\.config\yasb
2026-07-24 19:17:59,670 [INFO] [MainThread] [root/watcher.py:104]: Created file watcher
2026-07-24 19:17:59,670 [INFO] [Dummy-14] [root/event_listener.py:54]: Created named pipe yasb-54018bd1-8751-11f1-afb6-a029424ab658
2026-07-24 19:17:59,714 [INFO] [MainThread] [root/update_service.py:434]: Background update checker started
2026-07-24 19:17:59,818 [INFO] [Dummy-14] [root/event_listener.py:147]: Komorebi connected to named pipe: yasb-54018bd1-8751-11f1-afb6-a029424ab658
2026-07-24 19:23:03,275 [INFO] [MainThread] [root/controller.py:21]: Reloading Bar from context menu...
2026-07-24 19:23:03,376 [INFO] [MainThread] [cli_server/cli_server.py:114]: Log pipe server stopped
2026-07-24 19:23:03,472 [INFO] [MainThread] [root/bar_manager.py:111]: Stopping HotkeyListener...
2026-07-24 19:23:03,479 [INFO] [MainThread] [root/bar_manager.py:119]: Stopping WindowsNotificationEventListener...
2026-07-24 19:23:03,485 [INFO] [MainThread] [root/bar_manager.py:119]: Stopping SystemEventListener...
2026-07-24 19:23:03,568 [INFO] [MainThread] [root/bar_manager.py:119]: Stopping KomorebiEventListener...
2026-07-24 19:23:03,939 [INFO] [MainThread] [root/log.py:104]: YASB v2.0.5
2026-07-24 19:23:03,940 [INFO] [CLIPipeServer] [cli_server/cli_server.py:216]: CLI server started v1.1.7
2026-07-24 19:23:03,940 [INFO] [MainThread] [cli_server/cli_server.py:106]: Log pipe server started
2026-07-24 19:23:04,717 [INFO] [MainThread] [root/api.py:62]: GitHubDataManager started...
2026-07-24 19:23:04,770 [INFO] [MainThread] [root/service.py:41]: AudioInputService starting...
2026-07-24 19:23:04,797 [INFO] [SystrayHook] [systray_hook/systray_hook.py:193]: Injecting into Explorer (PID: 8672)
2026-07-24 19:23:04,822 [INFO] [MainThread] [root/service.py:52]: AudioOutputService starting...
2026-07-24 19:23:05,163 [INFO] [MainThread] [root/bar_manager.py:229]: Starting HotkeyListener...
2026-07-24 19:23:05,163 [INFO] [MainThread] [root/bar_manager.py:103]: Starting WindowsNotificationEventListener...
2026-07-24 19:23:05,163 [INFO] [MainThread] [root/bar_manager.py:103]: Starting KomorebiEventListener...
2026-07-24 19:23:05,163 [INFO] [MainThread] [root/bar_manager.py:103]: Starting SystemEventListener...
2026-07-24 19:23:05,165 [INFO] [Dummy-13] [root/event_listener.py:54]: Created named pipe yasb-0a186ba8-8752-11f1-bc72-a029424ab658
2026-07-24 19:23:05,165 [INFO] [MainThread] [root/watcher.py:65]: Watching directory: c:\users\bensondc\.config\yasb
2026-07-24 19:23:05,165 [INFO] [MainThread] [root/watcher.py:104]: Created file watcher
2026-07-24 19:23:05,193 [INFO] [MainThread] [root/update_service.py:434]: Background update checker started
2026-07-24 19:23:05,276 [INFO] [Dummy-13] [root/event_listener.py:147]: Komorebi connected to named pipe: yasb-0a186ba8-8752-11f1-bc72-a029424ab658
2026-07-24 19:23:11,343 [INFO] [MainThread] [root/controller.py:21]: Reloading Bar from context menu...
2026-07-24 19:23:11,447 [INFO] [MainThread] [cli_server/cli_server.py:114]: Log pipe server stopped
2026-07-24 19:23:11,529 [INFO] [MainThread] [root/bar_manager.py:111]: Stopping HotkeyListener...
2026-07-24 19:23:11,536 [INFO] [MainThread] [root/bar_manager.py:119]: Stopping WindowsNotificationEventListener...
2026-07-24 19:23:11,542 [INFO] [MainThread] [root/bar_manager.py:119]: Stopping KomorebiEventListener...
2026-07-24 19:23:11,547 [INFO] [MainThread] [root/bar_manager.py:119]: Stopping SystemEventListener...
2026-07-24 19:23:11,996 [INFO] [MainThread] [root/log.py:104]: YASB v2.0.5
2026-07-24 19:23:11,997 [INFO] [CLIPipeServer] [cli_server/cli_server.py:216]: CLI server started v1.1.7
2026-07-24 19:23:11,997 [INFO] [MainThread] [cli_server/cli_server.py:106]: Log pipe server started
2026-07-24 19:23:12,680 [INFO] [MainThread] [root/api.py:62]: GitHubDataManager started...
2026-07-24 19:23:12,734 [INFO] [MainThread] [root/service.py:41]: AudioInputService starting...
2026-07-24 19:23:12,760 [INFO] [SystrayHook] [systray_hook/systray_hook.py:193]: Injecting into Explorer (PID: 8672)
2026-07-24 19:23:12,786 [INFO] [MainThread] [root/service.py:52]: AudioOutputService starting...
2026-07-24 19:23:13,081 [INFO] [MainThread] [root/bar_manager.py:229]: Starting HotkeyListener...
2026-07-24 19:23:13,082 [INFO] [MainThread] [root/bar_manager.py:103]: Starting SystemEventListener...
2026-07-24 19:23:13,082 [INFO] [MainThread] [root/bar_manager.py:103]: Starting KomorebiEventListener...
2026-07-24 19:23:13,082 [INFO] [MainThread] [root/bar_manager.py:103]: Starting WindowsNotificationEventListener...
2026-07-24 19:23:13,083 [INFO] [MainThread] [root/watcher.py:65]: Watching directory: c:\users\bensondc\.config\yasb
2026-07-24 19:23:13,084 [INFO] [MainThread] [root/watcher.py:104]: Created file watcher
2026-07-24 19:23:13,085 [INFO] [Dummy-14] [root/event_listener.py:54]: Created named pipe yasb-0ed0b5b2-8752-11f1-83b8-a029424ab658
2026-07-24 19:23:13,124 [INFO] [MainThread] [root/update_service.py:434]: Background update checker started
2026-07-24 19:23:13,238 [INFO] [Dummy-14] [root/event_listener.py:147]: Komorebi connected to named pipe: yasb-0ed0b5b2-8752-11f1-83b8-a029424ab658
Windows fatal exception: code 0x8001010d

Thread 0x000023c4 [asyncio_0] (most recent call first):
  File "C:\hostedtoolcache\windows\Python\3.14.6\x64\Lib\threading.py", line 373 in wait
  File "C:\hostedtoolcache\windows\Python\3.14.6\x64\Lib\threading.py", line 670 in wait
  File "C:\hostedtoolcache\windows\Python\3.14.6\x64\Lib\concurrent\futures\thread.py", line 73 in run
  File "C:\hostedtoolcache\windows\Python\3.14.6\x64\Lib\concurrent\futures\thread.py", line 86 in run
  File "C:\hostedtoolcache\windows\Python\3.14.6\x64\Lib\concurrent\futures\thread.py", line 119 in _worker
  File "C:\hostedtoolcache\windows\Python\3.14.6\x64\Lib\threading.py", line 1024 in run
  File "C:\hostedtoolcache\windows\Python\3.14.6\x64\Lib\threading.py", line 1082 in _bootstrap_inner
  File "C:\hostedtoolcache\windows\Python\3.14.6\x64\Lib\threading.py", line 1044 in _bootstrap

Thread 0x00004188 [WindowsNotificationEventListener] (most recent call first):
  File "C:\hostedtoolcache\windows\Python\3.14.6\x64\Lib\asyncio\windows_events.py", line 778 in _poll
  File "C:\hostedtoolcache\windows\Python\3.14.6\x64\Lib\asyncio\windows_events.py", line 446 in select
  File "C:\hostedtoolcache\windows\Python\3.14.6\x64\Lib\asyncio\base_events.py", line 2018 in _run_once
  File "C:\hostedtoolcache\windows\Python\3.14.6\x64\Lib\asyncio\base_events.py", line 677 in run_forever
  File "C:\hostedtoolcache\windows\Python\3.14.6\x64\Lib\asyncio\base_events.py", line 706 in run_until_complete
  File "D:\a\yasb\yasb\src\core\widgets\services\notifications\windows_notification.py", line 101 in run

Thread 0x00001d78 [KomorebiEventListener] (most recent call first):
  File "C:\hostedtoolcache\windows\Python\3.14.6\x64\Lib\threading.py", line 373 in wait
  File "C:\hostedtoolcache\windows\Python\3.14.6\x64\Lib\threading.py", line 670 in wait
  File "D:\a\yasb\yasb\src\core\widgets\services\komorebi\event_listener.py", line 75 in run

Thread 0x000019f4 [Thread-11] (most recent call first):
  File "C:\hostedtoolcache\windows\Python\3.14.6\x64\Lib\threading.py", line 369 in wait
  File "C:\hostedtoolcache\windows\Python\3.14.6\x64\Lib\queue.py", line 199 in get
  File "D:\a\yasb\yasb\venv\Lib\site-packages\watchdog\observers\api.py", line 379 in dispatch_events
  File "D:\a\yasb\yasb\venv\Lib\site-packages\watchdog\observers\api.py", line 213 in run
  File "C:\hostedtoolcache\windows\Python\3.14.6\x64\Lib\threading.py", line 1082 in _bootstrap_inner
  File "C:\hostedtoolcache\windows\Python\3.14.6\x64\Lib\threading.py", line 1044 in _bootstrap

Thread 0x000028a0 [SystemEventListener] (most recent call first):
  File "D:\a\yasb\yasb\src\core\utils\win32\event_listener.py", line 69 in run

Thread 0x000011b8 [HotkeyListener] (most recent call first):
  File "D:\a\yasb\yasb\src\core\utils\win32\hotkeys.py", line 252 in run

Thread 0x00004da0 [Thread-12] (most recent call first):
  File "D:\a\yasb\yasb\venv\Lib\site-packages\watchdog\observers\winapi.py", line 326 in read_directory_changes
  File "D:\a\yasb\yasb\venv\Lib\site-packages\watchdog\observers\winapi.py", line 380 in read_events
  File "D:\a\yasb\yasb\venv\Lib\site-packages\watchdog\observers\read_directory_changes.py", line 67 in _read_events
  File "D:\a\yasb\yasb\venv\Lib\site-packages\watchdog\observers\read_directory_changes.py", line 70 in queue_events
  File "D:\a\yasb\yasb\venv\Lib\site-packages\watchdog\observers\api.py", line 158 in run
  File "C:\hostedtoolcache\windows\Python\3.14.6\x64\Lib\threading.py", line 1082 in _bootstrap_inner
  File "C:\hostedtoolcache\windows\Python\3.14.6\x64\Lib\threading.py", line 1044 in _bootstrap

Thread 0x0000523c [MemoryWorker] (most recent call first):
  File "D:\a\yasb\yasb\src\core\widgets\services\memory\memory_api.py", line 244 in run

Thread 0x0000550c [CpuWorker] (most recent call first):
  File "D:\a\yasb\yasb\src\core\widgets\services\cpu\cpu_api.py", line 340 in run

Thread 0x000022d8 [SystrayHook] (most recent call first):
  File "D:\a\yasb\yasb\src\core\widgets\services\systray\systray_hook.py", line 247 in run
  File "D:\a\yasb\yasb\src\core\widgets\yasb\systray.py", line 79 in run

Thread 0x00001bf4 [Thread-6 (process_audio)] (most recent call first):
  File "D:\a\yasb\yasb\src\core\widgets\yasb\cava.py", line 586 in process_audio
  File "C:\hostedtoolcache\windows\Python\3.14.6\x64\Lib\threading.py", line 1024 in run
  File "C:\hostedtoolcache\windows\Python\3.14.6\x64\Lib\threading.py", line 1082 in _bootstrap_inner
  File "C:\hostedtoolcache\windows\Python\3.14.6\x64\Lib\threading.py", line 1044 in _bootstrap

Thread 0x00000d1c [QueryWorker] (most recent call first):
  File "D:\a\yasb\yasb\src\core\widgets\services\quick_launch\workers.py", line 61 in run

Thread 0x000032b4 [_EventWorker] (most recent call first):
  File "D:\a\yasb\yasb\venv\Lib\site-packages\qasync\_windows.py", line 147 in _poll
  File "D:\a\yasb\yasb\venv\Lib\site-packages\qasync\_windows.py", line 72 in select
  File "D:\a\yasb\yasb\venv\Lib\site-packages\qasync\_windows.py", line 199 in run

Thread 0x00004144 [LogPipeServer] (most recent call first):
  File "D:\a\yasb\yasb\src\core\utils\win32\bindings\kernel32.py", line 288 in ConnectNamedPipe
  File "D:\a\yasb\yasb\src\core\utils\cli_server.py", line 138 in _run_server
  File "C:\hostedtoolcache\windows\Python\3.14.6\x64\Lib\threading.py", line 1024 in run
  File "C:\hostedtoolcache\windows\Python\3.14.6\x64\Lib\threading.py", line 1082 in _bootstrap_inner
  File "C:\hostedtoolcache\windows\Python\3.14.6\x64\Lib\threading.py", line 1044 in _bootstrap

Thread 0x00003d88 [CLIPipeServer] (most recent call first):
  File "D:\a\yasb\yasb\src\core\utils\win32\bindings\kernel32.py", line 288 in ConnectNamedPipe
  File "D:\a\yasb\yasb\src\core\utils\cli_server.py", line 235 in _run_server
  File "C:\hostedtoolcache\windows\Python\3.14.6\x64\Lib\threading.py", line 1024 in run
  File "C:\hostedtoolcache\windows\Python\3.14.6\x64\Lib\threading.py", line 1082 in _bootstrap_inner
  File "C:\hostedtoolcache\windows\Python\3.14.6\x64\Lib\threading.py", line 1044 in _bootstrap

Current thread 0x000006cc (most recent call first):
  File "D:\a\yasb\yasb\venv\Lib\site-packages\qasync\__init__.py", line 404 in run_forever
  File "D:\a\yasb\yasb\venv\Lib\site-packages\qasync\__init__.py", line 428 in run_until_complete
  File "main.py", line 100 in main
  File "main.py", line 203 in <module>
  File "D:\a\yasb\yasb\venv\Lib\site-packages\freeze_core\initscripts\console.py", line 27 in run
  File "D:\a\yasb\yasb\venv\Lib\site-packages\freeze_core\initscripts\__startup__.py", line 137 in run

Current thread's C stack trace (most recent call first):
  <cannot get C stack on this system>
2026-07-24 19:30:33,304 [INFO] [MainThread] [root/controller.py:21]: Reloading Application because of config change.
2026-07-24 19:30:33,412 [INFO] [MainThread] [cli_server/cli_server.py:114]: Log pipe server stopped
2026-07-24 19:30:33,423 [INFO] [MainThread] [root/bar_manager.py:93]: Successfully loaded updated config and re-initialised all bars.
2026-07-24 19:30:33,487 [INFO] [MainThread] [root/bar_manager.py:111]: Stopping HotkeyListener...
2026-07-24 19:30:33,494 [INFO] [MainThread] [root/bar_manager.py:119]: Stopping SystemEventListener...
2026-07-24 19:30:33,513 [INFO] [MainThread] [root/bar_manager.py:119]: Stopping KomorebiEventListener...
2026-07-24 19:30:33,516 [INFO] [MainThread] [root/bar_manager.py:119]: Stopping WindowsNotificationEventListener...
2026-07-24 19:30:33,953 [INFO] [MainThread] [root/log.py:104]: YASB v2.0.5
2026-07-24 19:30:33,953 [INFO] [CLIPipeServer] [cli_server/cli_server.py:216]: CLI server started v1.1.7
2026-07-24 19:30:33,954 [INFO] [MainThread] [cli_server/cli_server.py:106]: Log pipe server started
2026-07-24 19:30:34,669 [INFO] [MainThread] [root/api.py:62]: GitHubDataManager started...
2026-07-24 19:30:34,730 [INFO] [MainThread] [root/service.py:41]: AudioInputService starting...
2026-07-24 19:30:34,756 [INFO] [SystrayHook] [systray_hook/systray_hook.py:193]: Injecting into Explorer (PID: 8672)
2026-07-24 19:30:34,784 [INFO] [MainThread] [root/service.py:52]: AudioOutputService starting...
2026-07-24 19:30:35,115 [INFO] [MainThread] [root/bar_manager.py:229]: Starting HotkeyListener...
2026-07-24 19:30:35,115 [INFO] [MainThread] [root/bar_manager.py:103]: Starting WindowsNotificationEventListener...
2026-07-24 19:30:35,115 [INFO] [MainThread] [root/bar_manager.py:103]: Starting SystemEventListener...
2026-07-24 19:30:35,116 [INFO] [MainThread] [root/bar_manager.py:103]: Starting KomorebiEventListener...
2026-07-24 19:30:35,117 [INFO] [MainThread] [root/watcher.py:65]: Watching directory: c:\users\bensondc\.config\yasb
2026-07-24 19:30:35,118 [INFO] [MainThread] [root/watcher.py:104]: Created file watcher
2026-07-24 19:30:35,118 [INFO] [Dummy-14] [root/event_listener.py:54]: Created named pipe yasb-1649b774-8753-11f1-9983-a029424ab658
2026-07-24 19:30:35,153 [INFO] [MainThread] [root/update_service.py:434]: Background update checker started
2026-07-24 19:30:35,237 [INFO] [Dummy-14] [root/event_listener.py:147]: Komorebi connected to named pipe: yasb-1649b774-8753-11f1-9983-a029424ab658
2026-07-24 19:30:43,961 [INFO] [MainThread] [root/controller.py:21]: Reloading Application because of config change.
2026-07-24 19:30:44,065 [INFO] [MainThread] [cli_server/cli_server.py:114]: Log pipe server stopped
2026-07-24 19:30:44,077 [INFO] [MainThread] [root/bar_manager.py:93]: Successfully loaded updated config and re-initialised all bars.
2026-07-24 19:30:44,122 [INFO] [MainThread] [root/bar_manager.py:111]: Stopping HotkeyListener...
2026-07-24 19:30:44,129 [INFO] [MainThread] [root/bar_manager.py:119]: Stopping WindowsNotificationEventListener...
2026-07-24 19:30:44,135 [INFO] [MainThread] [root/bar_manager.py:119]: Stopping SystemEventListener...
2026-07-24 19:30:44,143 [INFO] [MainThread] [root/bar_manager.py:119]: Stopping KomorebiEventListener...
2026-07-24 19:30:44,586 [INFO] [MainThread] [root/log.py:104]: YASB v2.0.5
2026-07-24 19:30:44,586 [INFO] [CLIPipeServer] [cli_server/cli_server.py:216]: CLI server started v1.1.7
2026-07-24 19:30:44,587 [INFO] [MainThread] [cli_server/cli_server.py:106]: Log pipe server started
2026-07-24 19:30:45,369 [INFO] [MainThread] [root/api.py:62]: GitHubDataManager started...
2026-07-24 19:30:45,426 [INFO] [MainThread] [root/service.py:41]: AudioInputService starting...
2026-07-24 19:30:45,454 [INFO] [SystrayHook] [systray_hook/systray_hook.py:193]: Injecting into Explorer (PID: 8672)
2026-07-24 19:30:45,479 [INFO] [MainThread] [root/service.py:52]: AudioOutputService starting...
2026-07-24 19:30:45,769 [INFO] [MainThread] [root/bar_manager.py:229]: Starting HotkeyListener...
2026-07-24 19:30:45,770 [INFO] [MainThread] [root/bar_manager.py:103]: Starting KomorebiEventListener...
2026-07-24 19:30:45,770 [INFO] [MainThread] [root/bar_manager.py:103]: Starting SystemEventListener...
2026-07-24 19:30:45,771 [INFO] [MainThread] [root/bar_manager.py:103]: Starting WindowsNotificationEventListener...
2026-07-24 19:30:45,771 [INFO] [Dummy-12] [root/event_listener.py:54]: Created named pipe yasb-1ca36457-8753-11f1-8534-a029424ab658
2026-07-24 19:30:45,778 [INFO] [MainThread] [root/watcher.py:65]: Watching directory: c:\users\bensondc\.config\yasb
2026-07-24 19:30:45,778 [INFO] [MainThread] [root/watcher.py:104]: Created file watcher
2026-07-24 19:30:45,802 [INFO] [MainThread] [root/update_service.py:434]: Background update checker started
2026-07-24 19:30:45,892 [INFO] [Dummy-12] [root/event_listener.py:147]: Komorebi connected to named pipe: yasb-1ca36457-8753-11f1-8534-a029424ab658
2026-07-24 19:31:52,514 [INFO] [MainThread] [root/controller.py:43]: Exiting Application...
2026-07-24 19:31:52,624 [INFO] [MainThread] [cli_server/cli_server.py:114]: Log pipe server stopped
2026-07-24 19:31:52,684 [INFO] [MainThread] [root/bar_manager.py:111]: Stopping HotkeyListener...
2026-07-24 19:31:52,689 [INFO] [MainThread] [root/bar_manager.py:119]: Stopping KomorebiEventListener...
2026-07-24 19:31:52,692 [INFO] [MainThread] [root/bar_manager.py:119]: Stopping SystemEventListener...
2026-07-24 19:31:52,695 [INFO] [MainThread] [root/bar_manager.py:119]: Stopping WindowsNotificationEventListener...
2026-07-24 21:53:08,221 [INFO] [MainThread] [root/log.py:104]: YASB v2.0.5
2026-07-24 21:53:08,222 [INFO] [CLIPipeServer] [cli_server/cli_server.py:216]: CLI server started v1.1.7
2026-07-24 21:53:08,222 [INFO] [MainThread] [cli_server/cli_server.py:106]: Log pipe server started
2026-07-24 21:53:09,128 [INFO] [MainThread] [root/api.py:62]: GitHubDataManager started...
2026-07-24 21:53:09,187 [INFO] [MainThread] [root/service.py:41]: AudioInputService starting...
2026-07-24 21:53:09,192 [INFO] [SystrayHook] [systray_hook/systray_hook.py:193]: Injecting into Explorer (PID: 10372)
2026-07-24 21:53:09,236 [INFO] [MainThread] [root/service.py:52]: AudioOutputService starting...
2026-07-24 21:53:09,427 [INFO] [MainThread] [root/bar_manager.py:229]: Starting HotkeyListener...
2026-07-24 21:53:09,427 [INFO] [MainThread] [root/bar_manager.py:103]: Starting WindowsNotificationEventListener...
2026-07-24 21:53:09,429 [INFO] [MainThread] [root/bar_manager.py:103]: Starting SystemEventListener...
2026-07-24 21:53:09,429 [INFO] [MainThread] [root/bar_manager.py:103]: Starting KomorebiEventListener...
2026-07-24 21:53:09,430 [INFO] [Dummy-12] [root/event_listener.py:54]: Created named pipe yasb-010e7389-8767-11f1-a7fc-a029424ab658
2026-07-24 21:53:09,434 [INFO] [MainThread] [root/watcher.py:65]: Watching directory: c:\users\bensondc\.config\yasb
2026-07-24 21:53:09,434 [INFO] [MainThread] [root/watcher.py:104]: Created file watcher
2026-07-24 21:53:09,457 [INFO] [MainThread] [root/update_service.py:434]: Background update checker started
2026-07-24 21:53:09,532 [WARNING] [Dummy-12] [root/event_listener.py:134]: Komorebi failed to subscribe named pipe. Komorebi is not running, please start Komorebi.
2026-07-24 21:55:27,000 [INFO] [Dummy-12] [root/event_listener.py:147]: Komorebi connected to named pipe: yasb-010e7389-8767-11f1-a7fc-a029424ab658
2026-07-24 23:02:32,314 [INFO] [MainThread] [root/controller.py:21]: Reloading Application because of config change.
2026-07-24 23:02:32,422 [INFO] [MainThread] [cli_server/cli_server.py:114]: Log pipe server stopped
2026-07-24 23:02:32,432 [INFO] [MainThread] [root/bar_manager.py:93]: Successfully loaded updated config and re-initialised all bars.
2026-07-24 23:02:32,477 [INFO] [MainThread] [root/bar_manager.py:111]: Stopping HotkeyListener...
2026-07-24 23:02:32,483 [INFO] [MainThread] [root/bar_manager.py:119]: Stopping WindowsNotificationEventListener...
2026-07-24 23:02:32,487 [INFO] [MainThread] [root/bar_manager.py:119]: Stopping SystemEventListener...
2026-07-24 23:02:32,490 [INFO] [MainThread] [root/bar_manager.py:119]: Stopping KomorebiEventListener...
2026-07-24 23:02:33,179 [INFO] [MainThread] [root/log.py:104]: YASB v2.0.5
2026-07-24 23:02:33,180 [INFO] [CLIPipeServer] [cli_server/cli_server.py:216]: CLI server started v1.1.7
2026-07-24 23:02:33,180 [INFO] [MainThread] [cli_server/cli_server.py:106]: Log pipe server started
2026-07-24 23:02:34,522 [INFO] [MainThread] [root/api.py:62]: GitHubDataManager started...
2026-07-24 23:02:34,542 [INFO] [SystrayHook] [systray_hook/systray_hook.py:193]: Injecting into Explorer (PID: 10372)
2026-07-24 23:02:34,631 [INFO] [MainThread] [root/service.py:41]: AudioInputService starting...
2026-07-24 23:02:34,759 [INFO] [MainThread] [root/service.py:52]: AudioOutputService starting...
2026-07-24 23:02:35,041 [INFO] [MainThread] [root/bar_manager.py:229]: Starting HotkeyListener...
2026-07-24 23:02:35,041 [INFO] [MainThread] [root/bar_manager.py:103]: Starting SystemEventListener...
2026-07-24 23:02:35,041 [INFO] [MainThread] [root/bar_manager.py:103]: Starting KomorebiEventListener...
2026-07-24 23:02:35,041 [INFO] [MainThread] [root/bar_manager.py:103]: Starting WindowsNotificationEventListener...
2026-07-24 23:02:35,042 [INFO] [Dummy-12] [root/event_listener.py:54]: Created named pipe yasb-b3f448d6-8770-11f1-a6c1-a029424ab658
2026-07-24 23:02:35,043 [INFO] [MainThread] [root/watcher.py:65]: Watching directory: c:\users\bensondc\.config\yasb
2026-07-24 23:02:35,043 [INFO] [MainThread] [root/watcher.py:104]: Created file watcher
2026-07-24 23:02:35,061 [INFO] [MainThread] [root/update_service.py:434]: Background update checker started
2026-07-24 23:02:35,155 [INFO] [Dummy-12] [root/event_listener.py:147]: Komorebi connected to named pipe: yasb-b3f448d6-8770-11f1-a6c1-a029424ab658
2026-07-24 23:02:55,035 [INFO] [MainThread] [root/controller.py:21]: Reloading Application because of config change.
2026-07-24 23:02:55,138 [INFO] [MainThread] [cli_server/cli_server.py:114]: Log pipe server stopped
2026-07-24 23:02:55,147 [INFO] [MainThread] [root/bar_manager.py:93]: Successfully loaded updated config and re-initialised all bars.
2026-07-24 23:02:55,189 [INFO] [MainThread] [root/bar_manager.py:111]: Stopping HotkeyListener...
2026-07-24 23:02:55,194 [INFO] [MainThread] [root/bar_manager.py:119]: Stopping SystemEventListener...
2026-07-24 23:02:55,210 [INFO] [MainThread] [root/bar_manager.py:119]: Stopping KomorebiEventListener...
2026-07-24 23:02:55,212 [INFO] [MainThread] [root/bar_manager.py:119]: Stopping WindowsNotificationEventListener...
2026-07-24 23:02:55,640 [INFO] [MainThread] [root/log.py:104]: YASB v2.0.5
2026-07-24 23:02:55,641 [INFO] [CLIPipeServer] [cli_server/cli_server.py:216]: CLI server started v1.1.7
2026-07-24 23:02:55,641 [INFO] [MainThread] [cli_server/cli_server.py:106]: Log pipe server started
2026-07-24 23:02:56,299 [INFO] [MainThread] [root/api.py:62]: GitHubDataManager started...
2026-07-24 23:02:56,352 [INFO] [MainThread] [root/service.py:41]: AudioInputService starting...
2026-07-24 23:02:56,373 [INFO] [SystrayHook] [systray_hook/systray_hook.py:193]: Injecting into Explorer (PID: 10372)
2026-07-24 23:02:56,407 [INFO] [MainThread] [root/service.py:52]: AudioOutputService starting...
2026-07-24 23:02:56,653 [INFO] [MainThread] [root/bar_manager.py:229]: Starting HotkeyListener...
2026-07-24 23:02:56,653 [INFO] [MainThread] [root/bar_manager.py:103]: Starting WindowsNotificationEventListener...
2026-07-24 23:02:56,655 [INFO] [MainThread] [root/bar_manager.py:103]: Starting KomorebiEventListener...
2026-07-24 23:02:56,655 [INFO] [MainThread] [root/bar_manager.py:103]: Starting SystemEventListener...
2026-07-24 23:02:56,656 [INFO] [Dummy-13] [root/event_listener.py:54]: Created named pipe yasb-c0d64b66-8770-11f1-a2c1-a029424ab658
2026-07-24 23:02:56,657 [INFO] [MainThread] [root/watcher.py:65]: Watching directory: c:\users\bensondc\.config\yasb
2026-07-24 23:02:56,657 [INFO] [MainThread] [root/watcher.py:104]: Created file watcher
2026-07-24 23:02:56,683 [INFO] [MainThread] [root/update_service.py:434]: Background update checker started
2026-07-24 23:02:56,764 [INFO] [Dummy-13] [root/event_listener.py:147]: Komorebi connected to named pipe: yasb-c0d64b66-8770-11f1-a2c1-a029424ab658
2026-07-24 23:05:33,735 [INFO] [MainThread] [root/controller.py:21]: Reloading Application because of config change.
2026-07-24 23:05:33,848 [INFO] [MainThread] [cli_server/cli_server.py:114]: Log pipe server stopped
2026-07-24 23:05:33,858 [INFO] [MainThread] [root/bar_manager.py:93]: Successfully loaded updated config and re-initialised all bars.
2026-07-24 23:05:33,902 [INFO] [MainThread] [root/bar_manager.py:111]: Stopping HotkeyListener...
2026-07-24 23:05:33,906 [INFO] [MainThread] [root/bar_manager.py:119]: Stopping WindowsNotificationEventListener...
2026-07-24 23:05:33,911 [INFO] [MainThread] [root/bar_manager.py:119]: Stopping KomorebiEventListener...
2026-07-24 23:05:33,913 [INFO] [MainThread] [root/bar_manager.py:119]: Stopping SystemEventListener...
2026-07-24 23:05:34,362 [INFO] [MainThread] [root/log.py:104]: YASB v2.0.5
2026-07-24 23:05:34,362 [INFO] [CLIPipeServer] [cli_server/cli_server.py:216]: CLI server started v1.1.7
2026-07-24 23:05:34,362 [INFO] [MainThread] [cli_server/cli_server.py:106]: Log pipe server started
2026-07-24 23:05:35,172 [INFO] [MainThread] [root/api.py:62]: GitHubDataManager started...
2026-07-24 23:05:35,221 [INFO] [MainThread] [root/service.py:41]: AudioInputService starting...
2026-07-24 23:05:35,243 [INFO] [SystrayHook] [systray_hook/systray_hook.py:193]: Injecting into Explorer (PID: 10372)
2026-07-24 23:05:35,283 [INFO] [MainThread] [root/service.py:52]: AudioOutputService starting...
2026-07-24 23:05:35,513 [INFO] [MainThread] [root/bar_manager.py:229]: Starting HotkeyListener...
2026-07-24 23:05:35,513 [INFO] [MainThread] [root/bar_manager.py:103]: Starting SystemEventListener...
2026-07-24 23:05:35,514 [INFO] [MainThread] [root/bar_manager.py:103]: Starting KomorebiEventListener...
2026-07-24 23:05:35,514 [INFO] [MainThread] [root/bar_manager.py:103]: Starting WindowsNotificationEventListener...
2026-07-24 23:05:35,514 [INFO] [Dummy-13] [root/event_listener.py:54]: Created named pipe yasb-1f8646a2-8771-11f1-a7c3-a029424ab658
2026-07-24 23:05:35,516 [INFO] [MainThread] [root/watcher.py:65]: Watching directory: c:\users\bensondc\.config\yasb
2026-07-24 23:05:35,516 [INFO] [MainThread] [root/watcher.py:104]: Created file watcher
2026-07-24 23:05:35,533 [INFO] [MainThread] [root/update_service.py:434]: Background update checker started
2026-07-24 23:05:35,621 [INFO] [Dummy-13] [root/event_listener.py:147]: Komorebi connected to named pipe: yasb-1f8646a2-8771-11f1-a7c3-a029424ab658
2026-07-24 23:18:41,196 [INFO] [MainThread] [root/controller.py:21]: Reloading Bar from context menu...
2026-07-24 23:18:41,299 [INFO] [MainThread] [cli_server/cli_server.py:114]: Log pipe server stopped
2026-07-24 23:18:41,383 [INFO] [MainThread] [root/bar_manager.py:111]: Stopping HotkeyListener...
2026-07-24 23:18:41,389 [INFO] [MainThread] [root/bar_manager.py:119]: Stopping SystemEventListener...
2026-07-24 23:18:41,395 [INFO] [MainThread] [root/bar_manager.py:119]: Stopping KomorebiEventListener...
2026-07-24 23:18:41,399 [INFO] [MainThread] [root/bar_manager.py:119]: Stopping WindowsNotificationEventListener...
2026-07-24 23:18:41,854 [INFO] [MainThread] [root/log.py:104]: YASB v2.0.5
2026-07-24 23:18:41,855 [INFO] [CLIPipeServer] [cli_server/cli_server.py:216]: CLI server started v1.1.7
2026-07-24 23:18:41,855 [INFO] [MainThread] [cli_server/cli_server.py:106]: Log pipe server started
2026-07-24 23:18:42,554 [INFO] [MainThread] [root/api.py:62]: GitHubDataManager started...
2026-07-24 23:18:42,604 [INFO] [MainThread] [root/service.py:41]: AudioInputService starting...
2026-07-24 23:18:42,623 [INFO] [SystrayHook] [systray_hook/systray_hook.py:193]: Injecting into Explorer (PID: 10372)
2026-07-24 23:18:42,663 [INFO] [MainThread] [root/service.py:52]: AudioOutputService starting...
2026-07-24 23:18:42,920 [INFO] [MainThread] [root/bar_manager.py:229]: Starting HotkeyListener...
2026-07-24 23:18:42,920 [INFO] [MainThread] [root/bar_manager.py:103]: Starting WindowsNotificationEventListener...
2026-07-24 23:18:42,925 [INFO] [MainThread] [root/bar_manager.py:103]: Starting SystemEventListener...
2026-07-24 23:18:42,925 [INFO] [MainThread] [root/bar_manager.py:103]: Starting KomorebiEventListener...
2026-07-24 23:18:42,927 [INFO] [MainThread] [root/watcher.py:65]: Watching directory: c:\users\bensondc\.config\yasb
2026-07-24 23:18:42,927 [INFO] [MainThread] [root/watcher.py:104]: Created file watcher
2026-07-24 23:18:42,928 [INFO] [Dummy-15] [root/event_listener.py:54]: Created named pipe yasb-f4dbc280-8772-11f1-9eaf-a029424ab658
2026-07-24 23:18:42,945 [INFO] [MainThread] [root/update_service.py:434]: Background update checker started
2026-07-24 23:18:43,052 [INFO] [Dummy-15] [root/event_listener.py:147]: Komorebi connected to named pipe: yasb-f4dbc280-8772-11f1-9eaf-a029424ab658
2026-07-24 23:19:29,637 [INFO] [MainThread] [root/controller.py:21]: Reloading Bar from context menu...
2026-07-24 23:19:29,745 [INFO] [MainThread] [cli_server/cli_server.py:114]: Log pipe server stopped
2026-07-24 23:19:29,802 [INFO] [MainThread] [root/bar_manager.py:111]: Stopping HotkeyListener...
2026-07-24 23:19:29,807 [INFO] [MainThread] [root/bar_manager.py:119]: Stopping WindowsNotificationEventListener...
2026-07-24 23:19:29,812 [INFO] [MainThread] [root/bar_manager.py:119]: Stopping SystemEventListener...
2026-07-24 23:19:29,860 [INFO] [MainThread] [root/bar_manager.py:119]: Stopping KomorebiEventListener...
2026-07-24 23:19:30,277 [INFO] [MainThread] [root/log.py:104]: YASB v2.0.5
2026-07-24 23:19:30,278 [INFO] [CLIPipeServer] [cli_server/cli_server.py:216]: CLI server started v1.1.7
2026-07-24 23:19:30,278 [INFO] [MainThread] [cli_server/cli_server.py:106]: Log pipe server started
2026-07-24 23:19:30,979 [INFO] [MainThread] [root/api.py:62]: GitHubDataManager started...
2026-07-24 23:19:31,027 [INFO] [MainThread] [root/service.py:41]: AudioInputService starting...
2026-07-24 23:19:31,049 [INFO] [SystrayHook] [systray_hook/systray_hook.py:193]: Injecting into Explorer (PID: 10372)
2026-07-24 23:19:31,087 [INFO] [MainThread] [root/service.py:52]: AudioOutputService starting...
2026-07-24 23:19:31,348 [INFO] [MainThread] [root/bar_manager.py:229]: Starting HotkeyListener...
2026-07-24 23:19:31,348 [INFO] [MainThread] [root/bar_manager.py:103]: Starting KomorebiEventListener...
2026-07-24 23:19:31,348 [INFO] [MainThread] [root/bar_manager.py:103]: Starting SystemEventListener...
2026-07-24 23:19:31,348 [INFO] [MainThread] [root/bar_manager.py:103]: Starting WindowsNotificationEventListener...
2026-07-24 23:19:31,353 [INFO] [Dummy-13] [root/event_listener.py:54]: Created named pipe yasb-11b86fb6-8773-11f1-9bcc-a029424ab658
2026-07-24 23:19:31,353 [INFO] [MainThread] [root/watcher.py:65]: Watching directory: c:\users\bensondc\.config\yasb
2026-07-24 23:19:31,353 [INFO] [MainThread] [root/watcher.py:104]: Created file watcher
2026-07-24 23:19:31,372 [INFO] [MainThread] [root/update_service.py:434]: Background update checker started
2026-07-24 23:19:31,456 [INFO] [Dummy-13] [root/event_listener.py:147]: Komorebi connected to named pipe: yasb-11b86fb6-8773-11f1-9bcc-a029424ab658
2026-07-24 23:21:02,991 [INFO] [MainThread] [root/controller.py:21]: Reloading Application because of config change.
2026-07-24 23:21:03,102 [INFO] [MainThread] [cli_server/cli_server.py:114]: Log pipe server stopped
2026-07-24 23:21:03,112 [INFO] [MainThread] [root/bar_manager.py:93]: Successfully loaded updated config and re-initialised all bars.
2026-07-24 23:21:03,160 [INFO] [MainThread] [root/bar_manager.py:111]: Stopping HotkeyListener...
2026-07-24 23:21:03,172 [INFO] [MainThread] [root/bar_manager.py:119]: Stopping KomorebiEventListener...
2026-07-24 23:21:03,177 [INFO] [MainThread] [root/bar_manager.py:119]: Stopping SystemEventListener...
2026-07-24 23:21:03,180 [INFO] [MainThread] [root/bar_manager.py:119]: Stopping WindowsNotificationEventListener...
2026-07-24 23:21:03,616 [INFO] [MainThread] [root/log.py:104]: YASB v2.0.5
2026-07-24 23:21:03,617 [INFO] [CLIPipeServer] [cli_server/cli_server.py:216]: CLI server started v1.1.7
2026-07-24 23:21:03,617 [INFO] [MainThread] [cli_server/cli_server.py:106]: Log pipe server started
2026-07-24 23:21:04,339 [INFO] [MainThread] [root/api.py:62]: GitHubDataManager started...
2026-07-24 23:21:04,391 [INFO] [MainThread] [root/service.py:41]: AudioInputService starting...
2026-07-24 23:21:04,409 [INFO] [SystrayHook] [systray_hook/systray_hook.py:193]: Injecting into Explorer (PID: 10372)
2026-07-24 23:21:04,452 [INFO] [MainThread] [root/service.py:52]: AudioOutputService starting...
2026-07-24 23:21:04,708 [INFO] [MainThread] [root/bar_manager.py:229]: Starting HotkeyListener...
2026-07-24 23:21:04,708 [INFO] [MainThread] [root/bar_manager.py:103]: Starting WindowsNotificationEventListener...
2026-07-24 23:21:04,709 [INFO] [MainThread] [root/bar_manager.py:103]: Starting KomorebiEventListener...
2026-07-24 23:21:04,712 [INFO] [MainThread] [root/bar_manager.py:103]: Starting SystemEventListener...
2026-07-24 23:21:04,713 [INFO] [Dummy-12] [root/event_listener.py:54]: Created named pipe yasb-495e278e-8773-11f1-b9a7-a029424ab658
2026-07-24 23:21:04,715 [INFO] [MainThread] [root/watcher.py:65]: Watching directory: c:\users\bensondc\.config\yasb
2026-07-24 23:21:04,716 [INFO] [MainThread] [root/watcher.py:104]: Created file watcher
2026-07-24 23:21:04,735 [INFO] [MainThread] [root/update_service.py:434]: Background update checker started
2026-07-24 23:21:04,817 [INFO] [Dummy-12] [root/event_listener.py:147]: Komorebi connected to named pipe: yasb-495e278e-8773-11f1-b9a7-a029424ab658
2026-07-24 23:21:08,271 [INFO] [MainThread] [root/controller.py:21]: Reloading Application because of config change.
2026-07-24 23:21:08,373 [INFO] [MainThread] [cli_server/cli_server.py:114]: Log pipe server stopped
2026-07-24 23:21:08,381 [INFO] [MainThread] [root/bar_manager.py:93]: Successfully loaded updated config and re-initialised all bars.
2026-07-24 23:21:08,412 [INFO] [MainThread] [root/bar_manager.py:111]: Stopping HotkeyListener...
2026-07-24 23:21:08,417 [INFO] [MainThread] [root/bar_manager.py:119]: Stopping WindowsNotificationEventListener...
2026-07-24 23:21:08,423 [INFO] [MainThread] [root/bar_manager.py:119]: Stopping KomorebiEventListener...
2026-07-24 23:21:08,427 [INFO] [MainThread] [root/bar_manager.py:119]: Stopping SystemEventListener...
2026-07-24 23:21:08,868 [INFO] [MainThread] [root/log.py:104]: YASB v2.0.5
2026-07-24 23:21:08,869 [INFO] [CLIPipeServer] [cli_server/cli_server.py:216]: CLI server started v1.1.7
2026-07-24 23:21:08,869 [INFO] [MainThread] [cli_server/cli_server.py:106]: Log pipe server started
2026-07-24 23:21:09,534 [INFO] [MainThread] [root/api.py:62]: GitHubDataManager started...
2026-07-24 23:21:09,583 [INFO] [MainThread] [root/service.py:41]: AudioInputService starting...
2026-07-24 23:21:09,604 [INFO] [SystrayHook] [systray_hook/systray_hook.py:193]: Injecting into Explorer (PID: 10372)
2026-07-24 23:21:09,642 [INFO] [MainThread] [root/service.py:52]: AudioOutputService starting...
2026-07-24 23:21:09,901 [INFO] [MainThread] [root/bar_manager.py:229]: Starting HotkeyListener...
2026-07-24 23:21:09,901 [INFO] [MainThread] [root/bar_manager.py:103]: Starting SystemEventListener...
2026-07-24 23:21:09,902 [INFO] [MainThread] [root/bar_manager.py:103]: Starting WindowsNotificationEventListener...
2026-07-24 23:21:09,905 [INFO] [MainThread] [root/bar_manager.py:103]: Starting KomorebiEventListener...
2026-07-24 23:21:09,908 [INFO] [MainThread] [root/watcher.py:65]: Watching directory: c:\users\bensondc\.config\yasb
2026-07-24 23:21:09,908 [INFO] [MainThread] [root/watcher.py:104]: Created file watcher
2026-07-24 23:21:09,908 [INFO] [Dummy-16] [root/event_listener.py:54]: Created named pipe yasb-4c772902-8773-11f1-8b1a-a029424ab658
2026-07-24 23:21:09,930 [INFO] [MainThread] [root/update_service.py:434]: Background update checker started
2026-07-24 23:21:10,037 [INFO] [Dummy-16] [root/event_listener.py:147]: Komorebi connected to named pipe: yasb-4c772902-8773-11f1-8b1a-a029424ab658
2026-07-24 23:21:19,421 [INFO] [MainThread] [root/controller.py:21]: Reloading Application because of config change.
2026-07-24 23:21:19,525 [INFO] [MainThread] [cli_server/cli_server.py:114]: Log pipe server stopped
2026-07-24 23:21:19,534 [INFO] [MainThread] [root/bar_manager.py:93]: Successfully loaded updated config and re-initialised all bars.
2026-07-24 23:21:19,567 [INFO] [MainThread] [root/bar_manager.py:111]: Stopping HotkeyListener...
2026-07-24 23:21:19,577 [INFO] [MainThread] [root/bar_manager.py:119]: Stopping SystemEventListener...
2026-07-24 23:21:19,603 [INFO] [MainThread] [root/bar_manager.py:119]: Stopping WindowsNotificationEventListener...
2026-07-24 23:21:19,606 [INFO] [MainThread] [root/bar_manager.py:119]: Stopping KomorebiEventListener...
2026-07-24 23:21:20,033 [INFO] [MainThread] [root/log.py:104]: YASB v2.0.5
2026-07-24 23:21:20,034 [INFO] [CLIPipeServer] [cli_server/cli_server.py:216]: CLI server started v1.1.7
2026-07-24 23:21:20,034 [INFO] [MainThread] [cli_server/cli_server.py:106]: Log pipe server started
2026-07-24 23:21:20,737 [INFO] [MainThread] [root/api.py:62]: GitHubDataManager started...
2026-07-24 23:21:20,797 [INFO] [MainThread] [root/service.py:41]: AudioInputService starting...
2026-07-24 23:21:20,820 [INFO] [SystrayHook] [systray_hook/systray_hook.py:193]: Injecting into Explorer (PID: 10372)
2026-07-24 23:21:20,862 [INFO] [MainThread] [root/service.py:52]: AudioOutputService starting...
2026-07-24 23:21:21,115 [INFO] [MainThread] [root/bar_manager.py:229]: Starting HotkeyListener...
2026-07-24 23:21:21,115 [INFO] [MainThread] [root/bar_manager.py:103]: Starting WindowsNotificationEventListener...
2026-07-24 23:21:21,120 [INFO] [MainThread] [root/bar_manager.py:103]: Starting KomorebiEventListener...
2026-07-24 23:21:21,120 [INFO] [MainThread] [root/bar_manager.py:103]: Starting SystemEventListener...
2026-07-24 23:21:21,121 [INFO] [MainThread] [root/watcher.py:65]: Watching directory: c:\users\bensondc\.config\yasb
2026-07-24 23:21:21,121 [INFO] [MainThread] [root/watcher.py:104]: Created file watcher
2026-07-24 23:21:21,122 [INFO] [Dummy-15] [root/event_listener.py:54]: Created named pipe yasb-53264f01-8773-11f1-bd0b-a029424ab658
2026-07-24 23:21:21,140 [INFO] [MainThread] [root/update_service.py:434]: Background update checker started
2026-07-24 23:21:21,245 [INFO] [Dummy-15] [root/event_listener.py:147]: Komorebi connected to named pipe: yasb-53264f01-8773-11f1-bd0b-a029424ab658
2026-07-24 23:26:19,442 [INFO] [MainThread] [root/controller.py:21]: Reloading Bar from context menu...
2026-07-24 23:26:19,546 [INFO] [MainThread] [cli_server/cli_server.py:114]: Log pipe server stopped
2026-07-24 23:26:19,599 [INFO] [MainThread] [root/bar_manager.py:111]: Stopping HotkeyListener...
2026-07-24 23:26:19,605 [INFO] [MainThread] [root/bar_manager.py:119]: Stopping WindowsNotificationEventListener...
2026-07-24 23:26:19,610 [INFO] [MainThread] [root/bar_manager.py:119]: Stopping KomorebiEventListener...
2026-07-24 23:26:19,613 [INFO] [MainThread] [root/bar_manager.py:119]: Stopping SystemEventListener...
2026-07-24 23:26:20,072 [INFO] [MainThread] [root/log.py:104]: YASB v2.0.5
2026-07-24 23:26:20,072 [INFO] [CLIPipeServer] [cli_server/cli_server.py:216]: CLI server started v1.1.7
2026-07-24 23:26:20,073 [INFO] [MainThread] [cli_server/cli_server.py:106]: Log pipe server started
2026-07-24 23:26:20,761 [INFO] [MainThread] [root/api.py:62]: GitHubDataManager started...
2026-07-24 23:26:20,809 [INFO] [MainThread] [root/service.py:41]: AudioInputService starting...
2026-07-24 23:26:20,828 [INFO] [SystrayHook] [systray_hook/systray_hook.py:193]: Injecting into Explorer (PID: 10372)
2026-07-24 23:26:20,870 [INFO] [MainThread] [root/service.py:52]: AudioOutputService starting...
2026-07-24 23:26:21,138 [INFO] [MainThread] [root/bar_manager.py:229]: Starting HotkeyListener...
2026-07-24 23:26:21,138 [INFO] [MainThread] [root/bar_manager.py:103]: Starting WindowsNotificationEventListener...
2026-07-24 23:26:21,142 [INFO] [MainThread] [root/bar_manager.py:103]: Starting KomorebiEventListener...
2026-07-24 23:26:21,143 [INFO] [MainThread] [root/bar_manager.py:103]: Starting SystemEventListener...
2026-07-24 23:26:21,144 [INFO] [Dummy-13] [root/event_listener.py:54]: Created named pipe yasb-05fa28ab-8774-11f1-b8da-a029424ab658
2026-07-24 23:26:21,145 [INFO] [MainThread] [root/watcher.py:65]: Watching directory: c:\users\bensondc\.config\yasb
2026-07-24 23:26:21,146 [INFO] [MainThread] [root/watcher.py:104]: Created file watcher
2026-07-24 23:26:21,173 [INFO] [MainThread] [root/update_service.py:434]: Background update checker started
2026-07-24 23:26:21,262 [INFO] [Dummy-13] [root/event_listener.py:147]: Komorebi connected to named pipe: yasb-05fa28ab-8774-11f1-b8da-a029424ab658
2026-07-24 23:30:54,129 [INFO] [MainThread] [root/controller.py:21]: Reloading Application because of config change.
2026-07-24 23:30:54,239 [INFO] [MainThread] [cli_server/cli_server.py:114]: Log pipe server stopped
2026-07-24 23:30:54,252 [INFO] [MainThread] [root/bar_manager.py:93]: Successfully loaded updated config and re-initialised all bars.
2026-07-24 23:30:54,297 [INFO] [MainThread] [root/bar_manager.py:111]: Stopping HotkeyListener...
2026-07-24 23:30:54,305 [INFO] [MainThread] [root/bar_manager.py:119]: Stopping WindowsNotificationEventListener...
2026-07-24 23:30:54,310 [INFO] [MainThread] [root/bar_manager.py:119]: Stopping KomorebiEventListener...
2026-07-24 23:30:54,315 [INFO] [MainThread] [root/bar_manager.py:119]: Stopping SystemEventListener...
2026-07-24 23:30:54,750 [INFO] [MainThread] [root/log.py:104]: YASB v2.0.5
2026-07-24 23:30:54,751 [INFO] [CLIPipeServer] [cli_server/cli_server.py:216]: CLI server started v1.1.7
2026-07-24 23:30:54,751 [INFO] [MainThread] [cli_server/cli_server.py:106]: Log pipe server started
2026-07-24 23:30:55,462 [INFO] [MainThread] [root/api.py:62]: GitHubDataManager started...
2026-07-24 23:30:55,517 [INFO] [MainThread] [root/service.py:41]: AudioInputService starting...
2026-07-24 23:30:55,535 [INFO] [SystrayHook] [systray_hook/systray_hook.py:193]: Injecting into Explorer (PID: 10372)
2026-07-24 23:30:55,580 [INFO] [MainThread] [root/service.py:52]: AudioOutputService starting...
2026-07-24 23:30:55,850 [INFO] [MainThread] [root/bar_manager.py:229]: Starting HotkeyListener...
2026-07-24 23:30:55,850 [INFO] [MainThread] [root/bar_manager.py:103]: Starting SystemEventListener...
2026-07-24 23:30:55,855 [INFO] [MainThread] [root/bar_manager.py:103]: Starting KomorebiEventListener...
2026-07-24 23:30:55,855 [INFO] [MainThread] [root/bar_manager.py:103]: Starting WindowsNotificationEventListener...
2026-07-24 23:30:55,856 [INFO] [MainThread] [root/watcher.py:65]: Watching directory: c:\users\bensondc\.config\yasb
2026-07-24 23:30:55,857 [INFO] [MainThread] [root/watcher.py:104]: Created file watcher
2026-07-24 23:30:55,856 [INFO] [Dummy-15] [root/event_listener.py:54]: Created named pipe yasb-a9b7ddb5-8774-11f1-ad2f-a029424ab658
2026-07-24 23:30:55,874 [INFO] [MainThread] [root/update_service.py:434]: Background update checker started
2026-07-24 23:30:55,974 [INFO] [Dummy-15] [root/event_listener.py:147]: Komorebi connected to named pipe: yasb-a9b7ddb5-8774-11f1-ad2f-a029424ab658
2026-07-24 23:31:09,042 [INFO] [MainThread] [root/controller.py:21]: Reloading Application because of config change.
2026-07-24 23:31:09,155 [INFO] [MainThread] [cli_server/cli_server.py:114]: Log pipe server stopped
2026-07-24 23:31:09,164 [INFO] [MainThread] [root/bar_manager.py:93]: Successfully loaded updated config and re-initialised all bars.
2026-07-24 23:31:09,212 [INFO] [MainThread] [root/bar_manager.py:111]: Stopping HotkeyListener...
2026-07-24 23:31:09,220 [INFO] [MainThread] [root/bar_manager.py:119]: Stopping SystemEventListener...
2026-07-24 23:31:09,229 [INFO] [MainThread] [root/bar_manager.py:119]: Stopping KomorebiEventListener...
2026-07-24 23:31:09,232 [INFO] [MainThread] [root/bar_manager.py:119]: Stopping WindowsNotificationEventListener...
2026-07-24 23:31:09,661 [INFO] [MainThread] [root/log.py:104]: YASB v2.0.5
2026-07-24 23:31:09,662 [INFO] [CLIPipeServer] [cli_server/cli_server.py:216]: CLI server started v1.1.7
2026-07-24 23:31:09,662 [INFO] [MainThread] [cli_server/cli_server.py:106]: Log pipe server started
2026-07-24 23:31:10,500 [INFO] [MainThread] [root/api.py:62]: GitHubDataManager started...
2026-07-24 23:31:10,547 [INFO] [MainThread] [root/service.py:41]: AudioInputService starting...
2026-07-24 23:31:10,569 [INFO] [SystrayHook] [systray_hook/systray_hook.py:193]: Injecting into Explorer (PID: 10372)
2026-07-24 23:31:10,611 [INFO] [MainThread] [root/service.py:52]: AudioOutputService starting...
2026-07-24 23:31:10,868 [INFO] [MainThread] [root/bar_manager.py:229]: Starting HotkeyListener...
2026-07-24 23:31:10,868 [INFO] [MainThread] [root/bar_manager.py:103]: Starting KomorebiEventListener...
2026-07-24 23:31:10,868 [INFO] [MainThread] [root/bar_manager.py:103]: Starting WindowsNotificationEventListener...
2026-07-24 23:31:10,869 [INFO] [MainThread] [root/bar_manager.py:103]: Starting SystemEventListener...
2026-07-24 23:31:10,870 [INFO] [MainThread] [root/watcher.py:65]: Watching directory: c:\users\bensondc\.config\yasb
2026-07-24 23:31:10,870 [INFO] [MainThread] [root/watcher.py:104]: Created file watcher
2026-07-24 23:31:10,871 [INFO] [Dummy-15] [root/event_listener.py:54]: Created named pipe yasb-b2aabcd4-8774-11f1-9493-a029424ab658
2026-07-24 23:31:10,889 [INFO] [MainThread] [root/update_service.py:434]: Background update checker started
2026-07-24 23:31:10,986 [INFO] [Dummy-15] [root/event_listener.py:147]: Komorebi connected to named pipe: yasb-b2aabcd4-8774-11f1-9493-a029424ab658
2026-07-24 23:31:23,343 [INFO] [MainThread] [root/controller.py:21]: Reloading Application because of config change.
2026-07-24 23:31:23,453 [INFO] [MainThread] [cli_server/cli_server.py:114]: Log pipe server stopped
2026-07-24 23:31:23,462 [INFO] [MainThread] [root/bar_manager.py:93]: Successfully loaded updated config and re-initialised all bars.
2026-07-24 23:31:23,513 [INFO] [MainThread] [root/bar_manager.py:111]: Stopping HotkeyListener...
2026-07-24 23:31:23,523 [INFO] [MainThread] [root/bar_manager.py:119]: Stopping KomorebiEventListener...
2026-07-24 23:31:23,529 [INFO] [MainThread] [root/bar_manager.py:119]: Stopping WindowsNotificationEventListener...
2026-07-24 23:31:23,534 [INFO] [MainThread] [root/bar_manager.py:119]: Stopping SystemEventListener...
2026-07-24 23:31:23,963 [INFO] [MainThread] [root/log.py:104]: YASB v2.0.5
2026-07-24 23:31:23,964 [INFO] [CLIPipeServer] [cli_server/cli_server.py:216]: CLI server started v1.1.7
2026-07-24 23:31:23,964 [INFO] [MainThread] [cli_server/cli_server.py:106]: Log pipe server started
2026-07-24 23:31:24,629 [INFO] [MainThread] [root/api.py:62]: GitHubDataManager started...
2026-07-24 23:31:24,682 [INFO] [MainThread] [root/service.py:41]: AudioInputService starting...
2026-07-24 23:31:24,703 [INFO] [SystrayHook] [systray_hook/systray_hook.py:193]: Injecting into Explorer (PID: 10372)
2026-07-24 23:31:24,746 [INFO] [MainThread] [root/service.py:52]: AudioOutputService starting...
2026-07-24 23:31:25,018 [INFO] [MainThread] [root/bar_manager.py:229]: Starting HotkeyListener...
2026-07-24 23:31:25,018 [INFO] [MainThread] [root/bar_manager.py:103]: Starting KomorebiEventListener...
2026-07-24 23:31:25,022 [INFO] [MainThread] [root/bar_manager.py:103]: Starting SystemEventListener...
2026-07-24 23:31:25,022 [INFO] [MainThread] [root/bar_manager.py:103]: Starting WindowsNotificationEventListener...
2026-07-24 23:31:25,024 [INFO] [Dummy-14] [root/event_listener.py:54]: Created named pipe yasb-bb1a74b0-8774-11f1-9158-a029424ab658
2026-07-24 23:31:25,024 [INFO] [MainThread] [root/watcher.py:65]: Watching directory: c:\users\bensondc\.config\yasb
2026-07-24 23:31:25,024 [INFO] [MainThread] [root/watcher.py:104]: Created file watcher
2026-07-24 23:31:25,049 [INFO] [MainThread] [root/update_service.py:434]: Background update checker started
2026-07-24 23:31:25,126 [INFO] [Dummy-14] [root/event_listener.py:147]: Komorebi connected to named pipe: yasb-bb1a74b0-8774-11f1-9158-a029424ab658
2026-07-24 23:31:56,918 [INFO] [MainThread] [root/controller.py:21]: Reloading Application because of config change.
2026-07-24 23:31:57,031 [INFO] [MainThread] [cli_server/cli_server.py:114]: Log pipe server stopped
2026-07-24 23:31:57,044 [INFO] [MainThread] [root/bar_manager.py:93]: Successfully loaded updated config and re-initialised all bars.
2026-07-24 23:31:57,084 [INFO] [MainThread] [root/bar_manager.py:111]: Stopping HotkeyListener...
2026-07-24 23:31:57,092 [INFO] [MainThread] [root/bar_manager.py:119]: Stopping KomorebiEventListener...
2026-07-24 23:31:57,097 [INFO] [MainThread] [root/bar_manager.py:119]: Stopping SystemEventListener...
2026-07-24 23:31:57,105 [INFO] [MainThread] [root/bar_manager.py:119]: Stopping WindowsNotificationEventListener...
2026-07-24 23:31:57,530 [INFO] [MainThread] [root/log.py:104]: YASB v2.0.5
2026-07-24 23:31:57,531 [INFO] [CLIPipeServer] [cli_server/cli_server.py:216]: CLI server started v1.1.7
2026-07-24 23:31:57,531 [INFO] [MainThread] [cli_server/cli_server.py:106]: Log pipe server started
2026-07-24 23:31:58,203 [INFO] [MainThread] [root/api.py:62]: GitHubDataManager started...
2026-07-24 23:31:58,253 [INFO] [MainThread] [root/service.py:41]: AudioInputService starting...
2026-07-24 23:31:58,275 [INFO] [SystrayHook] [systray_hook/systray_hook.py:193]: Injecting into Explorer (PID: 10372)
2026-07-24 23:31:58,314 [INFO] [MainThread] [root/service.py:52]: AudioOutputService starting...
2026-07-24 23:31:58,581 [INFO] [MainThread] [root/bar_manager.py:229]: Starting HotkeyListener...
2026-07-24 23:31:58,581 [INFO] [MainThread] [root/bar_manager.py:103]: Starting KomorebiEventListener...
2026-07-24 23:31:58,585 [INFO] [MainThread] [root/bar_manager.py:103]: Starting SystemEventListener...
2026-07-24 23:31:58,585 [INFO] [MainThread] [root/bar_manager.py:103]: Starting WindowsNotificationEventListener...
2026-07-24 23:31:58,587 [INFO] [MainThread] [root/watcher.py:65]: Watching directory: c:\users\bensondc\.config\yasb
2026-07-24 23:31:58,587 [INFO] [MainThread] [root/watcher.py:104]: Created file watcher
2026-07-24 23:31:58,587 [INFO] [Dummy-15] [root/event_listener.py:54]: Created named pipe yasb-cf1bba74-8774-11f1-af13-a029424ab658
2026-07-24 23:31:58,607 [INFO] [MainThread] [root/update_service.py:434]: Background update checker started
2026-07-24 23:31:58,704 [INFO] [Dummy-15] [root/event_listener.py:147]: Komorebi connected to named pipe: yasb-cf1bba74-8774-11f1-af13-a029424ab658
2026-07-24 23:32:06,617 [INFO] [MainThread] [root/controller.py:21]: Reloading Application because of config change.
2026-07-24 23:32:06,732 [INFO] [MainThread] [cli_server/cli_server.py:114]: Log pipe server stopped
2026-07-24 23:32:06,741 [INFO] [MainThread] [root/bar_manager.py:93]: Successfully loaded updated config and re-initialised all bars.
2026-07-24 23:32:06,806 [INFO] [MainThread] [root/bar_manager.py:111]: Stopping HotkeyListener...
2026-07-24 23:32:06,812 [INFO] [MainThread] [root/bar_manager.py:119]: Stopping KomorebiEventListener...
2026-07-24 23:32:06,816 [INFO] [MainThread] [root/bar_manager.py:119]: Stopping SystemEventListener...
2026-07-24 23:32:06,820 [INFO] [MainThread] [root/bar_manager.py:119]: Stopping WindowsNotificationEventListener...
2026-07-24 23:32:07,250 [INFO] [MainThread] [root/log.py:104]: YASB v2.0.5
2026-07-24 23:32:07,251 [INFO] [CLIPipeServer] [cli_server/cli_server.py:216]: CLI server started v1.1.7
2026-07-24 23:32:07,251 [INFO] [MainThread] [cli_server/cli_server.py:106]: Log pipe server started
2026-07-24 23:32:07,934 [INFO] [MainThread] [root/api.py:62]: GitHubDataManager started...
2026-07-24 23:32:07,985 [INFO] [MainThread] [root/service.py:41]: AudioInputService starting...
2026-07-24 23:32:08,009 [INFO] [SystrayHook] [systray_hook/systray_hook.py:193]: Injecting into Explorer (PID: 10372)
2026-07-24 23:32:08,050 [INFO] [MainThread] [root/service.py:52]: AudioOutputService starting...
2026-07-24 23:32:08,314 [INFO] [MainThread] [root/bar_manager.py:229]: Starting HotkeyListener...
2026-07-24 23:32:08,315 [INFO] [MainThread] [root/bar_manager.py:103]: Starting WindowsNotificationEventListener...
2026-07-24 23:32:08,315 [INFO] [MainThread] [root/bar_manager.py:103]: Starting KomorebiEventListener...
2026-07-24 23:32:08,315 [INFO] [MainThread] [root/bar_manager.py:103]: Starting SystemEventListener...
2026-07-24 23:32:08,317 [INFO] [Dummy-14] [root/event_listener.py:54]: Created named pipe yasb-d4e86a07-8774-11f1-8d28-a029424ab658
2026-07-24 23:32:08,317 [INFO] [MainThread] [root/watcher.py:65]: Watching directory: c:\users\bensondc\.config\yasb
2026-07-24 23:32:08,317 [INFO] [MainThread] [root/watcher.py:104]: Created file watcher
2026-07-24 23:32:08,335 [INFO] [MainThread] [root/update_service.py:434]: Background update checker started
2026-07-24 23:32:08,416 [INFO] [Dummy-14] [root/event_listener.py:147]: Komorebi connected to named pipe: yasb-d4e86a07-8774-11f1-8d28-a029424ab658
2026-07-24 23:34:06,620 [INFO] [MainThread] [root/controller.py:21]: Reloading Bar from context menu...
2026-07-24 23:34:06,722 [INFO] [MainThread] [cli_server/cli_server.py:114]: Log pipe server stopped
2026-07-24 23:34:06,797 [INFO] [MainThread] [root/bar_manager.py:111]: Stopping HotkeyListener...
2026-07-24 23:34:06,802 [INFO] [MainThread] [root/bar_manager.py:119]: Stopping WindowsNotificationEventListener...
2026-07-24 23:34:06,805 [INFO] [MainThread] [root/bar_manager.py:119]: Stopping KomorebiEventListener...
2026-07-24 23:34:06,809 [INFO] [MainThread] [root/bar_manager.py:119]: Stopping SystemEventListener...
2026-07-24 23:34:07,251 [INFO] [MainThread] [root/log.py:104]: YASB v2.0.5
2026-07-24 23:34:07,252 [INFO] [CLIPipeServer] [cli_server/cli_server.py:216]: CLI server started v1.1.7
2026-07-24 23:34:07,252 [INFO] [MainThread] [cli_server/cli_server.py:106]: Log pipe server started
2026-07-24 23:34:08,103 [INFO] [MainThread] [root/api.py:62]: GitHubDataManager started...
2026-07-24 23:34:08,151 [INFO] [MainThread] [root/service.py:41]: AudioInputService starting...
2026-07-24 23:34:08,173 [INFO] [SystrayHook] [systray_hook/systray_hook.py:193]: Injecting into Explorer (PID: 10372)
2026-07-24 23:34:08,214 [INFO] [MainThread] [root/service.py:52]: AudioOutputService starting...
2026-07-24 23:34:08,505 [INFO] [MainThread] [root/bar_manager.py:229]: Starting HotkeyListener...
2026-07-24 23:34:08,505 [INFO] [MainThread] [root/bar_manager.py:103]: Starting WindowsNotificationEventListener...
2026-07-24 23:34:08,506 [INFO] [MainThread] [root/bar_manager.py:103]: Starting KomorebiEventListener...
2026-07-24 23:34:08,506 [INFO] [MainThread] [root/bar_manager.py:103]: Starting SystemEventListener...
2026-07-24 23:34:08,508 [INFO] [MainThread] [root/watcher.py:65]: Watching directory: c:\users\bensondc\.config\yasb
2026-07-24 23:34:08,508 [INFO] [MainThread] [root/watcher.py:104]: Created file watcher
2026-07-24 23:34:08,508 [INFO] [Dummy-15] [root/event_listener.py:54]: Created named pipe yasb-1c8c12e9-8775-11f1-b463-a029424ab658
2026-07-24 23:34:08,523 [INFO] [MainThread] [root/update_service.py:434]: Background update checker started
2026-07-24 23:34:08,623 [INFO] [Dummy-15] [root/event_listener.py:147]: Komorebi connected to named pipe: yasb-1c8c12e9-8775-11f1-b463-a029424ab658
2026-07-24 23:35:19,293 [INFO] [MainThread] [root/controller.py:21]: Reloading Application because of config change.
2026-07-24 23:35:19,397 [INFO] [MainThread] [cli_server/cli_server.py:114]: Log pipe server stopped
2026-07-24 23:35:19,408 [INFO] [MainThread] [root/bar_manager.py:93]: Successfully loaded updated config and re-initialised all bars.
2026-07-24 23:35:20,319 [INFO] [MainThread] [root/bar_manager.py:111]: Stopping HotkeyListener...
2026-07-24 23:35:20,334 [INFO] [MainThread] [root/bar_manager.py:119]: Stopping WindowsNotificationEventListener...
2026-07-24 23:35:20,347 [INFO] [MainThread] [root/bar_manager.py:119]: Stopping KomorebiEventListener...
2026-07-24 23:35:20,358 [INFO] [MainThread] [root/bar_manager.py:119]: Stopping SystemEventListener...
2026-07-24 23:35:21,141 [INFO] [MainThread] [root/log.py:104]: YASB v2.0.5
2026-07-24 23:35:21,142 [INFO] [CLIPipeServer] [cli_server/cli_server.py:216]: CLI server started v1.1.7
2026-07-24 23:35:21,143 [INFO] [MainThread] [cli_server/cli_server.py:106]: Log pipe server started
2026-07-24 23:35:22,254 [INFO] [MainThread] [root/api.py:62]: GitHubDataManager started...
2026-07-24 23:35:22,384 [INFO] [MainThread] [root/service.py:41]: AudioInputService starting...
2026-07-24 23:35:22,449 [INFO] [SystrayHook] [systray_hook/systray_hook.py:193]: Injecting into Explorer (PID: 10372)
2026-07-24 23:35:22,589 [INFO] [MainThread] [root/service.py:52]: AudioOutputService starting...
2026-07-24 23:35:23,255 [INFO] [MainThread] [root/bar_manager.py:229]: Starting HotkeyListener...
2026-07-24 23:35:23,255 [INFO] [MainThread] [root/bar_manager.py:103]: Starting WindowsNotificationEventListener...
2026-07-24 23:35:23,256 [INFO] [MainThread] [root/bar_manager.py:103]: Starting KomorebiEventListener...
2026-07-24 23:35:23,257 [INFO] [MainThread] [root/bar_manager.py:103]: Starting SystemEventListener...
2026-07-24 23:35:23,258 [INFO] [Dummy-13] [root/event_listener.py:54]: Created named pipe yasb-491a2a7f-8775-11f1-a36d-a029424ab658
2026-07-24 23:35:23,262 [INFO] [MainThread] [root/watcher.py:65]: Watching directory: c:\users\bensondc\.config\yasb
2026-07-24 23:35:23,263 [INFO] [MainThread] [root/watcher.py:104]: Created file watcher
2026-07-24 23:35:23,292 [INFO] [MainThread] [root/update_service.py:434]: Background update checker started
2026-07-24 23:35:23,437 [INFO] [Dummy-13] [root/event_listener.py:147]: Komorebi connected to named pipe: yasb-491a2a7f-8775-11f1-a36d-a029424ab658
2026-07-24 23:35:32,053 [INFO] [MainThread] [root/controller.py:21]: Reloading Application because of config change.
2026-07-24 23:35:32,162 [INFO] [MainThread] [cli_server/cli_server.py:114]: Log pipe server stopped
2026-07-24 23:35:32,176 [INFO] [MainThread] [root/bar_manager.py:93]: Successfully loaded updated config and re-initialised all bars.
2026-07-24 23:35:32,279 [INFO] [MainThread] [root/bar_manager.py:111]: Stopping HotkeyListener...
2026-07-24 23:35:32,299 [INFO] [MainThread] [root/bar_manager.py:119]: Stopping WindowsNotificationEventListener...
2026-07-24 23:35:32,310 [INFO] [MainThread] [root/bar_manager.py:119]: Stopping KomorebiEventListener...
2026-07-24 23:35:32,322 [INFO] [MainThread] [root/bar_manager.py:119]: Stopping SystemEventListener...
2026-07-24 23:35:33,009 [INFO] [MainThread] [root/log.py:104]: YASB v2.0.5
2026-07-24 23:35:33,010 [INFO] [CLIPipeServer] [cli_server/cli_server.py:216]: CLI server started v1.1.7
2026-07-24 23:35:33,010 [INFO] [MainThread] [cli_server/cli_server.py:106]: Log pipe server started
2026-07-24 23:35:34,212 [INFO] [MainThread] [root/api.py:62]: GitHubDataManager started...
2026-07-24 23:35:34,294 [INFO] [MainThread] [root/service.py:41]: AudioInputService starting...
2026-07-24 23:35:34,329 [INFO] [SystrayHook] [systray_hook/systray_hook.py:193]: Injecting into Explorer (PID: 10372)
2026-07-24 23:35:34,396 [INFO] [MainThread] [root/service.py:52]: AudioOutputService starting...
2026-07-24 23:35:35,009 [INFO] [MainThread] [root/bar_manager.py:229]: Starting HotkeyListener...
2026-07-24 23:35:35,009 [INFO] [MainThread] [root/bar_manager.py:103]: Starting KomorebiEventListener...
2026-07-24 23:35:35,010 [INFO] [MainThread] [root/bar_manager.py:103]: Starting SystemEventListener...
2026-07-24 23:35:35,010 [INFO] [MainThread] [root/bar_manager.py:103]: Starting WindowsNotificationEventListener...
2026-07-24 23:35:35,011 [INFO] [Dummy-13] [root/event_listener.py:54]: Created named pipe yasb-501b7c8b-8775-11f1-a3d1-a029424ab658
2026-07-24 23:35:35,015 [INFO] [MainThread] [root/watcher.py:65]: Watching directory: c:\users\bensondc\.config\yasb
2026-07-24 23:35:35,015 [INFO] [MainThread] [root/watcher.py:104]: Created file watcher
2026-07-24 23:35:35,047 [INFO] [MainThread] [root/update_service.py:434]: Background update checker started
2026-07-24 23:35:35,223 [INFO] [Dummy-13] [root/event_listener.py:147]: Komorebi connected to named pipe: yasb-501b7c8b-8775-11f1-a3d1-a029424ab658
2026-07-24 23:38:30,155 [INFO] [MainThread] [root/controller.py:21]: Reloading Application because of config change.
2026-07-24 23:38:30,271 [INFO] [MainThread] [cli_server/cli_server.py:114]: Log pipe server stopped
2026-07-24 23:38:30,284 [INFO] [MainThread] [root/bar_manager.py:93]: Successfully loaded updated config and re-initialised all bars.
2026-07-24 23:38:31,152 [INFO] [MainThread] [root/bar_manager.py:111]: Stopping HotkeyListener...
2026-07-24 23:38:31,176 [INFO] [MainThread] [root/bar_manager.py:119]: Stopping KomorebiEventListener...
2026-07-24 23:38:31,190 [INFO] [MainThread] [root/bar_manager.py:119]: Stopping SystemEventListener...
2026-07-24 23:38:31,269 [INFO] [MainThread] [root/bar_manager.py:119]: Stopping WindowsNotificationEventListener...
2026-07-24 23:38:31,966 [INFO] [MainThread] [root/log.py:104]: YASB v2.0.5
2026-07-24 23:38:31,967 [INFO] [CLIPipeServer] [cli_server/cli_server.py:216]: CLI server started v1.1.7
2026-07-24 23:38:31,968 [INFO] [MainThread] [cli_server/cli_server.py:106]: Log pipe server started
2026-07-24 23:38:32,944 [INFO] [MainThread] [root/api.py:62]: GitHubDataManager started...
2026-07-24 23:38:33,080 [INFO] [MainThread] [root/service.py:41]: AudioInputService starting...
2026-07-24 23:38:33,094 [INFO] [SystrayHook] [systray_hook/systray_hook.py:193]: Injecting into Explorer (PID: 10372)
2026-07-24 23:38:33,188 [INFO] [MainThread] [root/service.py:52]: AudioOutputService starting...
2026-07-24 23:38:33,900 [INFO] [MainThread] [root/bar_manager.py:229]: Starting HotkeyListener...
2026-07-24 23:38:33,901 [INFO] [MainThread] [root/bar_manager.py:103]: Starting KomorebiEventListener...
2026-07-24 23:38:33,901 [INFO] [MainThread] [root/bar_manager.py:103]: Starting SystemEventListener...
2026-07-24 23:38:33,901 [INFO] [MainThread] [root/bar_manager.py:103]: Starting WindowsNotificationEventListener...
2026-07-24 23:38:33,904 [INFO] [Dummy-13] [root/event_listener.py:54]: Created named pipe yasb-babc2eea-8775-11f1-a969-a029424ab658
2026-07-24 23:38:33,908 [INFO] [MainThread] [root/watcher.py:65]: Watching directory: c:\users\bensondc\.config\yasb
2026-07-24 23:38:33,908 [INFO] [MainThread] [root/watcher.py:104]: Created file watcher
2026-07-24 23:38:33,937 [INFO] [MainThread] [root/update_service.py:434]: Background update checker started
2026-07-24 23:38:34,096 [INFO] [Dummy-13] [root/event_listener.py:147]: Komorebi connected to named pipe: yasb-babc2eea-8775-11f1-a969-a029424ab658
2026-07-24 23:45:05,241 [INFO] [MainThread] [root/controller.py:21]: Reloading Application because of config change.
2026-07-24 23:45:05,341 [INFO] [MainThread] [cli_server/cli_server.py:114]: Log pipe server stopped
2026-07-24 23:45:05,352 [INFO] [MainThread] [root/bar_manager.py:93]: Successfully loaded updated config and re-initialised all bars.
2026-07-24 23:45:05,406 [INFO] [MainThread] [root/bar_manager.py:111]: Stopping HotkeyListener...
2026-07-24 23:45:05,414 [INFO] [MainThread] [root/bar_manager.py:119]: Stopping KomorebiEventListener...
2026-07-24 23:45:05,419 [INFO] [MainThread] [root/bar_manager.py:119]: Stopping SystemEventListener...
2026-07-24 23:45:05,430 [INFO] [MainThread] [root/bar_manager.py:119]: Stopping WindowsNotificationEventListener...
2026-07-24 23:45:05,839 [INFO] [MainThread] [root/log.py:104]: YASB v2.0.5
2026-07-24 23:45:05,840 [INFO] [CLIPipeServer] [cli_server/cli_server.py:216]: CLI server started v1.1.7
2026-07-24 23:45:05,840 [INFO] [MainThread] [cli_server/cli_server.py:106]: Log pipe server started
2026-07-24 23:45:06,585 [INFO] [MainThread] [root/api.py:62]: GitHubDataManager started...
2026-07-24 23:45:06,635 [INFO] [MainThread] [root/service.py:41]: AudioInputService starting...
2026-07-24 23:45:06,659 [INFO] [SystrayHook] [systray_hook/systray_hook.py:193]: Injecting into Explorer (PID: 10372)
2026-07-24 23:45:06,696 [INFO] [MainThread] [root/service.py:52]: AudioOutputService starting...
2026-07-24 23:45:06,989 [INFO] [MainThread] [root/bar_manager.py:229]: Starting HotkeyListener...
2026-07-24 23:45:06,989 [INFO] [MainThread] [root/bar_manager.py:103]: Starting WindowsNotificationEventListener...
2026-07-24 23:45:06,990 [INFO] [MainThread] [root/bar_manager.py:103]: Starting SystemEventListener...
2026-07-24 23:45:06,990 [INFO] [MainThread] [root/bar_manager.py:103]: Starting KomorebiEventListener...
2026-07-24 23:45:06,991 [INFO] [Dummy-14] [root/event_listener.py:54]: Created named pipe yasb-a508cd19-8776-11f1-b3a3-a029424ab658
2026-07-24 23:45:06,993 [INFO] [MainThread] [root/watcher.py:65]: Watching directory: c:\users\bensondc\.config\yasb
2026-07-24 23:45:06,993 [INFO] [MainThread] [root/watcher.py:104]: Created file watcher
2026-07-24 23:45:07,012 [INFO] [MainThread] [root/update_service.py:434]: Background update checker started
2026-07-24 23:45:07,096 [INFO] [Dummy-14] [root/event_listener.py:147]: Komorebi connected to named pipe: yasb-a508cd19-8776-11f1-b3a3-a029424ab658
2026-07-24 23:52:03,389 [INFO] [MainThread] [root/controller.py:21]: Reloading Application because of config change.
2026-07-24 23:52:03,494 [INFO] [MainThread] [cli_server/cli_server.py:114]: Log pipe server stopped
2026-07-24 23:52:03,504 [INFO] [MainThread] [root/bar_manager.py:93]: Successfully loaded updated config and re-initialised all bars.
2026-07-24 23:52:03,552 [INFO] [MainThread] [root/bar_manager.py:111]: Stopping HotkeyListener...
2026-07-24 23:52:03,560 [INFO] [MainThread] [root/bar_manager.py:119]: Stopping WindowsNotificationEventListener...
2026-07-24 23:52:03,566 [INFO] [MainThread] [root/bar_manager.py:119]: Stopping SystemEventListener...
2026-07-24 23:52:03,572 [INFO] [MainThread] [root/bar_manager.py:119]: Stopping KomorebiEventListener...
2026-07-24 23:52:04,010 [INFO] [MainThread] [root/log.py:104]: YASB v2.0.5
2026-07-24 23:52:04,010 [INFO] [CLIPipeServer] [cli_server/cli_server.py:216]: CLI server started v1.1.7
2026-07-24 23:52:04,011 [INFO] [MainThread] [cli_server/cli_server.py:106]: Log pipe server started
2026-07-24 23:52:04,728 [INFO] [MainThread] [root/api.py:62]: GitHubDataManager started...
2026-07-24 23:52:04,782 [INFO] [MainThread] [root/service.py:41]: AudioInputService starting...
2026-07-24 23:52:04,805 [INFO] [SystrayHook] [systray_hook/systray_hook.py:193]: Injecting into Explorer (PID: 10372)
2026-07-24 23:52:04,844 [INFO] [MainThread] [root/service.py:52]: AudioOutputService starting...
2026-07-24 23:52:05,160 [INFO] [MainThread] [root/bar_manager.py:229]: Starting HotkeyListener...
2026-07-24 23:52:05,160 [INFO] [MainThread] [root/bar_manager.py:103]: Starting KomorebiEventListener...
2026-07-24 23:52:05,161 [INFO] [MainThread] [root/bar_manager.py:103]: Starting WindowsNotificationEventListener...
2026-07-24 23:52:05,162 [INFO] [Dummy-13] [root/event_listener.py:54]: Created named pipe yasb-9e489aad-8777-11f1-9b6c-a029424ab658
2026-07-24 23:52:05,162 [INFO] [MainThread] [root/bar_manager.py:103]: Starting SystemEventListener...
2026-07-24 23:52:05,164 [INFO] [MainThread] [root/watcher.py:65]: Watching directory: c:\users\bensondc\.config\yasb
2026-07-24 23:52:05,164 [INFO] [MainThread] [root/watcher.py:104]: Created file watcher
2026-07-24 23:52:05,184 [INFO] [MainThread] [root/update_service.py:434]: Background update checker started
2026-07-24 23:52:05,275 [INFO] [Dummy-13] [root/event_listener.py:147]: Komorebi connected to named pipe: yasb-9e489aad-8777-11f1-9b6c-a029424ab658
2026-07-24 23:52:25,315 [INFO] [MainThread] [root/controller.py:21]: Reloading Application because of config change.
2026-07-24 23:52:25,417 [INFO] [MainThread] [cli_server/cli_server.py:114]: Log pipe server stopped
2026-07-24 23:52:25,429 [INFO] [MainThread] [root/bar_manager.py:93]: Successfully loaded updated config and re-initialised all bars.
2026-07-24 23:52:25,469 [INFO] [MainThread] [root/bar_manager.py:111]: Stopping HotkeyListener...
2026-07-24 23:52:25,478 [INFO] [MainThread] [root/bar_manager.py:119]: Stopping KomorebiEventListener...
2026-07-24 23:52:25,484 [INFO] [MainThread] [root/bar_manager.py:119]: Stopping WindowsNotificationEventListener...
2026-07-24 23:52:25,490 [INFO] [MainThread] [root/bar_manager.py:119]: Stopping SystemEventListener...
2026-07-24 23:52:25,928 [INFO] [MainThread] [root/log.py:104]: YASB v2.0.5
2026-07-24 23:52:25,929 [INFO] [CLIPipeServer] [cli_server/cli_server.py:216]: CLI server started v1.1.7
2026-07-24 23:52:25,929 [INFO] [MainThread] [cli_server/cli_server.py:106]: Log pipe server started
2026-07-24 23:52:26,723 [INFO] [MainThread] [root/api.py:62]: GitHubDataManager started...
2026-07-24 23:52:26,776 [INFO] [MainThread] [root/service.py:41]: AudioInputService starting...
2026-07-24 23:52:26,797 [INFO] [SystrayHook] [systray_hook/systray_hook.py:193]: Injecting into Explorer (PID: 10372)
2026-07-24 23:52:26,837 [INFO] [MainThread] [root/service.py:52]: AudioOutputService starting...
2026-07-24 23:52:27,148 [INFO] [MainThread] [root/bar_manager.py:229]: Starting HotkeyListener...
2026-07-24 23:52:27,148 [INFO] [MainThread] [root/bar_manager.py:103]: Starting SystemEventListener...
2026-07-24 23:52:27,148 [INFO] [MainThread] [root/bar_manager.py:103]: Starting KomorebiEventListener...
2026-07-24 23:52:27,149 [INFO] [MainThread] [root/bar_manager.py:103]: Starting WindowsNotificationEventListener...
2026-07-24 23:52:27,149 [INFO] [Dummy-13] [root/event_listener.py:54]: Created named pipe yasb-ab63aba8-8777-11f1-9e98-a029424ab658
2026-07-24 23:52:27,151 [INFO] [MainThread] [root/watcher.py:65]: Watching directory: c:\users\bensondc\.config\yasb
2026-07-24 23:52:27,151 [INFO] [MainThread] [root/watcher.py:104]: Created file watcher
2026-07-24 23:52:27,170 [INFO] [MainThread] [root/update_service.py:434]: Background update checker started
2026-07-24 23:52:27,258 [INFO] [Dummy-13] [root/event_listener.py:147]: Komorebi connected to named pipe: yasb-ab63aba8-8777-11f1-9e98-a029424ab658
2026-07-24 23:52:59,690 [INFO] [MainThread] [root/controller.py:21]: Reloading Application because of config change.
2026-07-24 23:52:59,795 [INFO] [MainThread] [cli_server/cli_server.py:114]: Log pipe server stopped
2026-07-24 23:52:59,802 [INFO] [MainThread] [root/bar_manager.py:93]: Successfully loaded updated config and re-initialised all bars.
2026-07-24 23:52:59,949 [INFO] [MainThread] [root/bar_manager.py:111]: Stopping HotkeyListener...
2026-07-24 23:52:59,952 [INFO] [MainThread] [root/bar_manager.py:119]: Stopping SystemEventListener...
2026-07-24 23:53:00,018 [INFO] [MainThread] [root/bar_manager.py:119]: Stopping KomorebiEventListener...
2026-07-24 23:53:00,023 [INFO] [MainThread] [root/bar_manager.py:119]: Stopping WindowsNotificationEventListener...
2026-07-24 23:53:00,279 [INFO] [MainThread] [root/log.py:104]: YASB v2.0.5
2026-07-24 23:53:00,279 [INFO] [CLIPipeServer] [cli_server/cli_server.py:216]: CLI server started v1.1.7
2026-07-24 23:53:00,279 [INFO] [MainThread] [cli_server/cli_server.py:106]: Log pipe server started
2026-07-24 23:53:01,112 [INFO] [MainThread] [root/api.py:62]: GitHubDataManager started...
2026-07-24 23:53:01,169 [INFO] [MainThread] [root/service.py:41]: AudioInputService starting...
2026-07-24 23:53:01,192 [INFO] [SystrayHook] [systray_hook/systray_hook.py:193]: Injecting into Explorer (PID: 10372)
2026-07-24 23:53:01,231 [INFO] [MainThread] [root/service.py:52]: AudioOutputService starting...
2026-07-24 23:53:01,595 [INFO] [MainThread] [root/bar_manager.py:229]: Starting HotkeyListener...
2026-07-24 23:53:01,595 [INFO] [MainThread] [root/bar_manager.py:103]: Starting KomorebiEventListener...
2026-07-24 23:53:01,596 [INFO] [MainThread] [root/bar_manager.py:103]: Starting SystemEventListener...
2026-07-24 23:53:01,596 [INFO] [MainThread] [root/bar_manager.py:103]: Starting WindowsNotificationEventListener...
2026-07-24 23:53:01,597 [INFO] [Dummy-14] [root/event_listener.py:54]: Created named pipe yasb-bfebda9c-8777-11f1-8f75-a029424ab658
2026-07-24 23:53:01,598 [INFO] [MainThread] [root/watcher.py:65]: Watching directory: c:\users\bensondc\.config\yasb
2026-07-24 23:53:01,598 [INFO] [MainThread] [root/watcher.py:104]: Created file watcher
2026-07-24 23:53:01,621 [INFO] [MainThread] [root/update_service.py:434]: Background update checker started
2026-07-24 23:53:01,703 [INFO] [Dummy-14] [root/event_listener.py:147]: Komorebi connected to named pipe: yasb-bfebda9c-8777-11f1-8f75-a029424ab658
2026-07-24 23:54:12,264 [INFO] [MainThread] [root/controller.py:21]: Reloading Application because of config change.
2026-07-24 23:54:12,368 [INFO] [MainThread] [cli_server/cli_server.py:114]: Log pipe server stopped
2026-07-24 23:54:12,381 [INFO] [MainThread] [root/bar_manager.py:93]: Successfully loaded updated config and re-initialised all bars.
2026-07-24 23:54:12,424 [INFO] [MainThread] [root/bar_manager.py:111]: Stopping HotkeyListener...
2026-07-24 23:54:12,432 [INFO] [MainThread] [root/bar_manager.py:119]: Stopping KomorebiEventListener...
2026-07-24 23:54:12,439 [INFO] [MainThread] [root/bar_manager.py:119]: Stopping SystemEventListener...
2026-07-24 23:54:12,445 [INFO] [MainThread] [root/bar_manager.py:119]: Stopping WindowsNotificationEventListener...
2026-07-24 23:54:12,876 [INFO] [MainThread] [root/log.py:104]: YASB v2.0.5
2026-07-24 23:54:12,877 [INFO] [CLIPipeServer] [cli_server/cli_server.py:216]: CLI server started v1.1.7
2026-07-24 23:54:12,877 [INFO] [MainThread] [cli_server/cli_server.py:106]: Log pipe server started
2026-07-24 23:54:13,772 [INFO] [MainThread] [root/api.py:62]: GitHubDataManager started...
2026-07-24 23:54:13,826 [INFO] [MainThread] [root/service.py:41]: AudioInputService starting...
2026-07-24 23:54:13,850 [INFO] [SystrayHook] [systray_hook/systray_hook.py:193]: Injecting into Explorer (PID: 10372)
2026-07-24 23:54:13,888 [INFO] [MainThread] [root/service.py:52]: AudioOutputService starting...
2026-07-24 23:54:14,263 [INFO] [MainThread] [root/bar_manager.py:229]: Starting HotkeyListener...
2026-07-24 23:54:14,263 [INFO] [MainThread] [root/bar_manager.py:103]: Starting SystemEventListener...
2026-07-24 23:54:14,263 [INFO] [MainThread] [root/bar_manager.py:103]: Starting KomorebiEventListener...
2026-07-24 23:54:14,263 [INFO] [MainThread] [root/bar_manager.py:103]: Starting WindowsNotificationEventListener...
2026-07-24 23:54:14,265 [INFO] [MainThread] [root/watcher.py:65]: Watching directory: c:\users\bensondc\.config\yasb
2026-07-24 23:54:14,266 [INFO] [MainThread] [root/watcher.py:104]: Created file watcher
2026-07-24 23:54:14,266 [INFO] [Dummy-15] [root/event_listener.py:54]: Created named pipe yasb-eb3c0f96-8777-11f1-99eb-a029424ab658
2026-07-24 23:54:14,285 [INFO] [MainThread] [root/update_service.py:434]: Background update checker started
2026-07-24 23:54:14,386 [INFO] [Dummy-15] [root/event_listener.py:147]: Komorebi connected to named pipe: yasb-eb3c0f96-8777-11f1-99eb-a029424ab658
2026-07-24 23:59:29,892 [INFO] [MainThread] [root/controller.py:21]: Reloading Application because of config change.
2026-07-24 23:59:30,008 [INFO] [MainThread] [cli_server/cli_server.py:114]: Log pipe server stopped
2026-07-24 23:59:30,020 [INFO] [MainThread] [root/bar_manager.py:93]: Successfully loaded updated config and re-initialised all bars.
2026-07-24 23:59:30,153 [INFO] [MainThread] [root/bar_manager.py:111]: Stopping HotkeyListener...
2026-07-24 23:59:30,159 [INFO] [MainThread] [root/bar_manager.py:119]: Stopping SystemEventListener...
2026-07-24 23:59:30,196 [INFO] [MainThread] [root/bar_manager.py:119]: Stopping KomorebiEventListener...
2026-07-24 23:59:30,199 [INFO] [MainThread] [root/bar_manager.py:119]: Stopping WindowsNotificationEventListener...
2026-07-24 23:59:30,496 [INFO] [MainThread] [root/log.py:104]: YASB v2.0.5
2026-07-24 23:59:30,497 [INFO] [CLIPipeServer] [cli_server/cli_server.py:216]: CLI server started v1.1.7
2026-07-24 23:59:30,497 [INFO] [MainThread] [cli_server/cli_server.py:106]: Log pipe server started
2026-07-24 23:59:31,235 [INFO] [MainThread] [root/api.py:62]: GitHubDataManager started...
2026-07-24 23:59:31,289 [INFO] [MainThread] [root/service.py:41]: AudioInputService starting...
2026-07-24 23:59:31,311 [INFO] [SystrayHook] [systray_hook/systray_hook.py:193]: Injecting into Explorer (PID: 10372)
2026-07-24 23:59:31,351 [INFO] [MainThread] [root/service.py:52]: AudioOutputService starting...
2026-07-24 23:59:31,702 [INFO] [MainThread] [root/bar_manager.py:229]: Starting HotkeyListener...
2026-07-24 23:59:31,702 [INFO] [MainThread] [root/bar_manager.py:103]: Starting KomorebiEventListener...
2026-07-24 23:59:31,703 [INFO] [MainThread] [root/bar_manager.py:103]: Starting SystemEventListener...
2026-07-24 23:59:31,703 [INFO] [MainThread] [root/bar_manager.py:103]: Starting WindowsNotificationEventListener...
2026-07-24 23:59:31,705 [INFO] [MainThread] [root/watcher.py:65]: Watching directory: c:\users\bensondc\.config\yasb
2026-07-24 23:59:31,706 [INFO] [MainThread] [root/watcher.py:104]: Created file watcher
2026-07-24 23:59:31,706 [INFO] [Dummy-15] [root/event_listener.py:54]: Created named pipe yasb-a8717a73-8778-11f1-b2d7-a029424ab658
2026-07-24 23:59:31,735 [INFO] [MainThread] [root/update_service.py:434]: Background update checker started
2026-07-24 23:59:31,815 [INFO] [Dummy-15] [root/event_listener.py:147]: Komorebi connected to named pipe: yasb-a8717a73-8778-11f1-b2d7-a029424ab658
2026-07-25 00:03:00,627 [INFO] [MainThread] [root/controller.py:21]: Reloading Bar from context menu...
2026-07-25 00:03:00,735 [INFO] [MainThread] [cli_server/cli_server.py:114]: Log pipe server stopped
2026-07-25 00:03:00,902 [INFO] [MainThread] [root/bar_manager.py:111]: Stopping HotkeyListener...
2026-07-25 00:03:00,909 [INFO] [MainThread] [root/bar_manager.py:119]: Stopping KomorebiEventListener...
2026-07-25 00:03:00,912 [INFO] [MainThread] [root/bar_manager.py:119]: Stopping SystemEventListener...
2026-07-25 00:03:00,939 [INFO] [MainThread] [root/bar_manager.py:119]: Stopping WindowsNotificationEventListener...
2026-07-25 00:03:01,240 [INFO] [MainThread] [root/log.py:104]: YASB v2.0.5
2026-07-25 00:03:01,240 [INFO] [CLIPipeServer] [cli_server/cli_server.py:216]: CLI server started v1.1.7
2026-07-25 00:03:01,241 [INFO] [MainThread] [cli_server/cli_server.py:106]: Log pipe server started
2026-07-25 00:03:02,042 [INFO] [MainThread] [root/api.py:62]: GitHubDataManager started...
2026-07-25 00:03:02,094 [INFO] [MainThread] [root/service.py:41]: AudioInputService starting...
2026-07-25 00:03:02,118 [INFO] [SystrayHook] [systray_hook/systray_hook.py:193]: Injecting into Explorer (PID: 10372)
2026-07-25 00:03:02,157 [INFO] [MainThread] [root/service.py:52]: AudioOutputService starting...
2026-07-25 00:03:02,470 [INFO] [MainThread] [root/bar_manager.py:229]: Starting HotkeyListener...
2026-07-25 00:03:02,471 [INFO] [MainThread] [root/bar_manager.py:103]: Starting WindowsNotificationEventListener...
2026-07-25 00:03:02,472 [INFO] [MainThread] [root/bar_manager.py:103]: Starting KomorebiEventListener...
2026-07-25 00:03:02,472 [INFO] [MainThread] [root/bar_manager.py:103]: Starting SystemEventListener...
2026-07-25 00:03:02,472 [INFO] [Dummy-13] [root/event_listener.py:54]: Created named pipe yasb-26124d98-8779-11f1-a46a-a029424ab658
2026-07-25 00:03:02,474 [INFO] [MainThread] [root/watcher.py:65]: Watching directory: c:\users\bensondc\.config\yasb
2026-07-25 00:03:02,474 [INFO] [MainThread] [root/watcher.py:104]: Created file watcher
2026-07-25 00:03:02,497 [INFO] [MainThread] [root/update_service.py:434]: Background update checker started
2026-07-25 00:03:02,599 [INFO] [Dummy-13] [root/event_listener.py:147]: Komorebi connected to named pipe: yasb-26124d98-8779-11f1-a46a-a029424ab658
2026-07-25 00:06:05,078 [INFO] [MainThread] [root/controller.py:21]: Reloading Bar from context menu...
2026-07-25 00:06:05,180 [INFO] [MainThread] [cli_server/cli_server.py:114]: Log pipe server stopped
2026-07-25 00:06:05,308 [INFO] [MainThread] [root/bar_manager.py:111]: Stopping HotkeyListener...
2026-07-25 00:06:05,310 [INFO] [MainThread] [root/bar_manager.py:119]: Stopping WindowsNotificationEventListener...
2026-07-25 00:06:05,311 [INFO] [MainThread] [root/bar_manager.py:119]: Stopping KomorebiEventListener...
2026-07-25 00:06:05,313 [INFO] [MainThread] [root/bar_manager.py:119]: Stopping SystemEventListener...
2026-07-25 00:06:05,667 [INFO] [MainThread] [root/log.py:104]: YASB v2.0.5
2026-07-25 00:06:05,667 [INFO] [CLIPipeServer] [cli_server/cli_server.py:216]: CLI server started v1.1.7
2026-07-25 00:06:05,668 [INFO] [MainThread] [cli_server/cli_server.py:106]: Log pipe server started
2026-07-25 00:06:06,443 [INFO] [MainThread] [root/api.py:62]: GitHubDataManager started...
2026-07-25 00:06:06,492 [INFO] [MainThread] [root/service.py:41]: AudioInputService starting...
2026-07-25 00:06:06,517 [INFO] [SystrayHook] [systray_hook/systray_hook.py:193]: Injecting into Explorer (PID: 10372)
2026-07-25 00:06:06,553 [INFO] [MainThread] [root/service.py:52]: AudioOutputService starting...
2026-07-25 00:06:06,890 [INFO] [MainThread] [root/bar_manager.py:229]: Starting HotkeyListener...
2026-07-25 00:06:06,890 [INFO] [MainThread] [root/bar_manager.py:103]: Starting WindowsNotificationEventListener...
2026-07-25 00:06:06,891 [INFO] [MainThread] [root/bar_manager.py:103]: Starting SystemEventListener...
2026-07-25 00:06:06,891 [INFO] [MainThread] [root/bar_manager.py:103]: Starting KomorebiEventListener...
2026-07-25 00:06:06,893 [INFO] [MainThread] [root/watcher.py:65]: Watching directory: c:\users\bensondc\.config\yasb
2026-07-25 00:06:06,893 [INFO] [MainThread] [root/watcher.py:104]: Created file watcher
2026-07-25 00:06:06,893 [INFO] [Dummy-15] [root/event_listener.py:54]: Created named pipe yasb-93fe807d-8779-11f1-b040-a029424ab658
2026-07-25 00:06:06,918 [INFO] [MainThread] [root/update_service.py:434]: Background update checker started
2026-07-25 00:06:07,007 [INFO] [Dummy-15] [root/event_listener.py:147]: Komorebi connected to named pipe: yasb-93fe807d-8779-11f1-b040-a029424ab658
2026-07-25 00:07:23,935 [INFO] [MainThread] [root/controller.py:21]: Reloading Bar from context menu...
2026-07-25 00:07:24,041 [INFO] [MainThread] [cli_server/cli_server.py:114]: Log pipe server stopped
2026-07-25 00:07:24,162 [INFO] [MainThread] [root/bar_manager.py:111]: Stopping HotkeyListener...
2026-07-25 00:07:24,163 [INFO] [MainThread] [root/bar_manager.py:119]: Stopping WindowsNotificationEventListener...
2026-07-25 00:07:24,166 [INFO] [MainThread] [root/bar_manager.py:119]: Stopping SystemEventListener...
2026-07-25 00:07:24,178 [INFO] [MainThread] [root/bar_manager.py:119]: Stopping KomorebiEventListener...
2026-07-25 00:07:24,538 [INFO] [MainThread] [root/log.py:104]: YASB v2.0.5
2026-07-25 00:07:24,539 [INFO] [CLIPipeServer] [cli_server/cli_server.py:216]: CLI server started v1.1.7
2026-07-25 00:07:24,539 [INFO] [MainThread] [cli_server/cli_server.py:106]: Log pipe server started
2026-07-25 00:07:25,264 [INFO] [MainThread] [root/api.py:62]: GitHubDataManager started...
2026-07-25 00:07:25,314 [INFO] [MainThread] [root/service.py:41]: AudioInputService starting...
2026-07-25 00:07:25,337 [INFO] [SystrayHook] [systray_hook/systray_hook.py:193]: Injecting into Explorer (PID: 10372)
2026-07-25 00:07:25,373 [INFO] [MainThread] [root/service.py:52]: AudioOutputService starting...
2026-07-25 00:07:25,700 [INFO] [MainThread] [root/bar_manager.py:229]: Starting HotkeyListener...
2026-07-25 00:07:25,701 [INFO] [MainThread] [root/bar_manager.py:103]: Starting WindowsNotificationEventListener...
2026-07-25 00:07:25,703 [INFO] [MainThread] [root/bar_manager.py:103]: Starting KomorebiEventListener...
2026-07-25 00:07:25,703 [INFO] [MainThread] [root/bar_manager.py:103]: Starting SystemEventListener...
2026-07-25 00:07:25,704 [INFO] [Dummy-13] [root/event_listener.py:54]: Created named pipe yasb-c2f831d4-8779-11f1-9e29-a029424ab658
2026-07-25 00:07:25,706 [INFO] [MainThread] [root/watcher.py:65]: Watching directory: c:\users\bensondc\.config\yasb
2026-07-25 00:07:25,706 [INFO] [MainThread] [root/watcher.py:104]: Created file watcher
2026-07-25 00:07:25,725 [INFO] [MainThread] [root/update_service.py:434]: Background update checker started
2026-07-25 00:07:25,820 [INFO] [Dummy-13] [root/event_listener.py:147]: Komorebi connected to named pipe: yasb-c2f831d4-8779-11f1-9e29-a029424ab658
2026-07-25 00:20:00,407 [INFO] [MainThread] [root/controller.py:21]: Reloading Application because of config change.
2026-07-25 00:20:00,516 [INFO] [MainThread] [cli_server/cli_server.py:114]: Log pipe server stopped
2026-07-25 00:20:00,527 [INFO] [MainThread] [root/bar_manager.py:93]: Successfully loaded updated config and re-initialised all bars.
2026-07-25 00:20:01,738 [INFO] [MainThread] [root/bar_manager.py:111]: Stopping HotkeyListener...
2026-07-25 00:20:01,754 [INFO] [MainThread] [root/bar_manager.py:119]: Stopping WindowsNotificationEventListener...
2026-07-25 00:20:02,241 [INFO] [MainThread] [root/log.py:104]: YASB v2.0.5
2026-07-25 00:20:02,242 [INFO] [CLIPipeServer] [cli_server/cli_server.py:216]: CLI server started v1.1.7
2026-07-25 00:20:02,243 [INFO] [MainThread] [cli_server/cli_server.py:106]: Log pipe server started
2026-07-25 00:20:02,243 [INFO] [MainThread] [root/main.py:48]: Waiting for previous YASB instance to exit...
2026-07-25 00:20:02,752 [INFO] [MainThread] [root/bar_manager.py:119]: Stopping KomorebiEventListener...
2026-07-25 00:20:02,764 [INFO] [MainThread] [root/bar_manager.py:119]: Stopping SystemEventListener...
2026-07-25 00:20:02,995 [INFO] [MainThread] [root/main.py:74]: Previous instance exited, continuing startup.
2026-07-25 00:20:04,501 [INFO] [MainThread] [root/api.py:62]: GitHubDataManager started...
2026-07-25 00:20:04,655 [INFO] [MainThread] [root/service.py:41]: AudioInputService starting...
2026-07-25 00:20:04,724 [INFO] [SystrayHook] [systray_hook/systray_hook.py:193]: Injecting into Explorer (PID: 10372)
2026-07-25 00:20:04,833 [INFO] [MainThread] [root/service.py:52]: AudioOutputService starting...
2026-07-25 00:20:05,495 [INFO] [MainThread] [root/bar_manager.py:229]: Starting HotkeyListener...
2026-07-25 00:20:05,495 [INFO] [MainThread] [root/bar_manager.py:103]: Starting KomorebiEventListener...
2026-07-25 00:20:05,496 [INFO] [MainThread] [root/bar_manager.py:103]: Starting WindowsNotificationEventListener...
2026-07-25 00:20:05,497 [INFO] [MainThread] [root/bar_manager.py:103]: Starting SystemEventListener...
2026-07-25 00:20:05,497 [INFO] [Dummy-13] [root/event_listener.py:54]: Created named pipe yasb-87d75cf2-877b-11f1-be27-a029424ab658
2026-07-25 00:20:05,503 [INFO] [MainThread] [root/watcher.py:65]: Watching directory: c:\users\bensondc\.config\yasb
2026-07-25 00:20:05,503 [INFO] [MainThread] [root/watcher.py:104]: Created file watcher
2026-07-25 00:20:05,548 [INFO] [MainThread] [root/update_service.py:434]: Background update checker started
2026-07-25 00:20:05,704 [INFO] [Dummy-13] [root/event_listener.py:147]: Komorebi connected to named pipe: yasb-87d75cf2-877b-11f1-be27-a029424ab658
2026-07-25 00:22:59,602 [INFO] [MainThread] [root/controller.py:21]: Reloading Application because of config change.
2026-07-25 00:22:59,708 [INFO] [MainThread] [cli_server/cli_server.py:114]: Log pipe server stopped
2026-07-25 00:22:59,720 [INFO] [MainThread] [root/bar_manager.py:93]: Successfully loaded updated config and re-initialised all bars.
2026-07-25 00:22:59,871 [INFO] [MainThread] [root/bar_manager.py:111]: Stopping HotkeyListener...
2026-07-25 00:22:59,877 [INFO] [MainThread] [root/bar_manager.py:119]: Stopping KomorebiEventListener...
2026-07-25 00:22:59,881 [INFO] [MainThread] [root/bar_manager.py:119]: Stopping WindowsNotificationEventListener...
2026-07-25 00:22:59,885 [INFO] [MainThread] [root/bar_manager.py:119]: Stopping SystemEventListener...
2026-07-25 00:23:00,205 [INFO] [MainThread] [root/log.py:104]: YASB v2.0.5
2026-07-25 00:23:00,205 [INFO] [CLIPipeServer] [cli_server/cli_server.py:216]: CLI server started v1.1.7
2026-07-25 00:23:00,205 [INFO] [MainThread] [cli_server/cli_server.py:106]: Log pipe server started
2026-07-25 00:23:00,987 [INFO] [MainThread] [root/api.py:62]: GitHubDataManager started...
2026-07-25 00:23:01,041 [INFO] [MainThread] [root/service.py:41]: AudioInputService starting...
2026-07-25 00:23:01,061 [INFO] [SystrayHook] [systray_hook/systray_hook.py:193]: Injecting into Explorer (PID: 10372)
2026-07-25 00:23:01,103 [INFO] [MainThread] [root/service.py:52]: AudioOutputService starting...
2026-07-25 00:23:01,392 [INFO] [MainThread] [root/bar_manager.py:229]: Starting HotkeyListener...
2026-07-25 00:23:01,392 [INFO] [MainThread] [root/bar_manager.py:103]: Starting SystemEventListener...
2026-07-25 00:23:01,393 [INFO] [MainThread] [root/bar_manager.py:103]: Starting KomorebiEventListener...
2026-07-25 00:23:01,393 [INFO] [MainThread] [root/bar_manager.py:103]: Starting WindowsNotificationEventListener...
2026-07-25 00:23:01,396 [INFO] [MainThread] [root/watcher.py:65]: Watching directory: c:\users\bensondc\.config\yasb
2026-07-25 00:23:01,396 [INFO] [MainThread] [root/watcher.py:104]: Created file watcher
2026-07-25 00:23:01,396 [INFO] [Dummy-15] [root/event_listener.py:54]: Created named pipe yasb-f0af22be-877b-11f1-97d1-a029424ab658
2026-07-25 00:23:01,417 [INFO] [MainThread] [root/update_service.py:434]: Background update checker started
2026-07-25 00:23:01,504 [INFO] [Dummy-15] [root/event_listener.py:147]: Komorebi connected to named pipe: yasb-f0af22be-877b-11f1-97d1-a029424ab658
2026-07-25 00:24:17,252 [INFO] [MainThread] [root/controller.py:21]: Reloading Application because of config change.
2026-07-25 00:24:17,358 [INFO] [MainThread] [cli_server/cli_server.py:114]: Log pipe server stopped
2026-07-25 00:24:17,366 [INFO] [MainThread] [root/bar_manager.py:93]: Successfully loaded updated config and re-initialised all bars.
2026-07-25 00:24:17,514 [INFO] [MainThread] [root/bar_manager.py:111]: Stopping HotkeyListener...
2026-07-25 00:24:17,520 [INFO] [MainThread] [root/bar_manager.py:119]: Stopping SystemEventListener...
2026-07-25 00:24:17,574 [INFO] [MainThread] [root/bar_manager.py:119]: Stopping KomorebiEventListener...
2026-07-25 00:24:17,577 [INFO] [MainThread] [root/bar_manager.py:119]: Stopping WindowsNotificationEventListener...
2026-07-25 00:24:17,850 [INFO] [MainThread] [root/log.py:104]: YASB v2.0.5
2026-07-25 00:24:17,850 [INFO] [CLIPipeServer] [cli_server/cli_server.py:216]: CLI server started v1.1.7
2026-07-25 00:24:17,850 [INFO] [MainThread] [cli_server/cli_server.py:106]: Log pipe server started
2026-07-25 00:24:18,596 [INFO] [MainThread] [root/api.py:62]: GitHubDataManager started...
2026-07-25 00:24:18,650 [INFO] [MainThread] [root/service.py:41]: AudioInputService starting...
2026-07-25 00:24:18,673 [INFO] [SystrayHook] [systray_hook/systray_hook.py:193]: Injecting into Explorer (PID: 10372)
2026-07-25 00:24:18,712 [INFO] [MainThread] [root/service.py:52]: AudioOutputService starting...
2026-07-25 00:24:19,042 [INFO] [MainThread] [root/bar_manager.py:229]: Starting HotkeyListener...
2026-07-25 00:24:19,042 [INFO] [MainThread] [root/bar_manager.py:103]: Starting KomorebiEventListener...
2026-07-25 00:24:19,043 [INFO] [MainThread] [root/bar_manager.py:103]: Starting SystemEventListener...
2026-07-25 00:24:19,043 [INFO] [MainThread] [root/bar_manager.py:103]: Starting WindowsNotificationEventListener...
2026-07-25 00:24:19,043 [INFO] [Dummy-13] [root/event_listener.py:54]: Created named pipe yasb-1ef78a34-877c-11f1-80be-a029424ab658
2026-07-25 00:24:19,045 [INFO] [MainThread] [root/watcher.py:65]: Watching directory: c:\users\bensondc\.config\yasb
2026-07-25 00:24:19,045 [INFO] [MainThread] [root/watcher.py:104]: Created file watcher
2026-07-25 00:24:19,064 [INFO] [MainThread] [root/update_service.py:434]: Background update checker started
2026-07-25 00:24:19,155 [INFO] [Dummy-13] [root/event_listener.py:147]: Komorebi connected to named pipe: yasb-1ef78a34-877c-11f1-80be-a029424ab658
2026-07-25 00:25:09,415 [INFO] [MainThread] [root/controller.py:21]: Reloading Application because of config change.
2026-07-25 00:25:09,517 [INFO] [MainThread] [cli_server/cli_server.py:114]: Log pipe server stopped
2026-07-25 00:25:09,528 [INFO] [MainThread] [root/bar_manager.py:93]: Successfully loaded updated config and re-initialised all bars.
2026-07-25 00:25:09,674 [INFO] [MainThread] [root/bar_manager.py:111]: Stopping HotkeyListener...
2026-07-25 00:25:09,679 [INFO] [MainThread] [root/bar_manager.py:119]: Stopping KomorebiEventListener...
2026-07-25 00:25:09,682 [INFO] [MainThread] [root/bar_manager.py:119]: Stopping SystemEventListener...
2026-07-25 00:25:09,715 [INFO] [MainThread] [root/bar_manager.py:119]: Stopping WindowsNotificationEventListener...
2026-07-25 00:25:10,023 [INFO] [MainThread] [root/log.py:104]: YASB v2.0.5
2026-07-25 00:25:10,024 [INFO] [CLIPipeServer] [cli_server/cli_server.py:216]: CLI server started v1.1.7
2026-07-25 00:25:10,024 [INFO] [MainThread] [cli_server/cli_server.py:106]: Log pipe server started
2026-07-25 00:25:10,825 [INFO] [MainThread] [root/api.py:62]: GitHubDataManager started...
2026-07-25 00:25:10,879 [INFO] [MainThread] [root/service.py:41]: AudioInputService starting...
2026-07-25 00:25:10,903 [INFO] [SystrayHook] [systray_hook/systray_hook.py:193]: Injecting into Explorer (PID: 10372)
2026-07-25 00:25:10,941 [INFO] [MainThread] [root/service.py:52]: AudioOutputService starting...
2026-07-25 00:25:11,245 [INFO] [MainThread] [root/bar_manager.py:229]: Starting HotkeyListener...
2026-07-25 00:25:11,245 [INFO] [MainThread] [root/bar_manager.py:103]: Starting SystemEventListener...
2026-07-25 00:25:11,246 [INFO] [MainThread] [root/bar_manager.py:103]: Starting KomorebiEventListener...
2026-07-25 00:25:11,246 [INFO] [MainThread] [root/bar_manager.py:103]: Starting WindowsNotificationEventListener...
2026-07-25 00:25:11,248 [INFO] [MainThread] [root/watcher.py:65]: Watching directory: c:\users\bensondc\.config\yasb
2026-07-25 00:25:11,249 [INFO] [MainThread] [root/watcher.py:104]: Created file watcher
2026-07-25 00:25:11,264 [INFO] [Dummy-15] [root/event_listener.py:54]: Created named pipe yasb-3e153368-877c-11f1-b39d-a029424ab658
2026-07-25 00:25:11,269 [INFO] [MainThread] [root/update_service.py:434]: Background update checker started
2026-07-25 00:25:11,377 [INFO] [Dummy-15] [root/event_listener.py:147]: Komorebi connected to named pipe: yasb-3e153368-877c-11f1-b39d-a029424ab658
2026-07-25 00:26:21,973 [ERROR] [MainThread] [root/config.py:113]: The file 'C:\Users\BensonDC\.config\yasb\config.yaml' contains Parser Error(s). Please fix:
while parsing a block mapping
  in "C:\Users\BensonDC\.config\yasb\config.yaml", line 253, column 7
expected <block end>, but found '<scalar>'
  in "C:\Users\BensonDC\.config\yasb\config.yaml", line 253, column 79
2026-07-25 00:26:28,199 [INFO] [MainThread] [root/controller.py:21]: Reloading Application because of config change.
2026-07-25 00:26:28,306 [INFO] [MainThread] [cli_server/cli_server.py:114]: Log pipe server stopped
2026-07-25 00:26:28,316 [INFO] [MainThread] [root/bar_manager.py:93]: Successfully loaded updated config and re-initialised all bars.
2026-07-25 00:26:28,459 [INFO] [MainThread] [root/bar_manager.py:111]: Stopping HotkeyListener...
2026-07-25 00:26:28,463 [INFO] [MainThread] [root/bar_manager.py:119]: Stopping SystemEventListener...
2026-07-25 00:26:28,503 [INFO] [MainThread] [root/bar_manager.py:119]: Stopping KomorebiEventListener...
2026-07-25 00:26:28,505 [INFO] [MainThread] [root/bar_manager.py:119]: Stopping WindowsNotificationEventListener...
2026-07-25 00:26:28,803 [INFO] [MainThread] [root/log.py:104]: YASB v2.0.5
2026-07-25 00:26:28,804 [INFO] [CLIPipeServer] [cli_server/cli_server.py:216]: CLI server started v1.1.7
2026-07-25 00:26:28,804 [INFO] [MainThread] [cli_server/cli_server.py:106]: Log pipe server started
2026-07-25 00:26:29,683 [INFO] [MainThread] [root/api.py:62]: GitHubDataManager started...
2026-07-25 00:26:29,736 [INFO] [MainThread] [root/service.py:41]: AudioInputService starting...
2026-07-25 00:26:29,759 [INFO] [SystrayHook] [systray_hook/systray_hook.py:193]: Injecting into Explorer (PID: 10372)
2026-07-25 00:26:29,798 [INFO] [MainThread] [root/service.py:52]: AudioOutputService starting...
2026-07-25 00:26:30,080 [INFO] [MainThread] [root/bar_manager.py:229]: Starting HotkeyListener...
2026-07-25 00:26:30,080 [INFO] [MainThread] [root/bar_manager.py:103]: Starting SystemEventListener...
2026-07-25 00:26:30,081 [INFO] [MainThread] [root/bar_manager.py:103]: Starting WindowsNotificationEventListener...
2026-07-25 00:26:30,081 [INFO] [MainThread] [root/bar_manager.py:103]: Starting KomorebiEventListener...
2026-07-25 00:26:30,082 [INFO] [MainThread] [root/watcher.py:65]: Watching directory: c:\users\bensondc\.config\yasb
2026-07-25 00:26:30,083 [INFO] [MainThread] [root/watcher.py:104]: Created file watcher
2026-07-25 00:26:30,091 [INFO] [Dummy-15] [root/event_listener.py:54]: Created named pipe yasb-6d12753b-877c-11f1-a579-a029424ab658
2026-07-25 00:26:30,104 [INFO] [MainThread] [root/update_service.py:434]: Background update checker started
2026-07-25 00:26:30,217 [INFO] [Dummy-15] [root/event_listener.py:147]: Komorebi connected to named pipe: yasb-6d12753b-877c-11f1-a579-a029424ab658
2026-07-25 00:29:34,402 [INFO] [MainThread] [root/controller.py:21]: Reloading Application because of config change.
2026-07-25 00:29:34,503 [INFO] [MainThread] [cli_server/cli_server.py:114]: Log pipe server stopped
2026-07-25 00:29:34,510 [INFO] [MainThread] [root/bar_manager.py:93]: Successfully loaded updated config and re-initialised all bars.
2026-07-25 00:29:34,660 [INFO] [MainThread] [root/bar_manager.py:111]: Stopping HotkeyListener...
2026-07-25 00:29:34,666 [INFO] [MainThread] [root/bar_manager.py:119]: Stopping SystemEventListener...
2026-07-25 00:29:34,715 [INFO] [MainThread] [root/bar_manager.py:119]: Stopping WindowsNotificationEventListener...
2026-07-25 00:29:34,723 [INFO] [MainThread] [root/bar_manager.py:119]: Stopping KomorebiEventListener...
2026-07-25 00:29:34,999 [INFO] [MainThread] [root/log.py:104]: YASB v2.0.5
2026-07-25 00:29:34,999 [INFO] [CLIPipeServer] [cli_server/cli_server.py:216]: CLI server started v1.1.7
2026-07-25 00:29:35,000 [INFO] [MainThread] [cli_server/cli_server.py:106]: Log pipe server started
2026-07-25 00:29:35,894 [INFO] [MainThread] [root/api.py:62]: GitHubDataManager started...
2026-07-25 00:29:35,945 [INFO] [MainThread] [root/service.py:41]: AudioInputService starting...
2026-07-25 00:29:35,970 [INFO] [SystrayHook] [systray_hook/systray_hook.py:193]: Injecting into Explorer (PID: 10372)
2026-07-25 00:29:36,005 [INFO] [MainThread] [root/service.py:52]: AudioOutputService starting...
2026-07-25 00:29:36,316 [INFO] [MainThread] [root/bar_manager.py:229]: Starting HotkeyListener...
2026-07-25 00:29:36,317 [INFO] [MainThread] [root/bar_manager.py:103]: Starting KomorebiEventListener...
2026-07-25 00:29:36,317 [INFO] [MainThread] [root/bar_manager.py:103]: Starting SystemEventListener...
2026-07-25 00:29:36,317 [INFO] [MainThread] [root/bar_manager.py:103]: Starting WindowsNotificationEventListener...
2026-07-25 00:29:36,320 [INFO] [MainThread] [root/watcher.py:65]: Watching directory: c:\users\bensondc\.config\yasb
2026-07-25 00:29:36,320 [INFO] [MainThread] [root/watcher.py:104]: Created file watcher
2026-07-25 00:29:36,320 [INFO] [Dummy-15] [root/event_listener.py:54]: Created named pipe yasb-dc13cb61-877c-11f1-ae69-a029424ab658
2026-07-25 00:29:36,339 [INFO] [MainThread] [root/update_service.py:434]: Background update checker started
2026-07-25 00:29:36,451 [INFO] [Dummy-15] [root/event_listener.py:147]: Komorebi connected to named pipe: yasb-dc13cb61-877c-11f1-ae69-a029424ab658
2026-07-25 00:30:23,131 [INFO] [MainThread] [root/controller.py:21]: Reloading Application because of config change.
2026-07-25 00:30:23,232 [INFO] [MainThread] [cli_server/cli_server.py:114]: Log pipe server stopped
2026-07-25 00:30:23,239 [INFO] [MainThread] [root/bar_manager.py:93]: Successfully loaded updated config and re-initialised all bars.
2026-07-25 00:30:23,377 [INFO] [MainThread] [root/bar_manager.py:111]: Stopping HotkeyListener...
2026-07-25 00:30:23,387 [INFO] [MainThread] [root/bar_manager.py:119]: Stopping KomorebiEventListener...
2026-07-25 00:30:23,394 [INFO] [MainThread] [root/bar_manager.py:119]: Stopping SystemEventListener...
2026-07-25 00:30:23,437 [INFO] [MainThread] [root/bar_manager.py:119]: Stopping WindowsNotificationEventListener...
2026-07-25 00:30:23,722 [INFO] [MainThread] [root/log.py:104]: YASB v2.0.5
2026-07-25 00:30:23,723 [INFO] [CLIPipeServer] [cli_server/cli_server.py:216]: CLI server started v1.1.7
2026-07-25 00:30:23,723 [INFO] [MainThread] [cli_server/cli_server.py:106]: Log pipe server started
2026-07-25 00:30:24,508 [INFO] [MainThread] [root/api.py:62]: GitHubDataManager started...
2026-07-25 00:30:24,559 [INFO] [MainThread] [root/service.py:41]: AudioInputService starting...
2026-07-25 00:30:24,582 [INFO] [SystrayHook] [systray_hook/systray_hook.py:193]: Injecting into Explorer (PID: 10372)
2026-07-25 00:30:24,620 [INFO] [MainThread] [root/service.py:52]: AudioOutputService starting...
2026-07-25 00:30:24,909 [INFO] [MainThread] [root/bar_manager.py:229]: Starting HotkeyListener...
2026-07-25 00:30:24,909 [INFO] [MainThread] [root/bar_manager.py:103]: Starting SystemEventListener...
2026-07-25 00:30:24,910 [INFO] [MainThread] [root/bar_manager.py:103]: Starting WindowsNotificationEventListener...
2026-07-25 00:30:24,910 [INFO] [MainThread] [root/bar_manager.py:103]: Starting KomorebiEventListener...
2026-07-25 00:30:24,913 [INFO] [MainThread] [root/watcher.py:65]: Watching directory: c:\users\bensondc\.config\yasb
2026-07-25 00:30:24,913 [INFO] [MainThread] [root/watcher.py:104]: Created file watcher
2026-07-25 00:30:24,913 [INFO] [Dummy-15] [root/event_listener.py:54]: Created named pipe yasb-f90a95b8-877c-11f1-ba84-a029424ab658
2026-07-25 00:30:24,931 [INFO] [MainThread] [root/update_service.py:434]: Background update checker started
2026-07-25 00:30:25,033 [INFO] [Dummy-15] [root/event_listener.py:147]: Komorebi connected to named pipe: yasb-f90a95b8-877c-11f1-ba84-a029424ab658
2026-07-25 00:31:22,368 [INFO] [MainThread] [root/controller.py:21]: Reloading Application because of config change.
2026-07-25 00:31:22,474 [INFO] [MainThread] [cli_server/cli_server.py:114]: Log pipe server stopped
2026-07-25 00:31:22,485 [INFO] [MainThread] [root/bar_manager.py:93]: Successfully loaded updated config and re-initialised all bars.
2026-07-25 00:31:22,613 [INFO] [MainThread] [root/bar_manager.py:111]: Stopping HotkeyListener...
2026-07-25 00:31:22,619 [INFO] [MainThread] [root/bar_manager.py:119]: Stopping SystemEventListener...
2026-07-25 00:31:22,638 [INFO] [MainThread] [root/bar_manager.py:119]: Stopping WindowsNotificationEventListener...
2026-07-25 00:31:22,647 [INFO] [MainThread] [root/bar_manager.py:119]: Stopping KomorebiEventListener...
2026-07-25 00:31:22,975 [INFO] [MainThread] [root/log.py:104]: YASB v2.0.5
2026-07-25 00:31:22,975 [INFO] [CLIPipeServer] [cli_server/cli_server.py:216]: CLI server started v1.1.7
2026-07-25 00:31:22,975 [INFO] [MainThread] [cli_server/cli_server.py:106]: Log pipe server started
2026-07-25 00:31:23,765 [INFO] [MainThread] [root/api.py:62]: GitHubDataManager started...
2026-07-25 00:31:23,816 [INFO] [MainThread] [root/service.py:41]: AudioInputService starting...
2026-07-25 00:31:23,838 [INFO] [SystrayHook] [systray_hook/systray_hook.py:193]: Injecting into Explorer (PID: 10372)
2026-07-25 00:31:23,876 [INFO] [MainThread] [root/service.py:52]: AudioOutputService starting...
2026-07-25 00:31:24,196 [INFO] [MainThread] [root/bar_manager.py:229]: Starting HotkeyListener...
2026-07-25 00:31:24,196 [INFO] [MainThread] [root/bar_manager.py:103]: Starting KomorebiEventListener...
2026-07-25 00:31:24,197 [INFO] [MainThread] [root/bar_manager.py:103]: Starting SystemEventListener...
2026-07-25 00:31:24,197 [INFO] [MainThread] [root/bar_manager.py:103]: Starting WindowsNotificationEventListener...
2026-07-25 00:31:24,199 [INFO] [Dummy-14] [root/event_listener.py:54]: Created named pipe yasb-1c60e875-877d-11f1-abb5-a029424ab658
2026-07-25 00:31:24,199 [INFO] [MainThread] [root/watcher.py:65]: Watching directory: c:\users\bensondc\.config\yasb
2026-07-25 00:31:24,200 [INFO] [MainThread] [root/watcher.py:104]: Created file watcher
2026-07-25 00:31:24,216 [INFO] [MainThread] [root/update_service.py:434]: Background update checker started
2026-07-25 00:31:24,317 [INFO] [Dummy-14] [root/event_listener.py:147]: Komorebi connected to named pipe: yasb-1c60e875-877d-11f1-abb5-a029424ab658
2026-07-25 00:31:40,235 [INFO] [MainThread] [root/controller.py:21]: Reloading Application because of config change.
2026-07-25 00:31:40,339 [INFO] [MainThread] [cli_server/cli_server.py:114]: Log pipe server stopped
2026-07-25 00:31:40,351 [INFO] [MainThread] [root/bar_manager.py:93]: Successfully loaded updated config and re-initialised all bars.
2026-07-25 00:31:40,502 [INFO] [MainThread] [root/bar_manager.py:111]: Stopping HotkeyListener...
2026-07-25 00:31:40,505 [INFO] [MainThread] [root/bar_manager.py:119]: Stopping KomorebiEventListener...
2026-07-25 00:31:40,509 [INFO] [MainThread] [root/bar_manager.py:119]: Stopping SystemEventListener...
2026-07-25 00:31:40,553 [INFO] [MainThread] [root/bar_manager.py:119]: Stopping WindowsNotificationEventListener...
2026-07-25 00:31:40,856 [INFO] [MainThread] [root/log.py:104]: YASB v2.0.5
2026-07-25 00:31:40,857 [INFO] [CLIPipeServer] [cli_server/cli_server.py:216]: CLI server started v1.1.7
2026-07-25 00:31:40,857 [INFO] [MainThread] [cli_server/cli_server.py:106]: Log pipe server started
2026-07-25 00:31:41,646 [INFO] [MainThread] [root/api.py:62]: GitHubDataManager started...
2026-07-25 00:31:41,696 [INFO] [MainThread] [root/service.py:41]: AudioInputService starting...
2026-07-25 00:31:41,721 [INFO] [SystrayHook] [systray_hook/systray_hook.py:193]: Injecting into Explorer (PID: 10372)
2026-07-25 00:31:41,758 [INFO] [MainThread] [root/service.py:52]: AudioOutputService starting...
2026-07-25 00:31:42,051 [INFO] [MainThread] [root/bar_manager.py:229]: Starting HotkeyListener...
2026-07-25 00:31:42,051 [INFO] [MainThread] [root/bar_manager.py:103]: Starting KomorebiEventListener...
2026-07-25 00:31:42,051 [INFO] [MainThread] [root/bar_manager.py:103]: Starting SystemEventListener...
2026-07-25 00:31:42,052 [INFO] [MainThread] [root/bar_manager.py:103]: Starting WindowsNotificationEventListener...
2026-07-25 00:31:42,054 [INFO] [MainThread] [root/watcher.py:65]: Watching directory: c:\users\bensondc\.config\yasb
2026-07-25 00:31:42,054 [INFO] [MainThread] [root/watcher.py:104]: Created file watcher
2026-07-25 00:31:42,054 [INFO] [Dummy-15] [root/event_listener.py:54]: Created named pipe yasb-270553a3-877d-11f1-b872-a029424ab658
2026-07-25 00:31:42,071 [INFO] [MainThread] [root/update_service.py:434]: Background update checker started
2026-07-25 00:31:42,177 [INFO] [Dummy-15] [root/event_listener.py:147]: Komorebi connected to named pipe: yasb-270553a3-877d-11f1-b872-a029424ab658
2026-07-25 00:32:24,187 [INFO] [MainThread] [root/controller.py:21]: Reloading Application because of config change.
2026-07-25 00:32:24,291 [INFO] [MainThread] [cli_server/cli_server.py:114]: Log pipe server stopped
2026-07-25 00:32:24,301 [INFO] [MainThread] [root/bar_manager.py:93]: Successfully loaded updated config and re-initialised all bars.
2026-07-25 00:32:24,461 [INFO] [MainThread] [root/bar_manager.py:111]: Stopping HotkeyListener...
2026-07-25 00:32:24,469 [INFO] [MainThread] [root/bar_manager.py:119]: Stopping KomorebiEventListener...
2026-07-25 00:32:24,474 [INFO] [MainThread] [root/bar_manager.py:119]: Stopping SystemEventListener...
2026-07-25 00:32:24,513 [INFO] [MainThread] [root/bar_manager.py:119]: Stopping WindowsNotificationEventListener...
2026-07-25 00:32:24,785 [INFO] [MainThread] [root/log.py:104]: YASB v2.0.5
2026-07-25 00:32:24,786 [INFO] [CLIPipeServer] [cli_server/cli_server.py:216]: CLI server started v1.1.7
2026-07-25 00:32:24,786 [INFO] [MainThread] [cli_server/cli_server.py:106]: Log pipe server started
2026-07-25 00:32:25,505 [INFO] [MainThread] [root/api.py:62]: GitHubDataManager started...
2026-07-25 00:32:25,561 [INFO] [MainThread] [root/service.py:41]: AudioInputService starting...
2026-07-25 00:32:25,584 [INFO] [SystrayHook] [systray_hook/systray_hook.py:193]: Injecting into Explorer (PID: 10372)
2026-07-25 00:32:25,622 [INFO] [MainThread] [root/service.py:52]: AudioOutputService starting...
2026-07-25 00:32:25,921 [INFO] [MainThread] [root/bar_manager.py:229]: Starting HotkeyListener...
2026-07-25 00:32:25,921 [INFO] [MainThread] [root/bar_manager.py:103]: Starting KomorebiEventListener...
2026-07-25 00:32:25,922 [INFO] [MainThread] [root/bar_manager.py:103]: Starting SystemEventListener...
2026-07-25 00:32:25,923 [INFO] [MainThread] [root/bar_manager.py:103]: Starting WindowsNotificationEventListener...
2026-07-25 00:32:25,923 [INFO] [Dummy-13] [root/event_listener.py:54]: Created named pipe yasb-412b6140-877d-11f1-91d9-a029424ab658
2026-07-25 00:32:25,926 [INFO] [MainThread] [root/watcher.py:65]: Watching directory: c:\users\bensondc\.config\yasb
2026-07-25 00:32:25,926 [INFO] [MainThread] [root/watcher.py:104]: Created file watcher
2026-07-25 00:32:25,945 [INFO] [MainThread] [root/update_service.py:434]: Background update checker started
2026-07-25 00:32:26,027 [INFO] [Dummy-13] [root/event_listener.py:147]: Komorebi connected to named pipe: yasb-412b6140-877d-11f1-91d9-a029424ab658
2026-07-25 00:32:35,855 [INFO] [MainThread] [root/controller.py:21]: Reloading Application because of config change.
2026-07-25 00:32:35,969 [INFO] [MainThread] [cli_server/cli_server.py:114]: Log pipe server stopped
2026-07-25 00:32:35,978 [INFO] [MainThread] [root/bar_manager.py:93]: Successfully loaded updated config and re-initialised all bars.
2026-07-25 00:32:36,137 [INFO] [MainThread] [root/bar_manager.py:111]: Stopping HotkeyListener...
2026-07-25 00:32:36,142 [INFO] [MainThread] [root/bar_manager.py:119]: Stopping KomorebiEventListener...
2026-07-25 00:32:36,147 [INFO] [MainThread] [root/bar_manager.py:119]: Stopping SystemEventListener...
2026-07-25 00:32:36,186 [INFO] [MainThread] [root/bar_manager.py:119]: Stopping WindowsNotificationEventListener...
2026-07-25 00:32:36,460 [INFO] [MainThread] [root/log.py:104]: YASB v2.0.5
2026-07-25 00:32:36,461 [INFO] [CLIPipeServer] [cli_server/cli_server.py:216]: CLI server started v1.1.7
2026-07-25 00:32:36,461 [INFO] [MainThread] [cli_server/cli_server.py:106]: Log pipe server started
2026-07-25 00:32:37,343 [INFO] [MainThread] [root/api.py:62]: GitHubDataManager started...
2026-07-25 00:32:37,394 [INFO] [MainThread] [root/service.py:41]: AudioInputService starting...
2026-07-25 00:32:37,417 [INFO] [SystrayHook] [systray_hook/systray_hook.py:193]: Injecting into Explorer (PID: 10372)
2026-07-25 00:32:37,456 [INFO] [MainThread] [root/service.py:52]: AudioOutputService starting...
2026-07-25 00:32:37,766 [INFO] [MainThread] [root/bar_manager.py:229]: Starting HotkeyListener...
2026-07-25 00:32:37,766 [INFO] [MainThread] [root/bar_manager.py:103]: Starting WindowsNotificationEventListener...
2026-07-25 00:32:37,767 [INFO] [MainThread] [root/bar_manager.py:103]: Starting SystemEventListener...
2026-07-25 00:32:37,768 [INFO] [MainThread] [root/bar_manager.py:103]: Starting KomorebiEventListener...
2026-07-25 00:32:37,769 [INFO] [Dummy-13] [root/event_listener.py:54]: Created named pipe yasb-483b1ca7-877d-11f1-bcee-a029424ab658
2026-07-25 00:32:37,771 [INFO] [MainThread] [root/watcher.py:65]: Watching directory: c:\users\bensondc\.config\yasb
2026-07-25 00:32:37,771 [INFO] [MainThread] [root/watcher.py:104]: Created file watcher
2026-07-25 00:32:37,787 [INFO] [MainThread] [root/update_service.py:434]: Background update checker started
2026-07-25 00:32:37,890 [INFO] [Dummy-13] [root/event_listener.py:147]: Komorebi connected to named pipe: yasb-483b1ca7-877d-11f1-bcee-a029424ab658
2026-07-25 00:32:48,172 [INFO] [MainThread] [root/controller.py:21]: Reloading Application because of config change.
2026-07-25 00:32:48,284 [INFO] [MainThread] [cli_server/cli_server.py:114]: Log pipe server stopped
2026-07-25 00:32:48,301 [INFO] [MainThread] [root/bar_manager.py:93]: Successfully loaded updated config and re-initialised all bars.
2026-07-25 00:32:48,470 [INFO] [MainThread] [root/bar_manager.py:111]: Stopping HotkeyListener...
2026-07-25 00:32:48,474 [INFO] [MainThread] [root/bar_manager.py:119]: Stopping WindowsNotificationEventListener...
2026-07-25 00:32:48,478 [INFO] [MainThread] [root/bar_manager.py:119]: Stopping SystemEventListener...
2026-07-25 00:32:48,512 [INFO] [MainThread] [root/bar_manager.py:119]: Stopping KomorebiEventListener...
2026-07-25 00:32:48,799 [INFO] [MainThread] [root/log.py:104]: YASB v2.0.5
2026-07-25 00:32:48,799 [INFO] [CLIPipeServer] [cli_server/cli_server.py:216]: CLI server started v1.1.7
2026-07-25 00:32:48,800 [INFO] [MainThread] [cli_server/cli_server.py:106]: Log pipe server started
2026-07-25 00:32:49,624 [INFO] [MainThread] [root/api.py:62]: GitHubDataManager started...
2026-07-25 00:32:49,680 [INFO] [MainThread] [root/service.py:41]: AudioInputService starting...
2026-07-25 00:32:49,704 [INFO] [SystrayHook] [systray_hook/systray_hook.py:193]: Injecting into Explorer (PID: 10372)
2026-07-25 00:32:49,742 [INFO] [MainThread] [root/service.py:52]: AudioOutputService starting...
2026-07-25 00:32:50,054 [INFO] [MainThread] [root/bar_manager.py:229]: Starting HotkeyListener...
2026-07-25 00:32:50,054 [INFO] [MainThread] [root/bar_manager.py:103]: Starting SystemEventListener...
2026-07-25 00:32:50,054 [INFO] [MainThread] [root/bar_manager.py:103]: Starting KomorebiEventListener...
2026-07-25 00:32:50,055 [INFO] [MainThread] [root/bar_manager.py:103]: Starting WindowsNotificationEventListener...
2026-07-25 00:32:50,057 [INFO] [MainThread] [root/watcher.py:65]: Watching directory: c:\users\bensondc\.config\yasb
2026-07-25 00:32:50,057 [INFO] [MainThread] [root/watcher.py:104]: Created file watcher
2026-07-25 00:32:50,057 [INFO] [Dummy-15] [root/event_listener.py:54]: Created named pipe yasb-4f8dc7f0-877d-11f1-b86d-a029424ab658
2026-07-25 00:32:50,078 [INFO] [MainThread] [root/update_service.py:434]: Background update checker started
2026-07-25 00:32:50,182 [INFO] [Dummy-15] [root/event_listener.py:147]: Komorebi connected to named pipe: yasb-4f8dc7f0-877d-11f1-b86d-a029424ab658
2026-07-25 00:33:37,095 [INFO] [MainThread] [root/controller.py:21]: Reloading Application because of config change.
2026-07-25 00:33:37,202 [INFO] [MainThread] [cli_server/cli_server.py:114]: Log pipe server stopped
2026-07-25 00:33:37,215 [INFO] [MainThread] [root/bar_manager.py:93]: Successfully loaded updated config and re-initialised all bars.
2026-07-25 00:33:37,382 [INFO] [MainThread] [root/bar_manager.py:111]: Stopping HotkeyListener...
2026-07-25 00:33:37,391 [INFO] [MainThread] [root/bar_manager.py:119]: Stopping SystemEventListener...
2026-07-25 00:33:37,428 [INFO] [MainThread] [root/bar_manager.py:119]: Stopping KomorebiEventListener...
2026-07-25 00:33:37,431 [INFO] [MainThread] [root/bar_manager.py:119]: Stopping WindowsNotificationEventListener...
2026-07-25 00:33:37,704 [INFO] [MainThread] [root/log.py:104]: YASB v2.0.5
2026-07-25 00:33:37,705 [INFO] [CLIPipeServer] [cli_server/cli_server.py:216]: CLI server started v1.1.7
2026-07-25 00:33:37,705 [INFO] [MainThread] [cli_server/cli_server.py:106]: Log pipe server started
2026-07-25 00:33:38,409 [INFO] [MainThread] [root/api.py:62]: GitHubDataManager started...
2026-07-25 00:33:38,466 [INFO] [MainThread] [root/service.py:41]: AudioInputService starting...
2026-07-25 00:33:38,486 [INFO] [SystrayHook] [systray_hook/systray_hook.py:193]: Injecting into Explorer (PID: 10372)
2026-07-25 00:33:38,528 [INFO] [MainThread] [root/service.py:52]: AudioOutputService starting...
2026-07-25 00:33:38,866 [INFO] [MainThread] [root/bar_manager.py:229]: Starting HotkeyListener...
2026-07-25 00:33:38,866 [INFO] [MainThread] [root/bar_manager.py:103]: Starting KomorebiEventListener...
2026-07-25 00:33:38,867 [INFO] [MainThread] [root/bar_manager.py:103]: Starting SystemEventListener...
2026-07-25 00:33:38,867 [INFO] [MainThread] [root/bar_manager.py:103]: Starting WindowsNotificationEventListener...
2026-07-25 00:33:38,868 [INFO] [Dummy-13] [root/event_listener.py:54]: Created named pipe yasb-6ca5f1f6-877d-11f1-b7fc-a029424ab658
2026-07-25 00:33:38,870 [INFO] [MainThread] [root/watcher.py:65]: Watching directory: c:\users\bensondc\.config\yasb
2026-07-25 00:33:38,871 [INFO] [MainThread] [root/watcher.py:104]: Created file watcher
2026-07-25 00:33:38,899 [INFO] [MainThread] [root/update_service.py:434]: Background update checker started
2026-07-25 00:33:38,974 [INFO] [Dummy-13] [root/event_listener.py:147]: Komorebi connected to named pipe: yasb-6ca5f1f6-877d-11f1-b7fc-a029424ab658
2026-07-25 00:33:49,302 [INFO] [MainThread] [root/controller.py:21]: Reloading Application because of config change.
2026-07-25 00:33:49,416 [INFO] [MainThread] [cli_server/cli_server.py:114]: Log pipe server stopped
2026-07-25 00:33:49,429 [INFO] [MainThread] [root/bar_manager.py:93]: Successfully loaded updated config and re-initialised all bars.
2026-07-25 00:33:49,596 [INFO] [MainThread] [root/bar_manager.py:111]: Stopping HotkeyListener...
2026-07-25 00:33:49,600 [INFO] [MainThread] [root/bar_manager.py:119]: Stopping KomorebiEventListener...
2026-07-25 00:33:49,606 [INFO] [MainThread] [root/bar_manager.py:119]: Stopping SystemEventListener...
2026-07-25 00:33:49,635 [INFO] [MainThread] [root/bar_manager.py:119]: Stopping WindowsNotificationEventListener...
2026-07-25 00:33:49,938 [INFO] [MainThread] [root/log.py:104]: YASB v2.0.5
2026-07-25 00:33:49,938 [INFO] [CLIPipeServer] [cli_server/cli_server.py:216]: CLI server started v1.1.7
2026-07-25 00:33:49,939 [INFO] [MainThread] [cli_server/cli_server.py:106]: Log pipe server started
2026-07-25 00:33:50,638 [INFO] [MainThread] [root/api.py:62]: GitHubDataManager started...
2026-07-25 00:33:50,690 [INFO] [MainThread] [root/service.py:41]: AudioInputService starting...
2026-07-25 00:33:50,710 [INFO] [SystrayHook] [systray_hook/systray_hook.py:193]: Injecting into Explorer (PID: 10372)
2026-07-25 00:33:50,749 [INFO] [MainThread] [root/service.py:52]: AudioOutputService starting...
2026-07-25 00:33:51,045 [INFO] [MainThread] [root/bar_manager.py:229]: Starting HotkeyListener...
2026-07-25 00:33:51,046 [INFO] [MainThread] [root/bar_manager.py:103]: Starting KomorebiEventListener...
2026-07-25 00:33:51,046 [INFO] [MainThread] [root/bar_manager.py:103]: Starting WindowsNotificationEventListener...
2026-07-25 00:33:51,047 [INFO] [MainThread] [root/bar_manager.py:103]: Starting SystemEventListener...
2026-07-25 00:33:51,048 [INFO] [Dummy-14] [root/event_listener.py:54]: Created named pipe yasb-73e867ee-877d-11f1-8fe1-a029424ab658
2026-07-25 00:33:51,049 [INFO] [MainThread] [root/watcher.py:65]: Watching directory: c:\users\bensondc\.config\yasb
2026-07-25 00:33:51,049 [INFO] [MainThread] [root/watcher.py:104]: Created file watcher
2026-07-25 00:33:51,064 [INFO] [MainThread] [root/update_service.py:434]: Background update checker started
2026-07-25 00:33:51,170 [INFO] [Dummy-14] [root/event_listener.py:147]: Komorebi connected to named pipe: yasb-73e867ee-877d-11f1-8fe1-a029424ab658
2026-07-25 00:35:51,485 [INFO] [MainThread] [root/controller.py:21]: Reloading Application because of config change.
2026-07-25 00:35:51,592 [INFO] [MainThread] [cli_server/cli_server.py:114]: Log pipe server stopped
2026-07-25 00:35:51,604 [INFO] [MainThread] [root/bar_manager.py:93]: Successfully loaded updated config and re-initialised all bars.
2026-07-25 00:35:51,786 [INFO] [MainThread] [root/bar_manager.py:111]: Stopping HotkeyListener...
2026-07-25 00:35:51,791 [INFO] [MainThread] [root/bar_manager.py:119]: Stopping KomorebiEventListener...
2026-07-25 00:35:51,795 [INFO] [MainThread] [root/bar_manager.py:119]: Stopping WindowsNotificationEventListener...
2026-07-25 00:35:51,801 [INFO] [MainThread] [root/bar_manager.py:119]: Stopping SystemEventListener...
2026-07-25 00:35:52,110 [INFO] [MainThread] [root/log.py:104]: YASB v2.0.5
2026-07-25 00:35:52,111 [INFO] [CLIPipeServer] [cli_server/cli_server.py:216]: CLI server started v1.1.7
2026-07-25 00:35:52,111 [INFO] [MainThread] [cli_server/cli_server.py:106]: Log pipe server started
2026-07-25 00:35:53,088 [INFO] [MainThread] [root/api.py:62]: GitHubDataManager started...
2026-07-25 00:35:53,141 [INFO] [MainThread] [root/service.py:41]: AudioInputService starting...
2026-07-25 00:35:53,163 [INFO] [SystrayHook] [systray_hook/systray_hook.py:193]: Injecting into Explorer (PID: 10372)
2026-07-25 00:35:53,203 [INFO] [MainThread] [root/service.py:52]: AudioOutputService starting...
2026-07-25 00:35:53,530 [INFO] [MainThread] [root/bar_manager.py:229]: Starting HotkeyListener...
2026-07-25 00:35:53,530 [INFO] [MainThread] [root/bar_manager.py:103]: Starting SystemEventListener...
2026-07-25 00:35:53,531 [INFO] [MainThread] [root/bar_manager.py:103]: Starting WindowsNotificationEventListener...
2026-07-25 00:35:53,531 [INFO] [MainThread] [root/bar_manager.py:103]: Starting KomorebiEventListener...
2026-07-25 00:35:53,532 [INFO] [Dummy-13] [root/event_listener.py:54]: Created named pipe yasb-bcea21d0-877d-11f1-8da8-a029424ab658
2026-07-25 00:35:53,533 [INFO] [MainThread] [root/watcher.py:65]: Watching directory: c:\users\bensondc\.config\yasb
2026-07-25 00:35:53,534 [INFO] [MainThread] [root/watcher.py:104]: Created file watcher
2026-07-25 00:35:53,550 [INFO] [MainThread] [root/update_service.py:434]: Background update checker started
2026-07-25 00:35:53,646 [INFO] [Dummy-13] [root/event_listener.py:147]: Komorebi connected to named pipe: yasb-bcea21d0-877d-11f1-8da8-a029424ab658
2026-07-25 00:40:48,362 [INFO] [MainThread] [root/controller.py:21]: Reloading Bar from context menu...
2026-07-25 00:40:48,472 [INFO] [MainThread] [cli_server/cli_server.py:114]: Log pipe server stopped
2026-07-25 00:40:48,624 [INFO] [MainThread] [root/bar_manager.py:111]: Stopping HotkeyListener...
2026-07-25 00:40:48,625 [INFO] [MainThread] [root/bar_manager.py:119]: Stopping SystemEventListener...
2026-07-25 00:40:48,634 [INFO] [MainThread] [root/bar_manager.py:119]: Stopping WindowsNotificationEventListener...
2026-07-25 00:40:48,635 [INFO] [MainThread] [root/bar_manager.py:119]: Stopping KomorebiEventListener...
2026-07-25 00:40:48,993 [INFO] [MainThread] [root/log.py:104]: YASB v2.0.5
2026-07-25 00:40:48,993 [INFO] [CLIPipeServer] [cli_server/cli_server.py:216]: CLI server started v1.1.7
2026-07-25 00:40:48,993 [INFO] [MainThread] [cli_server/cli_server.py:106]: Log pipe server started
2026-07-25 00:40:49,745 [INFO] [MainThread] [root/api.py:62]: GitHubDataManager started...
2026-07-25 00:40:49,798 [INFO] [MainThread] [root/service.py:41]: AudioInputService starting...
2026-07-25 00:40:49,820 [INFO] [SystrayHook] [systray_hook/systray_hook.py:193]: Injecting into Explorer (PID: 10372)
2026-07-25 00:40:49,859 [INFO] [MainThread] [root/service.py:52]: AudioOutputService starting...
2026-07-25 00:40:50,205 [INFO] [MainThread] [root/bar_manager.py:229]: Starting HotkeyListener...
2026-07-25 00:40:50,205 [INFO] [MainThread] [root/bar_manager.py:103]: Starting SystemEventListener...
2026-07-25 00:40:50,206 [INFO] [MainThread] [root/bar_manager.py:103]: Starting KomorebiEventListener...
2026-07-25 00:40:50,207 [INFO] [MainThread] [root/bar_manager.py:103]: Starting WindowsNotificationEventListener...
2026-07-25 00:40:50,209 [INFO] [MainThread] [root/watcher.py:65]: Watching directory: c:\users\bensondc\.config\yasb
2026-07-25 00:40:50,209 [INFO] [MainThread] [root/watcher.py:104]: Created file watcher
2026-07-25 00:40:50,209 [INFO] [Dummy-15] [root/event_listener.py:54]: Created named pipe yasb-6dbf3351-877e-11f1-ac09-a029424ab658
2026-07-25 00:40:50,228 [INFO] [MainThread] [root/update_service.py:434]: Background update checker started
2026-07-25 00:40:50,319 [INFO] [Dummy-15] [root/event_listener.py:147]: Komorebi connected to named pipe: yasb-6dbf3351-877e-11f1-ac09-a029424ab658
2026-07-25 00:46:02,704 [INFO] [MainThread] [root/controller.py:21]: Reloading Application because of config change.
2026-07-25 00:46:02,807 [INFO] [MainThread] [cli_server/cli_server.py:114]: Log pipe server stopped
2026-07-25 00:46:02,819 [INFO] [MainThread] [root/bar_manager.py:93]: Successfully loaded updated config and re-initialised all bars.
2026-07-25 00:46:02,986 [INFO] [MainThread] [root/bar_manager.py:111]: Stopping HotkeyListener...
2026-07-25 00:46:02,991 [INFO] [MainThread] [root/bar_manager.py:119]: Stopping SystemEventListener...
2026-07-25 00:46:03,025 [INFO] [MainThread] [root/bar_manager.py:119]: Stopping KomorebiEventListener...
2026-07-25 00:46:03,027 [INFO] [MainThread] [root/bar_manager.py:119]: Stopping WindowsNotificationEventListener...
2026-07-25 00:46:03,322 [INFO] [MainThread] [root/log.py:104]: YASB v2.0.5
2026-07-25 00:46:03,322 [INFO] [CLIPipeServer] [cli_server/cli_server.py:216]: CLI server started v1.1.7
2026-07-25 00:46:03,322 [INFO] [MainThread] [cli_server/cli_server.py:106]: Log pipe server started
2026-07-25 00:46:04,113 [INFO] [MainThread] [root/api.py:62]: GitHubDataManager started...
2026-07-25 00:46:04,167 [INFO] [MainThread] [root/service.py:41]: AudioInputService starting...
2026-07-25 00:46:04,189 [INFO] [SystrayHook] [systray_hook/systray_hook.py:193]: Injecting into Explorer (PID: 10372)
2026-07-25 00:46:04,226 [INFO] [MainThread] [root/service.py:52]: AudioOutputService starting...
2026-07-25 00:46:04,554 [INFO] [MainThread] [root/bar_manager.py:229]: Starting HotkeyListener...
2026-07-25 00:46:04,555 [INFO] [MainThread] [root/bar_manager.py:103]: Starting KomorebiEventListener...
2026-07-25 00:46:04,555 [INFO] [MainThread] [root/bar_manager.py:103]: Starting WindowsNotificationEventListener...
2026-07-25 00:46:04,556 [INFO] [MainThread] [root/bar_manager.py:103]: Starting SystemEventListener...
2026-07-25 00:46:04,557 [INFO] [MainThread] [root/watcher.py:65]: Watching directory: c:\users\bensondc\.config\yasb
2026-07-25 00:46:04,557 [INFO] [MainThread] [root/watcher.py:104]: Created file watcher
2026-07-25 00:46:04,557 [INFO] [Dummy-15] [root/event_listener.py:54]: Created named pipe yasb-291ce565-877f-11f1-b390-a029424ab658
2026-07-25 00:46:04,579 [INFO] [MainThread] [root/update_service.py:434]: Background update checker started
2026-07-25 00:46:04,678 [INFO] [Dummy-15] [root/event_listener.py:147]: Komorebi connected to named pipe: yasb-291ce565-877f-11f1-b390-a029424ab658
2026-07-25 00:48:18,333 [INFO] [MainThread] [root/controller.py:21]: Reloading Bar from context menu...
2026-07-25 00:48:18,440 [INFO] [MainThread] [cli_server/cli_server.py:114]: Log pipe server stopped
2026-07-25 00:48:18,591 [INFO] [MainThread] [root/bar_manager.py:111]: Stopping HotkeyListener...
2026-07-25 00:48:18,595 [INFO] [MainThread] [root/bar_manager.py:119]: Stopping KomorebiEventListener...
2026-07-25 00:48:18,599 [INFO] [MainThread] [root/bar_manager.py:119]: Stopping WindowsNotificationEventListener...
2026-07-25 00:48:18,601 [INFO] [MainThread] [root/bar_manager.py:119]: Stopping SystemEventListener...
2026-07-25 00:48:18,941 [INFO] [MainThread] [root/log.py:104]: YASB v2.0.5
2026-07-25 00:48:18,941 [INFO] [CLIPipeServer] [cli_server/cli_server.py:216]: CLI server started v1.1.7
2026-07-25 00:48:18,942 [INFO] [MainThread] [cli_server/cli_server.py:106]: Log pipe server started
2026-07-25 00:48:19,664 [INFO] [MainThread] [root/api.py:62]: GitHubDataManager started...
2026-07-25 00:48:19,716 [INFO] [MainThread] [root/service.py:41]: AudioInputService starting...
2026-07-25 00:48:19,739 [INFO] [SystrayHook] [systray_hook/systray_hook.py:193]: Injecting into Explorer (PID: 10372)
2026-07-25 00:48:19,775 [INFO] [MainThread] [root/service.py:52]: AudioOutputService starting...
2026-07-25 00:48:20,131 [INFO] [MainThread] [root/bar_manager.py:229]: Starting HotkeyListener...
2026-07-25 00:48:20,131 [INFO] [MainThread] [root/bar_manager.py:103]: Starting WindowsNotificationEventListener...
2026-07-25 00:48:20,132 [INFO] [MainThread] [root/bar_manager.py:103]: Starting SystemEventListener...
2026-07-25 00:48:20,132 [INFO] [MainThread] [root/bar_manager.py:103]: Starting KomorebiEventListener...
2026-07-25 00:48:20,135 [INFO] [MainThread] [root/watcher.py:65]: Watching directory: c:\users\bensondc\.config\yasb
2026-07-25 00:48:20,135 [INFO] [MainThread] [root/watcher.py:104]: Created file watcher
2026-07-25 00:48:20,135 [INFO] [Dummy-15] [root/event_listener.py:54]: Created named pipe yasb-79ec6a1d-877f-11f1-87c2-a029424ab658
2026-07-25 00:48:20,150 [INFO] [MainThread] [root/update_service.py:434]: Background update checker started
2026-07-25 00:48:20,241 [INFO] [Dummy-15] [root/event_listener.py:147]: Komorebi connected to named pipe: yasb-79ec6a1d-877f-11f1-87c2-a029424ab658
2026-07-25 00:50:45,425 [INFO] [MainThread] [root/controller.py:21]: Reloading Application because of config change.
2026-07-25 00:50:45,530 [INFO] [MainThread] [cli_server/cli_server.py:114]: Log pipe server stopped
2026-07-25 00:50:45,547 [INFO] [MainThread] [root/bar_manager.py:93]: Successfully loaded updated config and re-initialised all bars.
2026-07-25 00:50:45,711 [INFO] [MainThread] [root/bar_manager.py:111]: Stopping HotkeyListener...
2026-07-25 00:50:45,717 [INFO] [MainThread] [root/bar_manager.py:119]: Stopping WindowsNotificationEventListener...
2026-07-25 00:50:45,722 [INFO] [MainThread] [root/bar_manager.py:119]: Stopping SystemEventListener...
2026-07-25 00:50:45,760 [INFO] [MainThread] [root/bar_manager.py:119]: Stopping KomorebiEventListener...
2026-07-25 00:50:46,062 [INFO] [MainThread] [root/log.py:104]: YASB v2.0.5
2026-07-25 00:50:46,063 [INFO] [CLIPipeServer] [cli_server/cli_server.py:216]: CLI server started v1.1.7
2026-07-25 00:50:46,063 [INFO] [MainThread] [cli_server/cli_server.py:106]: Log pipe server started
2026-07-25 00:50:46,922 [INFO] [MainThread] [root/api.py:62]: GitHubDataManager started...
2026-07-25 00:50:46,975 [INFO] [MainThread] [root/service.py:41]: AudioInputService starting...
2026-07-25 00:50:46,999 [INFO] [SystrayHook] [systray_hook/systray_hook.py:193]: Injecting into Explorer (PID: 10372)
2026-07-25 00:50:47,032 [INFO] [MainThread] [root/service.py:52]: AudioOutputService starting...
2026-07-25 00:50:47,393 [INFO] [MainThread] [root/bar_manager.py:229]: Starting HotkeyListener...
2026-07-25 00:50:47,394 [INFO] [MainThread] [root/bar_manager.py:103]: Starting WindowsNotificationEventListener...
2026-07-25 00:50:47,394 [INFO] [MainThread] [root/bar_manager.py:103]: Starting SystemEventListener...
2026-07-25 00:50:47,394 [INFO] [MainThread] [root/bar_manager.py:103]: Starting KomorebiEventListener...
2026-07-25 00:50:47,396 [INFO] [MainThread] [root/watcher.py:65]: Watching directory: c:\users\bensondc\.config\yasb
2026-07-25 00:50:47,396 [INFO] [MainThread] [root/watcher.py:104]: Created file watcher
2026-07-25 00:50:47,396 [INFO] [Dummy-15] [root/event_listener.py:54]: Created named pipe yasb-d1b2c8f3-877f-11f1-ad13-a029424ab658
2026-07-25 00:50:47,411 [INFO] [MainThread] [root/update_service.py:434]: Background update checker started
2026-07-25 00:50:47,521 [INFO] [Dummy-15] [root/event_listener.py:147]: Komorebi connected to named pipe: yasb-d1b2c8f3-877f-11f1-ad13-a029424ab658
2026-07-25 00:54:36,076 [INFO] [MainThread] [root/controller.py:21]: Reloading Application because of config change.
2026-07-25 00:54:36,179 [INFO] [MainThread] [cli_server/cli_server.py:114]: Log pipe server stopped
2026-07-25 00:54:36,188 [INFO] [MainThread] [root/bar_manager.py:93]: Successfully loaded updated config and re-initialised all bars.
2026-07-25 00:54:36,333 [INFO] [MainThread] [root/bar_manager.py:111]: Stopping HotkeyListener...
2026-07-25 00:54:36,337 [INFO] [MainThread] [root/bar_manager.py:119]: Stopping WindowsNotificationEventListener...
2026-07-25 00:54:36,340 [INFO] [MainThread] [root/bar_manager.py:119]: Stopping SystemEventListener...
2026-07-25 00:54:36,366 [INFO] [MainThread] [root/bar_manager.py:119]: Stopping KomorebiEventListener...
2026-07-25 00:54:36,684 [INFO] [MainThread] [root/log.py:104]: YASB v2.0.5
2026-07-25 00:54:36,685 [INFO] [CLIPipeServer] [cli_server/cli_server.py:216]: CLI server started v1.1.7
2026-07-25 00:54:36,685 [INFO] [MainThread] [cli_server/cli_server.py:106]: Log pipe server started
2026-07-25 00:54:37,407 [INFO] [MainThread] [root/api.py:62]: GitHubDataManager started...
2026-07-25 00:54:37,463 [INFO] [MainThread] [root/service.py:41]: AudioInputService starting...
2026-07-25 00:54:37,485 [INFO] [SystrayHook] [systray_hook/systray_hook.py:193]: Injecting into Explorer (PID: 10372)
2026-07-25 00:54:37,521 [INFO] [MainThread] [root/service.py:52]: AudioOutputService starting...
2026-07-25 00:54:37,911 [INFO] [MainThread] [root/bar_manager.py:229]: Starting HotkeyListener...
2026-07-25 00:54:37,912 [INFO] [MainThread] [root/bar_manager.py:103]: Starting SystemEventListener...
2026-07-25 00:54:37,912 [INFO] [MainThread] [root/bar_manager.py:103]: Starting WindowsNotificationEventListener...
2026-07-25 00:54:37,912 [INFO] [MainThread] [root/bar_manager.py:103]: Starting KomorebiEventListener...
2026-07-25 00:54:37,913 [INFO] [Dummy-13] [root/event_listener.py:54]: Created named pipe yasb-5b1918e3-8780-11f1-b8fe-a029424ab658
2026-07-25 00:54:37,915 [INFO] [MainThread] [root/watcher.py:65]: Watching directory: c:\users\bensondc\.config\yasb
2026-07-25 00:54:37,915 [INFO] [MainThread] [root/watcher.py:104]: Created file watcher
2026-07-25 00:54:37,931 [INFO] [MainThread] [root/update_service.py:434]: Background update checker started
2026-07-25 00:54:38,016 [INFO] [Dummy-13] [root/event_listener.py:147]: Komorebi connected to named pipe: yasb-5b1918e3-8780-11f1-b8fe-a029424ab658
2026-07-25 00:55:09,398 [INFO] [MainThread] [root/controller.py:21]: Reloading Application because of config change.
2026-07-25 00:55:09,505 [INFO] [MainThread] [cli_server/cli_server.py:114]: Log pipe server stopped
2026-07-25 00:55:09,512 [INFO] [MainThread] [root/bar_manager.py:93]: Successfully loaded updated config and re-initialised all bars.
2026-07-25 00:55:09,708 [INFO] [MainThread] [root/bar_manager.py:111]: Stopping HotkeyListener...
2026-07-25 00:55:09,712 [INFO] [MainThread] [root/bar_manager.py:119]: Stopping SystemEventListener...
2026-07-25 00:55:09,770 [INFO] [MainThread] [root/bar_manager.py:119]: Stopping WindowsNotificationEventListener...
2026-07-25 00:55:09,779 [INFO] [MainThread] [root/bar_manager.py:119]: Stopping KomorebiEventListener...
2026-07-25 00:55:10,003 [INFO] [MainThread] [root/log.py:104]: YASB v2.0.5
2026-07-25 00:55:10,003 [INFO] [CLIPipeServer] [cli_server/cli_server.py:216]: CLI server started v1.1.7
2026-07-25 00:55:10,004 [INFO] [MainThread] [cli_server/cli_server.py:106]: Log pipe server started
2026-07-25 00:55:10,769 [INFO] [MainThread] [root/api.py:62]: GitHubDataManager started...
2026-07-25 00:55:10,823 [INFO] [MainThread] [root/service.py:41]: AudioInputService starting...
2026-07-25 00:55:10,845 [INFO] [SystrayHook] [systray_hook/systray_hook.py:193]: Injecting into Explorer (PID: 10372)
2026-07-25 00:55:10,882 [INFO] [MainThread] [root/service.py:52]: AudioOutputService starting...
2026-07-25 00:55:11,245 [INFO] [MainThread] [root/bar_manager.py:229]: Starting HotkeyListener...
2026-07-25 00:55:11,245 [INFO] [MainThread] [root/bar_manager.py:103]: Starting SystemEventListener...
2026-07-25 00:55:11,245 [INFO] [MainThread] [root/bar_manager.py:103]: Starting WindowsNotificationEventListener...
2026-07-25 00:55:11,245 [INFO] [MainThread] [root/bar_manager.py:103]: Starting KomorebiEventListener...
2026-07-25 00:55:11,247 [INFO] [MainThread] [root/watcher.py:65]: Watching directory: c:\users\bensondc\.config\yasb
2026-07-25 00:55:11,247 [INFO] [MainThread] [root/watcher.py:104]: Created file watcher
2026-07-25 00:55:11,247 [INFO] [Dummy-15] [root/event_listener.py:54]: Created named pipe yasb-6ef74d3d-8780-11f1-a60c-a029424ab658
2026-07-25 00:55:11,264 [INFO] [MainThread] [root/update_service.py:434]: Background update checker started
2026-07-25 00:55:11,367 [INFO] [Dummy-15] [root/event_listener.py:147]: Komorebi connected to named pipe: yasb-6ef74d3d-8780-11f1-a60c-a029424ab658
2026-07-25 00:55:56,737 [INFO] [MainThread] [root/controller.py:21]: Reloading Application because of config change.
2026-07-25 00:55:56,841 [INFO] [MainThread] [cli_server/cli_server.py:114]: Log pipe server stopped
2026-07-25 00:55:56,852 [INFO] [MainThread] [root/bar_manager.py:93]: Successfully loaded updated config and re-initialised all bars.
2026-07-25 00:55:56,990 [INFO] [MainThread] [root/bar_manager.py:111]: Stopping HotkeyListener...
2026-07-25 00:55:56,996 [INFO] [MainThread] [root/bar_manager.py:119]: Stopping SystemEventListener...
2026-07-25 00:55:57,035 [INFO] [MainThread] [root/bar_manager.py:119]: Stopping WindowsNotificationEventListener...
2026-07-25 00:55:57,039 [INFO] [MainThread] [root/bar_manager.py:119]: Stopping KomorebiEventListener...
2026-07-25 00:55:57,343 [INFO] [MainThread] [root/log.py:104]: YASB v2.0.5
2026-07-25 00:55:57,344 [INFO] [CLIPipeServer] [cli_server/cli_server.py:216]: CLI server started v1.1.7
2026-07-25 00:55:57,344 [INFO] [MainThread] [cli_server/cli_server.py:106]: Log pipe server started
2026-07-25 00:55:58,143 [INFO] [MainThread] [root/api.py:62]: GitHubDataManager started...
2026-07-25 00:55:58,196 [INFO] [MainThread] [root/service.py:41]: AudioInputService starting...
2026-07-25 00:55:58,223 [INFO] [SystrayHook] [systray_hook/systray_hook.py:193]: Injecting into Explorer (PID: 10372)
2026-07-25 00:55:58,254 [INFO] [MainThread] [root/service.py:52]: AudioOutputService starting...
2026-07-25 00:55:58,624 [INFO] [MainThread] [root/bar_manager.py:229]: Starting HotkeyListener...
2026-07-25 00:55:58,625 [INFO] [MainThread] [root/bar_manager.py:103]: Starting SystemEventListener...
2026-07-25 00:55:58,625 [INFO] [MainThread] [root/bar_manager.py:103]: Starting KomorebiEventListener...
2026-07-25 00:55:58,625 [INFO] [MainThread] [root/bar_manager.py:103]: Starting WindowsNotificationEventListener...
2026-07-25 00:55:58,626 [INFO] [Dummy-13] [root/event_listener.py:54]: Created named pipe yasb-8b34de84-8780-11f1-a340-a029424ab658
2026-07-25 00:55:58,627 [INFO] [MainThread] [root/watcher.py:65]: Watching directory: c:\users\bensondc\.config\yasb
2026-07-25 00:55:58,628 [INFO] [MainThread] [root/watcher.py:104]: Created file watcher
2026-07-25 00:55:58,652 [INFO] [MainThread] [root/update_service.py:434]: Background update checker started
2026-07-25 00:55:58,731 [INFO] [Dummy-13] [root/event_listener.py:147]: Komorebi connected to named pipe: yasb-8b34de84-8780-11f1-a340-a029424ab658
2026-07-25 00:58:57,049 [INFO] [MainThread] [root/controller.py:21]: Reloading Application because of config change.
2026-07-25 00:58:57,149 [INFO] [MainThread] [cli_server/cli_server.py:114]: Log pipe server stopped
2026-07-25 00:58:57,161 [INFO] [MainThread] [root/bar_manager.py:93]: Successfully loaded updated config and re-initialised all bars.
2026-07-25 00:58:57,303 [INFO] [MainThread] [root/bar_manager.py:111]: Stopping HotkeyListener...
2026-07-25 00:58:57,307 [INFO] [MainThread] [root/bar_manager.py:119]: Stopping SystemEventListener...
2026-07-25 00:58:57,349 [INFO] [MainThread] [root/bar_manager.py:119]: Stopping KomorebiEventListener...
2026-07-25 00:58:57,351 [INFO] [MainThread] [root/bar_manager.py:119]: Stopping WindowsNotificationEventListener...
2026-07-25 00:58:57,639 [INFO] [MainThread] [root/log.py:104]: YASB v2.0.5
2026-07-25 00:58:57,640 [INFO] [CLIPipeServer] [cli_server/cli_server.py:216]: CLI server started v1.1.7
2026-07-25 00:58:57,640 [INFO] [MainThread] [cli_server/cli_server.py:106]: Log pipe server started
2026-07-25 00:58:58,366 [INFO] [MainThread] [root/api.py:62]: GitHubDataManager started...
2026-07-25 00:58:58,420 [INFO] [MainThread] [root/service.py:41]: AudioInputService starting...
2026-07-25 00:58:58,442 [INFO] [SystrayHook] [systray_hook/systray_hook.py:193]: Injecting into Explorer (PID: 10372)
2026-07-25 00:58:58,481 [INFO] [MainThread] [root/service.py:52]: AudioOutputService starting...
2026-07-25 00:58:58,837 [INFO] [MainThread] [root/bar_manager.py:229]: Starting HotkeyListener...
2026-07-25 00:58:58,837 [INFO] [MainThread] [root/bar_manager.py:103]: Starting WindowsNotificationEventListener...
2026-07-25 00:58:58,838 [INFO] [MainThread] [root/bar_manager.py:103]: Starting SystemEventListener...
2026-07-25 00:58:58,838 [INFO] [MainThread] [root/bar_manager.py:103]: Starting KomorebiEventListener...
2026-07-25 00:58:58,839 [INFO] [MainThread] [root/watcher.py:65]: Watching directory: c:\users\bensondc\.config\yasb
2026-07-25 00:58:58,839 [INFO] [MainThread] [root/watcher.py:104]: Created file watcher
2026-07-25 00:58:58,854 [INFO] [Dummy-15] [root/event_listener.py:54]: Created named pipe yasb-f69f231a-8780-11f1-8f73-a029424ab658
2026-07-25 00:58:58,859 [INFO] [MainThread] [root/update_service.py:434]: Background update checker started
2026-07-25 00:58:58,962 [INFO] [Dummy-15] [root/event_listener.py:147]: Komorebi connected to named pipe: yasb-f69f231a-8780-11f1-8f73-a029424ab658
2026-07-25 01:00:54,441 [INFO] [MainThread] [root/controller.py:21]: Reloading Application because of config change.
2026-07-25 01:00:54,545 [INFO] [MainThread] [cli_server/cli_server.py:114]: Log pipe server stopped
2026-07-25 01:00:54,556 [INFO] [MainThread] [root/bar_manager.py:93]: Successfully loaded updated config and re-initialised all bars.
2026-07-25 01:00:54,701 [INFO] [MainThread] [root/bar_manager.py:111]: Stopping HotkeyListener...
2026-07-25 01:00:54,705 [INFO] [MainThread] [root/bar_manager.py:119]: Stopping WindowsNotificationEventListener...
2026-07-25 01:00:54,709 [INFO] [MainThread] [root/bar_manager.py:119]: Stopping SystemEventListener...
2026-07-25 01:00:54,748 [INFO] [MainThread] [root/bar_manager.py:119]: Stopping KomorebiEventListener...
2026-07-25 01:00:55,070 [INFO] [MainThread] [root/log.py:104]: YASB v2.0.5
2026-07-25 01:00:55,070 [INFO] [CLIPipeServer] [cli_server/cli_server.py:216]: CLI server started v1.1.7
2026-07-25 01:00:55,071 [INFO] [MainThread] [cli_server/cli_server.py:106]: Log pipe server started
2026-07-25 01:00:55,817 [INFO] [MainThread] [root/api.py:62]: GitHubDataManager started...
2026-07-25 01:00:55,869 [INFO] [MainThread] [root/service.py:41]: AudioInputService starting...
2026-07-25 01:00:55,893 [INFO] [SystrayHook] [systray_hook/systray_hook.py:193]: Injecting into Explorer (PID: 10372)
2026-07-25 01:00:55,927 [INFO] [MainThread] [root/service.py:52]: AudioOutputService starting...
2026-07-25 01:00:56,264 [INFO] [MainThread] [root/bar_manager.py:229]: Starting HotkeyListener...
2026-07-25 01:00:56,264 [INFO] [MainThread] [root/bar_manager.py:103]: Starting WindowsNotificationEventListener...
2026-07-25 01:00:56,265 [INFO] [MainThread] [root/bar_manager.py:103]: Starting KomorebiEventListener...
2026-07-25 01:00:56,265 [INFO] [MainThread] [root/bar_manager.py:103]: Starting SystemEventListener...
2026-07-25 01:00:56,267 [INFO] [Dummy-14] [root/event_listener.py:54]: Created named pipe yasb-3c9d21c8-8781-11f1-a3ab-a029424ab658
2026-07-25 01:00:56,267 [INFO] [MainThread] [root/watcher.py:65]: Watching directory: c:\users\bensondc\.config\yasb
2026-07-25 01:00:56,268 [INFO] [MainThread] [root/watcher.py:104]: Created file watcher
2026-07-25 01:00:56,288 [INFO] [MainThread] [root/update_service.py:434]: Background update checker started
2026-07-25 01:00:56,388 [INFO] [Dummy-14] [root/event_listener.py:147]: Komorebi connected to named pipe: yasb-3c9d21c8-8781-11f1-a3ab-a029424ab658
2026-07-25 01:03:18,363 [INFO] [MainThread] [root/controller.py:21]: Reloading Application because of config change.
2026-07-25 01:03:18,466 [INFO] [MainThread] [cli_server/cli_server.py:114]: Log pipe server stopped
2026-07-25 01:03:18,482 [INFO] [MainThread] [root/bar_manager.py:93]: Successfully loaded updated config and re-initialised all bars.
2026-07-25 01:03:18,634 [INFO] [MainThread] [root/bar_manager.py:111]: Stopping HotkeyListener...
2026-07-25 01:03:18,640 [INFO] [MainThread] [root/bar_manager.py:119]: Stopping WindowsNotificationEventListener...
2026-07-25 01:03:18,644 [INFO] [MainThread] [root/bar_manager.py:119]: Stopping KomorebiEventListener...
2026-07-25 01:03:18,650 [INFO] [MainThread] [root/bar_manager.py:119]: Stopping SystemEventListener...
2026-07-25 01:03:18,970 [INFO] [MainThread] [root/log.py:104]: YASB v2.0.5
2026-07-25 01:03:18,970 [INFO] [CLIPipeServer] [cli_server/cli_server.py:216]: CLI server started v1.1.7
2026-07-25 01:03:18,970 [INFO] [MainThread] [cli_server/cli_server.py:106]: Log pipe server started
2026-07-25 01:03:19,804 [INFO] [MainThread] [root/api.py:62]: GitHubDataManager started...
2026-07-25 01:03:19,859 [INFO] [MainThread] [root/service.py:41]: AudioInputService starting...
2026-07-25 01:03:19,879 [INFO] [SystrayHook] [systray_hook/systray_hook.py:193]: Injecting into Explorer (PID: 10372)
2026-07-25 01:03:19,916 [INFO] [MainThread] [root/service.py:52]: AudioOutputService starting...
2026-07-25 01:03:20,267 [INFO] [MainThread] [root/bar_manager.py:229]: Starting HotkeyListener...
2026-07-25 01:03:20,268 [INFO] [MainThread] [root/bar_manager.py:103]: Starting WindowsNotificationEventListener...
2026-07-25 01:03:20,270 [INFO] [MainThread] [root/bar_manager.py:103]: Starting KomorebiEventListener...
2026-07-25 01:03:20,270 [INFO] [MainThread] [root/bar_manager.py:103]: Starting SystemEventListener...
2026-07-25 01:03:20,272 [INFO] [MainThread] [root/watcher.py:65]: Watching directory: c:\users\bensondc\.config\yasb
2026-07-25 01:03:20,272 [INFO] [MainThread] [root/watcher.py:104]: Created file watcher
2026-07-25 01:03:20,273 [INFO] [Dummy-15] [root/event_listener.py:54]: Created named pipe yasb-92727692-8781-11f1-b6b3-a029424ab658
2026-07-25 01:03:20,292 [INFO] [MainThread] [root/update_service.py:434]: Background update checker started
2026-07-25 01:03:20,394 [INFO] [Dummy-15] [root/event_listener.py:147]: Komorebi connected to named pipe: yasb-92727692-8781-11f1-b6b3-a029424ab658
2026-07-25 01:04:44,957 [INFO] [MainThread] [root/controller.py:21]: Reloading Application because of config change.
2026-07-25 01:04:45,065 [INFO] [MainThread] [cli_server/cli_server.py:114]: Log pipe server stopped
2026-07-25 01:04:45,075 [INFO] [MainThread] [root/bar_manager.py:93]: Successfully loaded updated config and re-initialised all bars.
2026-07-25 01:04:45,219 [INFO] [MainThread] [root/bar_manager.py:111]: Stopping HotkeyListener...
2026-07-25 01:04:45,223 [INFO] [MainThread] [root/bar_manager.py:119]: Stopping WindowsNotificationEventListener...
2026-07-25 01:04:45,226 [INFO] [MainThread] [root/bar_manager.py:119]: Stopping KomorebiEventListener...
2026-07-25 01:04:45,231 [INFO] [MainThread] [root/bar_manager.py:119]: Stopping SystemEventListener...
2026-07-25 01:04:45,561 [INFO] [MainThread] [root/log.py:104]: YASB v2.0.5
2026-07-25 01:04:45,562 [INFO] [CLIPipeServer] [cli_server/cli_server.py:216]: CLI server started v1.1.7
2026-07-25 01:04:45,562 [INFO] [MainThread] [cli_server/cli_server.py:106]: Log pipe server started
2026-07-25 01:04:46,316 [INFO] [MainThread] [root/api.py:62]: GitHubDataManager started...
2026-07-25 01:04:46,367 [INFO] [MainThread] [root/service.py:41]: AudioInputService starting...
2026-07-25 01:04:46,392 [INFO] [SystrayHook] [systray_hook/systray_hook.py:193]: Injecting into Explorer (PID: 10372)
2026-07-25 01:04:46,424 [INFO] [MainThread] [root/service.py:52]: AudioOutputService starting...
2026-07-25 01:04:46,760 [INFO] [MainThread] [root/bar_manager.py:229]: Starting HotkeyListener...
2026-07-25 01:04:46,760 [INFO] [MainThread] [root/bar_manager.py:103]: Starting KomorebiEventListener...
2026-07-25 01:04:46,760 [INFO] [MainThread] [root/bar_manager.py:103]: Starting WindowsNotificationEventListener...
2026-07-25 01:04:46,761 [INFO] [MainThread] [root/bar_manager.py:103]: Starting SystemEventListener...
2026-07-25 01:04:46,762 [INFO] [Dummy-14] [root/event_listener.py:54]: Created named pipe yasb-c5ffde8b-8781-11f1-b2e3-a029424ab658
2026-07-25 01:04:46,763 [INFO] [MainThread] [root/watcher.py:65]: Watching directory: c:\users\bensondc\.config\yasb
2026-07-25 01:04:46,763 [INFO] [MainThread] [root/watcher.py:104]: Created file watcher
2026-07-25 01:04:46,789 [INFO] [MainThread] [root/update_service.py:434]: Background update checker started
2026-07-25 01:04:46,869 [INFO] [Dummy-14] [root/event_listener.py:147]: Komorebi connected to named pipe: yasb-c5ffde8b-8781-11f1-b2e3-a029424ab658
2026-07-25 01:07:38,589 [INFO] [MainThread] [root/controller.py:21]: Reloading Application because of config change.
2026-07-25 01:07:38,689 [INFO] [MainThread] [cli_server/cli_server.py:114]: Log pipe server stopped
2026-07-25 01:07:38,696 [INFO] [MainThread] [root/bar_manager.py:93]: Successfully loaded updated config and re-initialised all bars.
2026-07-25 01:07:38,840 [INFO] [MainThread] [root/bar_manager.py:111]: Stopping HotkeyListener...
2026-07-25 01:07:38,843 [INFO] [MainThread] [root/bar_manager.py:119]: Stopping KomorebiEventListener...
2026-07-25 01:07:38,847 [INFO] [MainThread] [root/bar_manager.py:119]: Stopping WindowsNotificationEventListener...
2026-07-25 01:07:38,854 [INFO] [MainThread] [root/bar_manager.py:119]: Stopping SystemEventListener...
2026-07-25 01:07:39,185 [INFO] [MainThread] [root/log.py:104]: YASB v2.0.5
2026-07-25 01:07:39,185 [INFO] [CLIPipeServer] [cli_server/cli_server.py:216]: CLI server started v1.1.7
2026-07-25 01:07:39,186 [INFO] [MainThread] [cli_server/cli_server.py:106]: Log pipe server started
2026-07-25 01:07:39,936 [INFO] [MainThread] [root/api.py:62]: GitHubDataManager started...
2026-07-25 01:07:39,990 [INFO] [MainThread] [root/service.py:41]: AudioInputService starting...
2026-07-25 01:07:40,013 [INFO] [SystrayHook] [systray_hook/systray_hook.py:193]: Injecting into Explorer (PID: 10372)
2026-07-25 01:07:40,048 [INFO] [MainThread] [root/service.py:52]: AudioOutputService starting...
2026-07-25 01:07:40,387 [INFO] [MainThread] [root/bar_manager.py:229]: Starting HotkeyListener...
2026-07-25 01:07:40,387 [INFO] [MainThread] [root/bar_manager.py:103]: Starting SystemEventListener...
2026-07-25 01:07:40,388 [INFO] [MainThread] [root/bar_manager.py:103]: Starting WindowsNotificationEventListener...
2026-07-25 01:07:40,388 [INFO] [MainThread] [root/bar_manager.py:103]: Starting KomorebiEventListener...
2026-07-25 01:07:40,389 [INFO] [MainThread] [root/watcher.py:65]: Watching directory: c:\users\bensondc\.config\yasb
2026-07-25 01:07:40,390 [INFO] [MainThread] [root/watcher.py:104]: Created file watcher
2026-07-25 01:07:40,407 [INFO] [Dummy-15] [root/event_listener.py:54]: Created named pipe yasb-2d7d6985-8782-11f1-b165-a029424ab658
2026-07-25 01:07:40,417 [INFO] [MainThread] [root/update_service.py:434]: Background update checker started
2026-07-25 01:07:40,523 [INFO] [Dummy-15] [root/event_listener.py:147]: Komorebi connected to named pipe: yasb-2d7d6985-8782-11f1-b165-a029424ab658
2026-07-25 01:10:45,993 [INFO] [MainThread] [root/controller.py:21]: Reloading Application because of config change.
2026-07-25 01:10:46,095 [INFO] [MainThread] [cli_server/cli_server.py:114]: Log pipe server stopped
2026-07-25 01:10:46,105 [INFO] [MainThread] [root/bar_manager.py:93]: Successfully loaded updated config and re-initialised all bars.
2026-07-25 01:10:46,286 [INFO] [MainThread] [root/bar_manager.py:111]: Stopping HotkeyListener...
2026-07-25 01:10:46,294 [INFO] [MainThread] [root/bar_manager.py:119]: Stopping SystemEventListener...
2026-07-25 01:10:46,364 [INFO] [MainThread] [root/bar_manager.py:119]: Stopping WindowsNotificationEventListener...
2026-07-25 01:10:46,373 [INFO] [MainThread] [root/bar_manager.py:119]: Stopping KomorebiEventListener...
2026-07-25 01:10:46,606 [INFO] [MainThread] [root/log.py:104]: YASB v2.0.5
2026-07-25 01:10:46,607 [INFO] [CLIPipeServer] [cli_server/cli_server.py:216]: CLI server started v1.1.7
2026-07-25 01:10:46,607 [INFO] [MainThread] [cli_server/cli_server.py:106]: Log pipe server started
2026-07-25 01:10:47,553 [INFO] [MainThread] [root/api.py:62]: GitHubDataManager started...
2026-07-25 01:10:47,606 [INFO] [MainThread] [root/service.py:41]: AudioInputService starting...
2026-07-25 01:10:47,626 [INFO] [SystrayHook] [systray_hook/systray_hook.py:193]: Injecting into Explorer (PID: 10372)
2026-07-25 01:10:47,664 [INFO] [MainThread] [root/service.py:52]: AudioOutputService starting...
2026-07-25 01:10:48,023 [INFO] [MainThread] [root/bar_manager.py:229]: Starting HotkeyListener...
2026-07-25 01:10:48,023 [INFO] [MainThread] [root/bar_manager.py:103]: Starting WindowsNotificationEventListener...
2026-07-25 01:10:48,024 [INFO] [MainThread] [root/bar_manager.py:103]: Starting SystemEventListener...
2026-07-25 01:10:48,024 [INFO] [MainThread] [root/bar_manager.py:103]: Starting KomorebiEventListener...
2026-07-25 01:10:48,026 [INFO] [Dummy-14] [root/event_listener.py:54]: Created named pipe yasb-9d54731a-8782-11f1-89e7-a029424ab658
2026-07-25 01:10:48,027 [INFO] [MainThread] [root/watcher.py:65]: Watching directory: c:\users\bensondc\.config\yasb
2026-07-25 01:10:48,027 [INFO] [MainThread] [root/watcher.py:104]: Created file watcher
2026-07-25 01:10:48,052 [INFO] [MainThread] [root/update_service.py:434]: Background update checker started
2026-07-25 01:10:48,137 [INFO] [Dummy-14] [root/event_listener.py:147]: Komorebi connected to named pipe: yasb-9d54731a-8782-11f1-89e7-a029424ab658
2026-07-25 01:12:06,661 [INFO] [MainThread] [root/controller.py:21]: Reloading Application because of config change.
2026-07-25 01:12:06,777 [INFO] [MainThread] [cli_server/cli_server.py:114]: Log pipe server stopped
2026-07-25 01:12:06,791 [INFO] [MainThread] [root/bar_manager.py:93]: Successfully loaded updated config and re-initialised all bars.
2026-07-25 01:12:06,937 [INFO] [MainThread] [root/bar_manager.py:111]: Stopping HotkeyListener...
2026-07-25 01:12:06,940 [INFO] [MainThread] [root/bar_manager.py:119]: Stopping WindowsNotificationEventListener...
2026-07-25 01:12:06,944 [INFO] [MainThread] [root/bar_manager.py:119]: Stopping SystemEventListener...
2026-07-25 01:12:06,985 [INFO] [MainThread] [root/bar_manager.py:119]: Stopping KomorebiEventListener...
2026-07-25 01:12:07,312 [INFO] [MainThread] [root/log.py:104]: YASB v2.0.5
2026-07-25 01:12:07,312 [INFO] [CLIPipeServer] [cli_server/cli_server.py:216]: CLI server started v1.1.7
2026-07-25 01:12:07,313 [INFO] [MainThread] [cli_server/cli_server.py:106]: Log pipe server started
2026-07-25 01:12:08,179 [INFO] [MainThread] [root/api.py:62]: GitHubDataManager started...
2026-07-25 01:12:08,230 [INFO] [MainThread] [root/service.py:41]: AudioInputService starting...
2026-07-25 01:12:08,255 [INFO] [SystrayHook] [systray_hook/systray_hook.py:193]: Injecting into Explorer (PID: 10372)
2026-07-25 01:12:08,287 [INFO] [MainThread] [root/service.py:52]: AudioOutputService starting...
2026-07-25 01:12:08,606 [INFO] [MainThread] [root/bar_manager.py:229]: Starting HotkeyListener...
2026-07-25 01:12:08,606 [INFO] [MainThread] [root/bar_manager.py:103]: Starting KomorebiEventListener...
2026-07-25 01:12:08,607 [INFO] [MainThread] [root/bar_manager.py:103]: Starting WindowsNotificationEventListener...
2026-07-25 01:12:08,607 [INFO] [Dummy-13] [root/event_listener.py:54]: Created named pipe yasb-cd5c3e02-8782-11f1-b7f6-a029424ab658
2026-07-25 01:12:08,607 [INFO] [MainThread] [root/bar_manager.py:103]: Starting SystemEventListener...
2026-07-25 01:12:08,610 [INFO] [MainThread] [root/watcher.py:65]: Watching directory: c:\users\bensondc\.config\yasb
2026-07-25 01:12:08,610 [INFO] [MainThread] [root/watcher.py:104]: Created file watcher
2026-07-25 01:12:08,634 [INFO] [MainThread] [root/update_service.py:434]: Background update checker started
2026-07-25 01:12:08,733 [INFO] [Dummy-13] [root/event_listener.py:147]: Komorebi connected to named pipe: yasb-cd5c3e02-8782-11f1-b7f6-a029424ab658
2026-07-25 01:12:38,027 [INFO] [MainThread] [root/controller.py:21]: Reloading Application because of config change.
2026-07-25 01:12:38,132 [INFO] [MainThread] [cli_server/cli_server.py:114]: Log pipe server stopped
2026-07-25 01:12:38,147 [INFO] [MainThread] [root/bar_manager.py:93]: Successfully loaded updated config and re-initialised all bars.
2026-07-25 01:12:38,343 [INFO] [MainThread] [root/bar_manager.py:111]: Stopping HotkeyListener...
2026-07-25 01:12:38,349 [INFO] [MainThread] [root/bar_manager.py:119]: Stopping KomorebiEventListener...
2026-07-25 01:12:38,352 [INFO] [MainThread] [root/bar_manager.py:119]: Stopping WindowsNotificationEventListener...
2026-07-25 01:12:38,355 [INFO] [MainThread] [root/bar_manager.py:119]: Stopping SystemEventListener...
2026-07-25 01:12:38,634 [INFO] [MainThread] [root/log.py:104]: YASB v2.0.5
2026-07-25 01:12:38,634 [INFO] [CLIPipeServer] [cli_server/cli_server.py:216]: CLI server started v1.1.7
2026-07-25 01:12:38,635 [INFO] [MainThread] [cli_server/cli_server.py:106]: Log pipe server started
2026-07-25 01:12:39,342 [INFO] [MainThread] [root/api.py:62]: GitHubDataManager started...
2026-07-25 01:12:39,397 [INFO] [MainThread] [root/service.py:41]: AudioInputService starting...
2026-07-25 01:12:39,420 [INFO] [SystrayHook] [systray_hook/systray_hook.py:193]: Injecting into Explorer (PID: 10372)
2026-07-25 01:12:39,456 [INFO] [MainThread] [root/service.py:52]: AudioOutputService starting...
2026-07-25 01:12:39,780 [INFO] [MainThread] [root/bar_manager.py:229]: Starting HotkeyListener...
2026-07-25 01:12:39,780 [INFO] [MainThread] [root/bar_manager.py:103]: Starting KomorebiEventListener...
2026-07-25 01:12:39,781 [INFO] [MainThread] [root/bar_manager.py:103]: Starting SystemEventListener...
2026-07-25 01:12:39,781 [INFO] [MainThread] [root/bar_manager.py:103]: Starting WindowsNotificationEventListener...
2026-07-25 01:12:39,782 [INFO] [Dummy-13] [root/event_listener.py:54]: Created named pipe yasb-dff11203-8782-11f1-8f09-a029424ab658
2026-07-25 01:12:39,784 [INFO] [MainThread] [root/watcher.py:65]: Watching directory: c:\users\bensondc\.config\yasb
2026-07-25 01:12:39,785 [INFO] [MainThread] [root/watcher.py:104]: Created file watcher
2026-07-25 01:12:39,806 [INFO] [MainThread] [root/update_service.py:434]: Background update checker started
2026-07-25 01:12:39,905 [INFO] [Dummy-13] [root/event_listener.py:147]: Komorebi connected to named pipe: yasb-dff11203-8782-11f1-8f09-a029424ab658
2026-07-25 01:13:35,725 [INFO] [MainThread] [root/controller.py:21]: Reloading Application because of config change.
2026-07-25 01:13:35,832 [INFO] [MainThread] [cli_server/cli_server.py:114]: Log pipe server stopped
2026-07-25 01:13:35,840 [INFO] [MainThread] [root/bar_manager.py:93]: Successfully loaded updated config and re-initialised all bars.
2026-07-25 01:13:35,990 [INFO] [MainThread] [root/bar_manager.py:111]: Stopping HotkeyListener...
2026-07-25 01:13:35,996 [INFO] [MainThread] [root/bar_manager.py:119]: Stopping KomorebiEventListener...
2026-07-25 01:13:36,001 [INFO] [MainThread] [root/bar_manager.py:119]: Stopping SystemEventListener...
2026-07-25 01:13:36,035 [INFO] [MainThread] [root/bar_manager.py:119]: Stopping WindowsNotificationEventListener...
2026-07-25 01:13:36,326 [INFO] [MainThread] [root/log.py:104]: YASB v2.0.5
2026-07-25 01:13:36,326 [INFO] [CLIPipeServer] [cli_server/cli_server.py:216]: CLI server started v1.1.7
2026-07-25 01:13:36,327 [INFO] [MainThread] [cli_server/cli_server.py:106]: Log pipe server started
2026-07-25 01:13:37,077 [INFO] [MainThread] [root/api.py:62]: GitHubDataManager started...
2026-07-25 01:13:37,126 [INFO] [MainThread] [root/service.py:41]: AudioInputService starting...
2026-07-25 01:13:37,149 [INFO] [SystrayHook] [systray_hook/systray_hook.py:193]: Injecting into Explorer (PID: 10372)
2026-07-25 01:13:37,185 [INFO] [MainThread] [root/service.py:52]: AudioOutputService starting...
2026-07-25 01:13:37,506 [INFO] [MainThread] [root/bar_manager.py:229]: Starting HotkeyListener...
2026-07-25 01:13:37,506 [INFO] [MainThread] [root/bar_manager.py:103]: Starting SystemEventListener...
2026-07-25 01:13:37,506 [INFO] [MainThread] [root/bar_manager.py:103]: Starting WindowsNotificationEventListener...
2026-07-25 01:13:37,507 [INFO] [MainThread] [root/bar_manager.py:103]: Starting KomorebiEventListener...
2026-07-25 01:13:37,509 [INFO] [Dummy-14] [root/event_listener.py:54]: Created named pipe yasb-02595d28-8783-11f1-9b23-a029424ab658
2026-07-25 01:13:37,509 [INFO] [MainThread] [root/watcher.py:65]: Watching directory: c:\users\bensondc\.config\yasb
2026-07-25 01:13:37,509 [INFO] [MainThread] [root/watcher.py:104]: Created file watcher
2026-07-25 01:13:37,531 [INFO] [MainThread] [root/update_service.py:434]: Background update checker started
2026-07-25 01:13:37,629 [INFO] [Dummy-14] [root/event_listener.py:147]: Komorebi connected to named pipe: yasb-02595d28-8783-11f1-9b23-a029424ab658
2026-07-25 01:13:41,389 [INFO] [MainThread] [root/controller.py:21]: Reloading Application because of config change.
2026-07-25 01:13:41,500 [INFO] [MainThread] [cli_server/cli_server.py:114]: Log pipe server stopped
2026-07-25 01:13:41,514 [INFO] [MainThread] [root/bar_manager.py:93]: Successfully loaded updated config and re-initialised all bars.
2026-07-25 01:13:41,666 [INFO] [MainThread] [root/bar_manager.py:111]: Stopping HotkeyListener...
2026-07-25 01:13:41,672 [INFO] [MainThread] [root/bar_manager.py:119]: Stopping SystemEventListener...
2026-07-25 01:13:41,720 [INFO] [MainThread] [root/bar_manager.py:119]: Stopping WindowsNotificationEventListener...
2026-07-25 01:13:41,724 [INFO] [MainThread] [root/bar_manager.py:119]: Stopping KomorebiEventListener...
2026-07-25 01:13:42,001 [INFO] [MainThread] [root/log.py:104]: YASB v2.0.5
2026-07-25 01:13:42,001 [INFO] [CLIPipeServer] [cli_server/cli_server.py:216]: CLI server started v1.1.7
2026-07-25 01:13:42,001 [INFO] [MainThread] [cli_server/cli_server.py:106]: Log pipe server started
2026-07-25 01:13:42,769 [INFO] [MainThread] [root/api.py:62]: GitHubDataManager started...
2026-07-25 01:13:42,821 [INFO] [MainThread] [root/service.py:41]: AudioInputService starting...
2026-07-25 01:13:42,842 [INFO] [SystrayHook] [systray_hook/systray_hook.py:193]: Injecting into Explorer (PID: 10372)
2026-07-25 01:13:42,877 [INFO] [MainThread] [root/service.py:52]: AudioOutputService starting...
2026-07-25 01:13:43,207 [INFO] [MainThread] [root/bar_manager.py:229]: Starting HotkeyListener...
2026-07-25 01:13:43,207 [INFO] [MainThread] [root/bar_manager.py:103]: Starting SystemEventListener...
2026-07-25 01:13:43,208 [INFO] [MainThread] [root/bar_manager.py:103]: Starting WindowsNotificationEventListener...
2026-07-25 01:13:43,208 [INFO] [MainThread] [root/bar_manager.py:103]: Starting KomorebiEventListener...
2026-07-25 01:13:43,209 [INFO] [Dummy-13] [root/event_listener.py:54]: Created named pipe yasb-05bf4e44-8783-11f1-a69e-a029424ab658
2026-07-25 01:13:43,210 [INFO] [MainThread] [root/watcher.py:65]: Watching directory: c:\users\bensondc\.config\yasb
2026-07-25 01:13:43,210 [INFO] [MainThread] [root/watcher.py:104]: Created file watcher
2026-07-25 01:13:43,232 [INFO] [MainThread] [root/update_service.py:434]: Background update checker started
2026-07-25 01:13:43,328 [INFO] [Dummy-13] [root/event_listener.py:147]: Komorebi connected to named pipe: yasb-05bf4e44-8783-11f1-a69e-a029424ab658
2026-07-25 01:13:48,589 [INFO] [MainThread] [root/controller.py:21]: Reloading Application because of config change.
2026-07-25 01:13:48,694 [INFO] [MainThread] [cli_server/cli_server.py:114]: Log pipe server stopped
2026-07-25 01:13:48,707 [INFO] [MainThread] [root/bar_manager.py:93]: Successfully loaded updated config and re-initialised all bars.
2026-07-25 01:13:48,858 [INFO] [MainThread] [root/bar_manager.py:111]: Stopping HotkeyListener...
2026-07-25 01:13:48,865 [INFO] [MainThread] [root/bar_manager.py:119]: Stopping SystemEventListener...
2026-07-25 01:13:48,889 [INFO] [MainThread] [root/bar_manager.py:119]: Stopping WindowsNotificationEventListener...
2026-07-25 01:13:48,892 [INFO] [MainThread] [root/bar_manager.py:119]: Stopping KomorebiEventListener...
2026-07-25 01:13:49,204 [INFO] [MainThread] [root/log.py:104]: YASB v2.0.5
2026-07-25 01:13:49,205 [INFO] [CLIPipeServer] [cli_server/cli_server.py:216]: CLI server started v1.1.7
2026-07-25 01:13:49,205 [INFO] [MainThread] [cli_server/cli_server.py:106]: Log pipe server started
2026-07-25 01:13:49,897 [INFO] [MainThread] [root/api.py:62]: GitHubDataManager started...
2026-07-25 01:13:49,950 [INFO] [MainThread] [root/service.py:41]: AudioInputService starting...
2026-07-25 01:13:49,973 [INFO] [SystrayHook] [systray_hook/systray_hook.py:193]: Injecting into Explorer (PID: 10372)
2026-07-25 01:13:50,007 [INFO] [MainThread] [root/service.py:52]: AudioOutputService starting...
2026-07-25 01:13:50,343 [INFO] [MainThread] [root/bar_manager.py:229]: Starting HotkeyListener...
2026-07-25 01:13:50,344 [INFO] [MainThread] [root/bar_manager.py:103]: Starting SystemEventListener...
2026-07-25 01:13:50,344 [INFO] [MainThread] [root/bar_manager.py:103]: Starting KomorebiEventListener...
2026-07-25 01:13:50,345 [INFO] [MainThread] [root/bar_manager.py:103]: Starting WindowsNotificationEventListener...
2026-07-25 01:13:50,345 [INFO] [Dummy-13] [root/event_listener.py:54]: Created named pipe yasb-0a004507-8783-11f1-8f4e-a029424ab658
2026-07-25 01:13:50,347 [INFO] [MainThread] [root/watcher.py:65]: Watching directory: c:\users\bensondc\.config\yasb
2026-07-25 01:13:50,347 [INFO] [MainThread] [root/watcher.py:104]: Created file watcher
2026-07-25 01:13:50,378 [INFO] [MainThread] [root/update_service.py:434]: Background update checker started
2026-07-25 01:13:50,462 [INFO] [Dummy-13] [root/event_listener.py:147]: Komorebi connected to named pipe: yasb-0a004507-8783-11f1-8f4e-a029424ab658
2026-07-25 01:14:31,072 [INFO] [MainThread] [root/controller.py:21]: Reloading Bar from context menu...
2026-07-25 01:14:31,183 [INFO] [MainThread] [cli_server/cli_server.py:114]: Log pipe server stopped
2026-07-25 01:14:31,333 [INFO] [MainThread] [root/bar_manager.py:111]: Stopping HotkeyListener...
2026-07-25 01:14:31,336 [INFO] [MainThread] [root/bar_manager.py:119]: Stopping SystemEventListener...
2026-07-25 01:14:31,343 [INFO] [MainThread] [root/bar_manager.py:119]: Stopping KomorebiEventListener...
2026-07-25 01:14:31,344 [INFO] [MainThread] [root/bar_manager.py:119]: Stopping WindowsNotificationEventListener...
2026-07-25 01:14:31,671 [INFO] [MainThread] [root/log.py:104]: YASB v2.0.5
2026-07-25 01:14:31,672 [INFO] [CLIPipeServer] [cli_server/cli_server.py:216]: CLI server started v1.1.7
2026-07-25 01:14:31,672 [INFO] [MainThread] [cli_server/cli_server.py:106]: Log pipe server started
2026-07-25 01:14:32,421 [INFO] [MainThread] [root/api.py:62]: GitHubDataManager started...
2026-07-25 01:14:32,472 [INFO] [MainThread] [root/service.py:41]: AudioInputService starting...
2026-07-25 01:14:32,496 [INFO] [SystrayHook] [systray_hook/systray_hook.py:193]: Injecting into Explorer (PID: 10372)
2026-07-25 01:14:32,528 [INFO] [MainThread] [root/service.py:52]: AudioOutputService starting...
2026-07-25 01:14:32,853 [INFO] [MainThread] [root/bar_manager.py:229]: Starting HotkeyListener...
2026-07-25 01:14:32,853 [INFO] [MainThread] [root/bar_manager.py:103]: Starting WindowsNotificationEventListener...
2026-07-25 01:14:32,853 [INFO] [MainThread] [root/bar_manager.py:103]: Starting KomorebiEventListener...
2026-07-25 01:14:32,854 [INFO] [MainThread] [root/bar_manager.py:103]: Starting SystemEventListener...
2026-07-25 01:14:32,854 [INFO] [Dummy-13] [root/event_listener.py:54]: Created named pipe yasb-2356a066-8783-11f1-9914-a029424ab658
2026-07-25 01:14:32,857 [INFO] [MainThread] [root/watcher.py:65]: Watching directory: c:\users\bensondc\.config\yasb
2026-07-25 01:14:32,857 [INFO] [MainThread] [root/watcher.py:104]: Created file watcher
2026-07-25 01:14:32,876 [INFO] [MainThread] [root/update_service.py:434]: Background update checker started
2026-07-25 01:14:32,963 [INFO] [Dummy-13] [root/event_listener.py:147]: Komorebi connected to named pipe: yasb-2356a066-8783-11f1-9914-a029424ab658
2026-07-25 01:17:16,761 [INFO] [MainThread] [root/controller.py:21]: Reloading Application because of config change.
2026-07-25 01:17:16,862 [INFO] [MainThread] [cli_server/cli_server.py:114]: Log pipe server stopped
2026-07-25 01:17:16,877 [INFO] [MainThread] [root/bar_manager.py:93]: Successfully loaded updated config and re-initialised all bars.
2026-07-25 01:17:17,057 [INFO] [MainThread] [root/bar_manager.py:111]: Stopping HotkeyListener...
2026-07-25 01:17:17,064 [INFO] [MainThread] [root/bar_manager.py:119]: Stopping WindowsNotificationEventListener...
2026-07-25 01:17:17,067 [INFO] [MainThread] [root/bar_manager.py:119]: Stopping KomorebiEventListener...
2026-07-25 01:17:17,072 [INFO] [MainThread] [root/bar_manager.py:119]: Stopping SystemEventListener...
2026-07-25 01:17:17,372 [INFO] [MainThread] [root/log.py:104]: YASB v2.0.5
2026-07-25 01:17:17,372 [INFO] [CLIPipeServer] [cli_server/cli_server.py:216]: CLI server started v1.1.7
2026-07-25 01:17:17,372 [INFO] [MainThread] [cli_server/cli_server.py:106]: Log pipe server started
2026-07-25 01:17:18,123 [INFO] [MainThread] [root/api.py:62]: GitHubDataManager started...
2026-07-25 01:17:18,175 [INFO] [MainThread] [root/service.py:41]: AudioInputService starting...
2026-07-25 01:17:18,198 [INFO] [SystrayHook] [systray_hook/systray_hook.py:193]: Injecting into Explorer (PID: 10372)
2026-07-25 01:17:18,231 [INFO] [MainThread] [root/service.py:52]: AudioOutputService starting...
2026-07-25 01:17:18,552 [INFO] [MainThread] [root/bar_manager.py:229]: Starting HotkeyListener...
2026-07-25 01:17:18,552 [INFO] [MainThread] [root/bar_manager.py:103]: Starting KomorebiEventListener...
2026-07-25 01:17:18,553 [INFO] [MainThread] [root/bar_manager.py:103]: Starting WindowsNotificationEventListener...
2026-07-25 01:17:18,553 [INFO] [MainThread] [root/bar_manager.py:103]: Starting SystemEventListener...
2026-07-25 01:17:18,553 [INFO] [Dummy-13] [root/event_listener.py:54]: Created named pipe yasb-861a3cf5-8783-11f1-ba0f-a029424ab658
2026-07-25 01:17:18,555 [INFO] [MainThread] [root/watcher.py:65]: Watching directory: c:\users\bensondc\.config\yasb
2026-07-25 01:17:18,555 [INFO] [MainThread] [root/watcher.py:104]: Created file watcher
2026-07-25 01:17:18,578 [INFO] [MainThread] [root/update_service.py:434]: Background update checker started
2026-07-25 01:17:18,671 [INFO] [Dummy-13] [root/event_listener.py:147]: Komorebi connected to named pipe: yasb-861a3cf5-8783-11f1-ba0f-a029424ab658
2026-07-25 01:17:27,344 [INFO] [MainThread] [root/controller.py:21]: Reloading Application because of config change.
2026-07-25 01:17:27,451 [INFO] [MainThread] [cli_server/cli_server.py:114]: Log pipe server stopped
2026-07-25 01:17:27,463 [INFO] [MainThread] [root/bar_manager.py:93]: Successfully loaded updated config and re-initialised all bars.
2026-07-25 01:17:27,605 [INFO] [MainThread] [root/bar_manager.py:111]: Stopping HotkeyListener...
2026-07-25 01:17:27,613 [INFO] [MainThread] [root/bar_manager.py:119]: Stopping KomorebiEventListener...
2026-07-25 01:17:27,616 [INFO] [MainThread] [root/bar_manager.py:119]: Stopping WindowsNotificationEventListener...
2026-07-25 01:17:27,624 [INFO] [MainThread] [root/bar_manager.py:119]: Stopping SystemEventListener...
2026-07-25 01:17:27,966 [INFO] [MainThread] [root/log.py:104]: YASB v2.0.5
2026-07-25 01:17:27,967 [INFO] [CLIPipeServer] [cli_server/cli_server.py:216]: CLI server started v1.1.7
2026-07-25 01:17:27,967 [INFO] [MainThread] [cli_server/cli_server.py:106]: Log pipe server started
2026-07-25 01:17:28,727 [INFO] [MainThread] [root/api.py:62]: GitHubDataManager started...
2026-07-25 01:17:28,779 [INFO] [MainThread] [root/service.py:41]: AudioInputService starting...
2026-07-25 01:17:28,803 [INFO] [SystrayHook] [systray_hook/systray_hook.py:193]: Injecting into Explorer (PID: 10372)
2026-07-25 01:17:28,838 [INFO] [MainThread] [root/service.py:52]: AudioOutputService starting...
2026-07-25 01:17:29,179 [INFO] [MainThread] [root/bar_manager.py:229]: Starting HotkeyListener...
2026-07-25 01:17:29,180 [INFO] [MainThread] [root/bar_manager.py:103]: Starting KomorebiEventListener...
2026-07-25 01:17:29,180 [INFO] [MainThread] [root/bar_manager.py:103]: Starting WindowsNotificationEventListener...
2026-07-25 01:17:29,180 [INFO] [MainThread] [root/bar_manager.py:103]: Starting SystemEventListener...
2026-07-25 01:17:29,181 [INFO] [Dummy-13] [root/event_listener.py:54]: Created named pipe yasb-8c6fe250-8783-11f1-afbb-a029424ab658
2026-07-25 01:17:29,182 [INFO] [MainThread] [root/watcher.py:65]: Watching directory: c:\users\bensondc\.config\yasb
2026-07-25 01:17:29,182 [INFO] [MainThread] [root/watcher.py:104]: Created file watcher
2026-07-25 01:17:29,206 [INFO] [MainThread] [root/update_service.py:434]: Background update checker started
2026-07-25 01:17:29,286 [INFO] [Dummy-13] [root/event_listener.py:147]: Komorebi connected to named pipe: yasb-8c6fe250-8783-11f1-afbb-a029424ab658
2026-07-25 01:18:07,328 [INFO] [MainThread] [root/controller.py:21]: Reloading Application because of config change.
2026-07-25 01:18:07,433 [INFO] [MainThread] [cli_server/cli_server.py:114]: Log pipe server stopped
2026-07-25 01:18:07,448 [INFO] [MainThread] [root/bar_manager.py:93]: Successfully loaded updated config and re-initialised all bars.
2026-07-25 01:18:07,604 [INFO] [MainThread] [root/bar_manager.py:111]: Stopping HotkeyListener...
2026-07-25 01:18:07,608 [INFO] [MainThread] [root/bar_manager.py:119]: Stopping KomorebiEventListener...
2026-07-25 01:18:07,610 [INFO] [MainThread] [root/bar_manager.py:119]: Stopping WindowsNotificationEventListener...
2026-07-25 01:18:07,615 [INFO] [MainThread] [root/bar_manager.py:119]: Stopping SystemEventListener...
2026-07-25 01:18:07,950 [INFO] [MainThread] [root/log.py:104]: YASB v2.0.5
2026-07-25 01:18:07,951 [INFO] [CLIPipeServer] [cli_server/cli_server.py:216]: CLI server started v1.1.7
2026-07-25 01:18:07,951 [INFO] [MainThread] [cli_server/cli_server.py:106]: Log pipe server started
2026-07-25 01:18:08,699 [INFO] [MainThread] [root/api.py:62]: GitHubDataManager started...
2026-07-25 01:18:08,751 [INFO] [MainThread] [root/service.py:41]: AudioInputService starting...
2026-07-25 01:18:08,771 [INFO] [SystrayHook] [systray_hook/systray_hook.py:193]: Injecting into Explorer (PID: 10372)
2026-07-25 01:18:08,809 [INFO] [MainThread] [root/service.py:52]: AudioOutputService starting...
2026-07-25 01:18:09,137 [INFO] [MainThread] [root/bar_manager.py:229]: Starting HotkeyListener...
2026-07-25 01:18:09,138 [INFO] [MainThread] [root/bar_manager.py:103]: Starting WindowsNotificationEventListener...
2026-07-25 01:18:09,139 [INFO] [MainThread] [root/bar_manager.py:103]: Starting SystemEventListener...
2026-07-25 01:18:09,139 [INFO] [MainThread] [root/bar_manager.py:103]: Starting KomorebiEventListener...
2026-07-25 01:18:09,140 [INFO] [MainThread] [root/watcher.py:65]: Watching directory: c:\users\bensondc\.config\yasb
2026-07-25 01:18:09,140 [INFO] [MainThread] [root/watcher.py:104]: Created file watcher
2026-07-25 01:18:09,141 [INFO] [Dummy-15] [root/event_listener.py:54]: Created named pipe yasb-a44123a4-8783-11f1-ad19-a029424ab658
2026-07-25 01:18:09,162 [INFO] [MainThread] [root/update_service.py:434]: Background update checker started
2026-07-25 01:18:09,253 [INFO] [Dummy-15] [root/event_listener.py:147]: Komorebi connected to named pipe: yasb-a44123a4-8783-11f1-ad19-a029424ab658
2026-07-25 01:18:41,296 [INFO] [MainThread] [root/controller.py:21]: Reloading Application because of config change.
2026-07-25 01:18:41,398 [INFO] [MainThread] [cli_server/cli_server.py:114]: Log pipe server stopped
2026-07-25 01:18:41,409 [INFO] [MainThread] [root/bar_manager.py:93]: Successfully loaded updated config and re-initialised all bars.
2026-07-25 01:18:41,555 [INFO] [MainThread] [root/bar_manager.py:111]: Stopping HotkeyListener...
2026-07-25 01:18:41,561 [INFO] [MainThread] [root/bar_manager.py:119]: Stopping WindowsNotificationEventListener...
2026-07-25 01:18:41,566 [INFO] [MainThread] [root/bar_manager.py:119]: Stopping SystemEventListener...
2026-07-25 01:18:41,608 [INFO] [MainThread] [root/bar_manager.py:119]: Stopping KomorebiEventListener...
2026-07-25 01:18:41,891 [INFO] [MainThread] [root/log.py:104]: YASB v2.0.5
2026-07-25 01:18:41,891 [INFO] [CLIPipeServer] [cli_server/cli_server.py:216]: CLI server started v1.1.7
2026-07-25 01:18:41,892 [INFO] [MainThread] [cli_server/cli_server.py:106]: Log pipe server started
2026-07-25 01:18:42,806 [INFO] [MainThread] [root/api.py:62]: GitHubDataManager started...
2026-07-25 01:18:42,861 [INFO] [MainThread] [root/service.py:41]: AudioInputService starting...
2026-07-25 01:18:42,884 [INFO] [SystrayHook] [systray_hook/systray_hook.py:193]: Injecting into Explorer (PID: 10372)
2026-07-25 01:18:42,912 [INFO] [MainThread] [root/service.py:52]: AudioOutputService starting...
2026-07-25 01:18:43,240 [INFO] [MainThread] [root/bar_manager.py:229]: Starting HotkeyListener...
2026-07-25 01:18:43,240 [INFO] [MainThread] [root/bar_manager.py:103]: Starting WindowsNotificationEventListener...
2026-07-25 01:18:43,240 [INFO] [MainThread] [root/bar_manager.py:103]: Starting KomorebiEventListener...
2026-07-25 01:18:43,240 [INFO] [MainThread] [root/bar_manager.py:103]: Starting SystemEventListener...
2026-07-25 01:18:43,242 [INFO] [Dummy-14] [root/event_listener.py:54]: Created named pipe yasb-b89499c0-8783-11f1-bbd6-a029424ab658
2026-07-25 01:18:43,242 [INFO] [MainThread] [root/watcher.py:65]: Watching directory: c:\users\bensondc\.config\yasb
2026-07-25 01:18:43,242 [INFO] [MainThread] [root/watcher.py:104]: Created file watcher
2026-07-25 01:18:43,263 [INFO] [MainThread] [root/update_service.py:434]: Background update checker started
2026-07-25 01:18:43,357 [INFO] [Dummy-14] [root/event_listener.py:147]: Komorebi connected to named pipe: yasb-b89499c0-8783-11f1-bbd6-a029424ab658
2026-07-25 01:18:48,046 [INFO] [MainThread] [root/controller.py:21]: Reloading Application because of config change.
2026-07-25 01:18:48,156 [INFO] [MainThread] [cli_server/cli_server.py:114]: Log pipe server stopped
2026-07-25 01:18:48,169 [INFO] [MainThread] [root/bar_manager.py:93]: Successfully loaded updated config and re-initialised all bars.
2026-07-25 01:18:48,306 [INFO] [MainThread] [root/bar_manager.py:111]: Stopping HotkeyListener...
2026-07-25 01:18:48,310 [INFO] [MainThread] [root/bar_manager.py:119]: Stopping WindowsNotificationEventListener...
2026-07-25 01:18:48,317 [INFO] [MainThread] [root/bar_manager.py:119]: Stopping KomorebiEventListener...
2026-07-25 01:18:48,323 [INFO] [MainThread] [root/bar_manager.py:119]: Stopping SystemEventListener...
2026-07-25 01:18:48,659 [INFO] [MainThread] [root/log.py:104]: YASB v2.0.5
2026-07-25 01:18:48,659 [INFO] [CLIPipeServer] [cli_server/cli_server.py:216]: CLI server started v1.1.7
2026-07-25 01:18:48,659 [INFO] [MainThread] [cli_server/cli_server.py:106]: Log pipe server started
2026-07-25 01:18:49,452 [INFO] [MainThread] [root/api.py:62]: GitHubDataManager started...
2026-07-25 01:18:49,506 [INFO] [MainThread] [root/service.py:41]: AudioInputService starting...
2026-07-25 01:18:49,529 [INFO] [SystrayHook] [systray_hook/systray_hook.py:193]: Injecting into Explorer (PID: 10372)
2026-07-25 01:18:49,556 [INFO] [MainThread] [root/service.py:52]: AudioOutputService starting...
2026-07-25 01:18:49,891 [INFO] [MainThread] [root/bar_manager.py:229]: Starting HotkeyListener...
2026-07-25 01:18:49,891 [INFO] [MainThread] [root/bar_manager.py:103]: Starting WindowsNotificationEventListener...
2026-07-25 01:18:49,893 [INFO] [MainThread] [root/bar_manager.py:103]: Starting SystemEventListener...
2026-07-25 01:18:49,893 [INFO] [MainThread] [root/bar_manager.py:103]: Starting KomorebiEventListener...
2026-07-25 01:18:49,894 [INFO] [MainThread] [root/watcher.py:65]: Watching directory: c:\users\bensondc\.config\yasb
2026-07-25 01:18:49,894 [INFO] [MainThread] [root/watcher.py:104]: Created file watcher
2026-07-25 01:18:49,895 [INFO] [Dummy-15] [root/event_listener.py:54]: Created named pipe yasb-bc8bb9ab-8783-11f1-8df6-a029424ab658
2026-07-25 01:18:49,916 [INFO] [MainThread] [root/update_service.py:434]: Background update checker started
2026-07-25 01:18:50,008 [INFO] [Dummy-15] [root/event_listener.py:147]: Komorebi connected to named pipe: yasb-bc8bb9ab-8783-11f1-8df6-a029424ab658
2026-07-25 01:18:56,154 [INFO] [MainThread] [root/controller.py:21]: Reloading Application because of config change.
2026-07-25 01:18:56,258 [INFO] [MainThread] [cli_server/cli_server.py:114]: Log pipe server stopped
2026-07-25 01:18:56,265 [INFO] [MainThread] [root/bar_manager.py:93]: Successfully loaded updated config and re-initialised all bars.
2026-07-25 01:18:56,400 [INFO] [MainThread] [root/bar_manager.py:111]: Stopping HotkeyListener...
2026-07-25 01:18:56,405 [INFO] [MainThread] [root/bar_manager.py:119]: Stopping WindowsNotificationEventListener...
2026-07-25 01:18:56,408 [INFO] [MainThread] [root/bar_manager.py:119]: Stopping SystemEventListener...
2026-07-25 01:18:56,437 [INFO] [MainThread] [root/bar_manager.py:119]: Stopping KomorebiEventListener...
2026-07-25 01:18:56,744 [INFO] [MainThread] [root/log.py:104]: YASB v2.0.5
2026-07-25 01:18:56,745 [INFO] [CLIPipeServer] [cli_server/cli_server.py:216]: CLI server started v1.1.7
2026-07-25 01:18:56,745 [INFO] [MainThread] [cli_server/cli_server.py:106]: Log pipe server started
2026-07-25 01:18:57,520 [INFO] [MainThread] [root/api.py:62]: GitHubDataManager started...
2026-07-25 01:18:57,575 [INFO] [MainThread] [root/service.py:41]: AudioInputService starting...
2026-07-25 01:18:57,599 [INFO] [SystrayHook] [systray_hook/systray_hook.py:193]: Injecting into Explorer (PID: 10372)
2026-07-25 01:18:57,626 [INFO] [MainThread] [root/service.py:52]: AudioOutputService starting...
2026-07-25 01:18:57,962 [INFO] [MainThread] [root/bar_manager.py:229]: Starting HotkeyListener...
2026-07-25 01:18:57,962 [INFO] [MainThread] [root/bar_manager.py:103]: Starting KomorebiEventListener...
2026-07-25 01:18:57,963 [INFO] [MainThread] [root/bar_manager.py:103]: Starting SystemEventListener...
2026-07-25 01:18:57,963 [INFO] [MainThread] [root/bar_manager.py:103]: Starting WindowsNotificationEventListener...
2026-07-25 01:18:57,963 [INFO] [Dummy-13] [root/event_listener.py:54]: Created named pipe yasb-c15b0b6c-8783-11f1-9f51-a029424ab658
2026-07-25 01:18:57,965 [INFO] [MainThread] [root/watcher.py:65]: Watching directory: c:\users\bensondc\.config\yasb
2026-07-25 01:18:57,965 [INFO] [MainThread] [root/watcher.py:104]: Created file watcher
2026-07-25 01:18:57,990 [INFO] [MainThread] [root/update_service.py:434]: Background update checker started
2026-07-25 01:18:58,074 [INFO] [Dummy-13] [root/event_listener.py:147]: Komorebi connected to named pipe: yasb-c15b0b6c-8783-11f1-9f51-a029424ab658
2026-07-25 01:19:30,369 [INFO] [MainThread] [root/controller.py:21]: Reloading Application because of config change.
2026-07-25 01:19:30,470 [INFO] [MainThread] [cli_server/cli_server.py:114]: Log pipe server stopped
2026-07-25 01:19:30,484 [INFO] [MainThread] [root/bar_manager.py:93]: Successfully loaded updated config and re-initialised all bars.
2026-07-25 01:19:30,628 [INFO] [MainThread] [root/bar_manager.py:111]: Stopping HotkeyListener...
2026-07-25 01:19:30,631 [INFO] [MainThread] [root/bar_manager.py:119]: Stopping KomorebiEventListener...
2026-07-25 01:19:30,637 [INFO] [MainThread] [root/bar_manager.py:119]: Stopping SystemEventListener...
2026-07-25 01:19:30,675 [INFO] [MainThread] [root/bar_manager.py:119]: Stopping WindowsNotificationEventListener...
2026-07-25 01:19:30,964 [INFO] [MainThread] [root/log.py:104]: YASB v2.0.5
2026-07-25 01:19:30,964 [INFO] [CLIPipeServer] [cli_server/cli_server.py:216]: CLI server started v1.1.7
2026-07-25 01:19:30,964 [INFO] [MainThread] [cli_server/cli_server.py:106]: Log pipe server started
2026-07-25 01:19:31,679 [INFO] [MainThread] [root/api.py:62]: GitHubDataManager started...
2026-07-25 01:19:31,728 [INFO] [MainThread] [root/service.py:41]: AudioInputService starting...
2026-07-25 01:19:31,753 [INFO] [SystrayHook] [systray_hook/systray_hook.py:193]: Injecting into Explorer (PID: 10372)
2026-07-25 01:19:31,783 [INFO] [MainThread] [root/service.py:52]: AudioOutputService starting...
2026-07-25 01:19:32,120 [INFO] [MainThread] [root/bar_manager.py:229]: Starting HotkeyListener...
2026-07-25 01:19:32,121 [INFO] [MainThread] [root/bar_manager.py:103]: Starting SystemEventListener...
2026-07-25 01:19:32,121 [INFO] [MainThread] [root/bar_manager.py:103]: Starting WindowsNotificationEventListener...
2026-07-25 01:19:32,121 [INFO] [MainThread] [root/bar_manager.py:103]: Starting KomorebiEventListener...
2026-07-25 01:19:32,123 [INFO] [MainThread] [root/watcher.py:65]: Watching directory: c:\users\bensondc\.config\yasb
2026-07-25 01:19:32,123 [INFO] [MainThread] [root/watcher.py:104]: Created file watcher
2026-07-25 01:19:32,123 [INFO] [Dummy-15] [root/event_listener.py:54]: Created named pipe yasb-d5b7478d-8783-11f1-b434-a029424ab658
2026-07-25 01:19:32,139 [INFO] [MainThread] [root/update_service.py:434]: Background update checker started
2026-07-25 01:19:32,241 [INFO] [Dummy-15] [root/event_listener.py:147]: Komorebi connected to named pipe: yasb-d5b7478d-8783-11f1-b434-a029424ab658
2026-07-25 01:20:30,477 [INFO] [MainThread] [root/controller.py:21]: Reloading Application because of config change.
2026-07-25 01:20:30,585 [INFO] [MainThread] [cli_server/cli_server.py:114]: Log pipe server stopped
2026-07-25 01:20:30,592 [INFO] [MainThread] [root/bar_manager.py:93]: Successfully loaded updated config and re-initialised all bars.
2026-07-25 01:20:30,745 [INFO] [MainThread] [root/bar_manager.py:111]: Stopping HotkeyListener...
2026-07-25 01:20:30,750 [INFO] [MainThread] [root/bar_manager.py:119]: Stopping SystemEventListener...
2026-07-25 01:20:30,784 [INFO] [MainThread] [root/bar_manager.py:119]: Stopping WindowsNotificationEventListener...
2026-07-25 01:20:30,792 [INFO] [MainThread] [root/bar_manager.py:119]: Stopping KomorebiEventListener...
2026-07-25 01:20:31,091 [INFO] [MainThread] [root/log.py:104]: YASB v2.0.5
2026-07-25 01:20:31,091 [INFO] [CLIPipeServer] [cli_server/cli_server.py:216]: CLI server started v1.1.7
2026-07-25 01:20:31,091 [INFO] [MainThread] [cli_server/cli_server.py:106]: Log pipe server started
2026-07-25 01:20:31,928 [INFO] [MainThread] [root/api.py:62]: GitHubDataManager started...
2026-07-25 01:20:31,987 [INFO] [MainThread] [root/service.py:41]: AudioInputService starting...
2026-07-25 01:20:32,009 [INFO] [SystrayHook] [systray_hook/systray_hook.py:193]: Injecting into Explorer (PID: 10372)
2026-07-25 01:20:32,042 [INFO] [MainThread] [root/service.py:52]: AudioOutputService starting...
2026-07-25 01:20:32,362 [INFO] [MainThread] [root/bar_manager.py:229]: Starting HotkeyListener...
2026-07-25 01:20:32,363 [INFO] [MainThread] [root/bar_manager.py:103]: Starting KomorebiEventListener...
2026-07-25 01:20:32,364 [INFO] [MainThread] [root/bar_manager.py:103]: Starting SystemEventListener...
2026-07-25 01:20:32,364 [INFO] [MainThread] [root/bar_manager.py:103]: Starting WindowsNotificationEventListener...
2026-07-25 01:20:32,364 [INFO] [Dummy-13] [root/event_listener.py:54]: Created named pipe yasb-f99f78de-8783-11f1-a70f-a029424ab658
2026-07-25 01:20:32,366 [INFO] [MainThread] [root/watcher.py:65]: Watching directory: c:\users\bensondc\.config\yasb
2026-07-25 01:20:32,366 [INFO] [MainThread] [root/watcher.py:104]: Created file watcher
2026-07-25 01:20:32,389 [INFO] [MainThread] [root/update_service.py:434]: Background update checker started
2026-07-25 01:20:32,483 [INFO] [Dummy-13] [root/event_listener.py:147]: Komorebi connected to named pipe: yasb-f99f78de-8783-11f1-a70f-a029424ab658
2026-07-25 01:20:53,176 [INFO] [MainThread] [root/controller.py:21]: Reloading Application because of config change.
2026-07-25 01:20:53,290 [INFO] [MainThread] [cli_server/cli_server.py:114]: Log pipe server stopped
2026-07-25 01:20:53,302 [INFO] [MainThread] [root/bar_manager.py:93]: Successfully loaded updated config and re-initialised all bars.
2026-07-25 01:20:53,441 [INFO] [MainThread] [root/bar_manager.py:111]: Stopping HotkeyListener...
2026-07-25 01:20:53,445 [INFO] [MainThread] [root/bar_manager.py:119]: Stopping KomorebiEventListener...
2026-07-25 01:20:53,448 [INFO] [MainThread] [root/bar_manager.py:119]: Stopping SystemEventListener...
2026-07-25 01:20:53,485 [INFO] [MainThread] [root/bar_manager.py:119]: Stopping WindowsNotificationEventListener...
2026-07-25 01:20:53,788 [INFO] [MainThread] [root/log.py:104]: YASB v2.0.5
2026-07-25 01:20:53,789 [INFO] [CLIPipeServer] [cli_server/cli_server.py:216]: CLI server started v1.1.7
2026-07-25 01:20:53,789 [INFO] [MainThread] [cli_server/cli_server.py:106]: Log pipe server started
2026-07-25 01:20:54,603 [INFO] [MainThread] [root/api.py:62]: GitHubDataManager started...
2026-07-25 01:20:54,657 [INFO] [MainThread] [root/service.py:41]: AudioInputService starting...
2026-07-25 01:20:54,682 [INFO] [SystrayHook] [systray_hook/systray_hook.py:193]: Injecting into Explorer (PID: 10372)
2026-07-25 01:20:54,712 [INFO] [MainThread] [root/service.py:52]: AudioOutputService starting...
2026-07-25 01:20:55,034 [INFO] [MainThread] [root/bar_manager.py:229]: Starting HotkeyListener...
2026-07-25 01:20:55,035 [INFO] [MainThread] [root/bar_manager.py:103]: Starting SystemEventListener...
2026-07-25 01:20:55,035 [INFO] [MainThread] [root/bar_manager.py:103]: Starting KomorebiEventListener...
2026-07-25 01:20:55,036 [INFO] [MainThread] [root/bar_manager.py:103]: Starting WindowsNotificationEventListener...
2026-07-25 01:20:55,037 [INFO] [Dummy-13] [root/event_listener.py:54]: Created named pipe yasb-0722ee39-8784-11f1-a3e8-a029424ab658
2026-07-25 01:20:55,039 [INFO] [MainThread] [root/watcher.py:65]: Watching directory: c:\users\bensondc\.config\yasb
2026-07-25 01:20:55,039 [INFO] [MainThread] [root/watcher.py:104]: Created file watcher
2026-07-25 01:20:55,057 [INFO] [MainThread] [root/update_service.py:434]: Background update checker started
2026-07-25 01:20:55,156 [INFO] [Dummy-13] [root/event_listener.py:147]: Komorebi connected to named pipe: yasb-0722ee39-8784-11f1-a3e8-a029424ab658
2026-07-25 01:21:18,367 [INFO] [MainThread] [root/controller.py:21]: Reloading Application because of config change.
2026-07-25 01:21:18,467 [INFO] [MainThread] [cli_server/cli_server.py:114]: Log pipe server stopped
2026-07-25 01:21:18,485 [INFO] [MainThread] [root/bar_manager.py:93]: Successfully loaded updated config and re-initialised all bars.
2026-07-25 01:21:18,629 [INFO] [MainThread] [root/bar_manager.py:111]: Stopping HotkeyListener...
2026-07-25 01:21:18,635 [INFO] [MainThread] [root/bar_manager.py:119]: Stopping SystemEventListener...
2026-07-25 01:21:18,678 [INFO] [MainThread] [root/bar_manager.py:119]: Stopping KomorebiEventListener...
2026-07-25 01:21:18,686 [INFO] [MainThread] [root/bar_manager.py:119]: Stopping WindowsNotificationEventListener...
2026-07-25 01:21:18,970 [INFO] [MainThread] [root/log.py:104]: YASB v2.0.5
2026-07-25 01:21:18,971 [INFO] [CLIPipeServer] [cli_server/cli_server.py:216]: CLI server started v1.1.7
2026-07-25 01:21:18,971 [INFO] [MainThread] [cli_server/cli_server.py:106]: Log pipe server started
2026-07-25 01:21:19,679 [INFO] [MainThread] [root/api.py:62]: GitHubDataManager started...
2026-07-25 01:21:19,731 [INFO] [MainThread] [root/service.py:41]: AudioInputService starting...
2026-07-25 01:21:19,753 [INFO] [SystrayHook] [systray_hook/systray_hook.py:193]: Injecting into Explorer (PID: 10372)
2026-07-25 01:21:19,784 [INFO] [MainThread] [root/service.py:52]: AudioOutputService starting...
2026-07-25 01:21:20,108 [INFO] [MainThread] [root/bar_manager.py:229]: Starting HotkeyListener...
2026-07-25 01:21:20,109 [INFO] [MainThread] [root/bar_manager.py:103]: Starting KomorebiEventListener...
2026-07-25 01:21:20,109 [INFO] [MainThread] [root/bar_manager.py:103]: Starting WindowsNotificationEventListener...
2026-07-25 01:21:20,109 [INFO] [MainThread] [root/bar_manager.py:103]: Starting SystemEventListener...
2026-07-25 01:21:20,111 [INFO] [MainThread] [root/watcher.py:65]: Watching directory: c:\users\bensondc\.config\yasb
2026-07-25 01:21:20,111 [INFO] [MainThread] [root/watcher.py:104]: Created file watcher
2026-07-25 01:21:20,123 [INFO] [Dummy-14] [root/event_listener.py:54]: Created named pipe yasb-1614d6ea-8784-11f1-9dd9-a029424ab658
2026-07-25 01:21:20,127 [INFO] [MainThread] [root/update_service.py:434]: Background update checker started
2026-07-25 01:21:20,238 [INFO] [Dummy-14] [root/event_listener.py:147]: Komorebi connected to named pipe: yasb-1614d6ea-8784-11f1-9dd9-a029424ab658
2026-07-25 01:22:13,360 [INFO] [MainThread] [root/controller.py:21]: Reloading Application because of config change.
2026-07-25 01:22:13,469 [INFO] [MainThread] [cli_server/cli_server.py:114]: Log pipe server stopped
2026-07-25 01:22:13,485 [INFO] [MainThread] [root/bar_manager.py:93]: Successfully loaded updated config and re-initialised all bars.
2026-07-25 01:22:13,631 [INFO] [MainThread] [root/bar_manager.py:111]: Stopping HotkeyListener...
2026-07-25 01:22:13,635 [INFO] [MainThread] [root/bar_manager.py:119]: Stopping KomorebiEventListener...
2026-07-25 01:22:13,640 [INFO] [MainThread] [root/bar_manager.py:119]: Stopping WindowsNotificationEventListener...
2026-07-25 01:22:13,647 [INFO] [MainThread] [root/bar_manager.py:119]: Stopping SystemEventListener...
2026-07-25 01:22:13,981 [INFO] [MainThread] [root/log.py:104]: YASB v2.0.5
2026-07-25 01:22:13,982 [INFO] [CLIPipeServer] [cli_server/cli_server.py:216]: CLI server started v1.1.7
2026-07-25 01:22:13,982 [INFO] [MainThread] [cli_server/cli_server.py:106]: Log pipe server started
2026-07-25 01:22:14,866 [INFO] [MainThread] [root/api.py:62]: GitHubDataManager started...
2026-07-25 01:22:14,919 [INFO] [MainThread] [root/service.py:41]: AudioInputService starting...
2026-07-25 01:22:14,943 [INFO] [SystrayHook] [systray_hook/systray_hook.py:193]: Injecting into Explorer (PID: 10372)
2026-07-25 01:22:14,975 [INFO] [MainThread] [root/service.py:52]: AudioOutputService starting...
2026-07-25 01:22:15,318 [INFO] [MainThread] [root/bar_manager.py:229]: Starting HotkeyListener...
2026-07-25 01:22:15,318 [INFO] [MainThread] [root/bar_manager.py:103]: Starting WindowsNotificationEventListener...
2026-07-25 01:22:15,319 [INFO] [MainThread] [root/bar_manager.py:103]: Starting KomorebiEventListener...
2026-07-25 01:22:15,319 [INFO] [MainThread] [root/bar_manager.py:103]: Starting SystemEventListener...
2026-07-25 01:22:15,321 [INFO] [MainThread] [root/watcher.py:65]: Watching directory: c:\users\bensondc\.config\yasb
2026-07-25 01:22:15,321 [INFO] [MainThread] [root/watcher.py:104]: Created file watcher
2026-07-25 01:22:15,321 [INFO] [Dummy-15] [root/event_listener.py:54]: Created named pipe yasb-36fd3bc5-8784-11f1-aa60-a029424ab658
2026-07-25 01:22:15,350 [INFO] [MainThread] [root/update_service.py:434]: Background update checker started
2026-07-25 01:22:15,438 [INFO] [Dummy-15] [root/event_listener.py:147]: Komorebi connected to named pipe: yasb-36fd3bc5-8784-11f1-aa60-a029424ab658
2026-07-25 01:23:09,690 [INFO] [MainThread] [root/controller.py:21]: Reloading Application because of config change.
2026-07-25 01:23:09,802 [INFO] [MainThread] [cli_server/cli_server.py:114]: Log pipe server stopped
2026-07-25 01:23:09,815 [INFO] [MainThread] [root/bar_manager.py:93]: Successfully loaded updated config and re-initialised all bars.
2026-07-25 01:23:09,994 [INFO] [MainThread] [root/bar_manager.py:111]: Stopping HotkeyListener...
2026-07-25 01:23:09,999 [INFO] [MainThread] [root/bar_manager.py:119]: Stopping WindowsNotificationEventListener...
2026-07-25 01:23:10,004 [INFO] [MainThread] [root/bar_manager.py:119]: Stopping KomorebiEventListener...
2026-07-25 01:23:10,008 [INFO] [MainThread] [root/bar_manager.py:119]: Stopping SystemEventListener...
2026-07-25 01:23:10,306 [INFO] [MainThread] [root/log.py:104]: YASB v2.0.5
2026-07-25 01:23:10,306 [INFO] [CLIPipeServer] [cli_server/cli_server.py:216]: CLI server started v1.1.7
2026-07-25 01:23:10,307 [INFO] [MainThread] [cli_server/cli_server.py:106]: Log pipe server started
2026-07-25 01:23:11,107 [INFO] [MainThread] [root/api.py:62]: GitHubDataManager started...
2026-07-25 01:23:11,163 [INFO] [MainThread] [root/service.py:41]: AudioInputService starting...
2026-07-25 01:23:11,189 [INFO] [SystrayHook] [systray_hook/systray_hook.py:193]: Injecting into Explorer (PID: 10372)
2026-07-25 01:23:11,219 [INFO] [MainThread] [root/service.py:52]: AudioOutputService starting...
2026-07-25 01:23:11,556 [INFO] [MainThread] [root/bar_manager.py:229]: Starting HotkeyListener...
2026-07-25 01:23:11,556 [INFO] [MainThread] [root/bar_manager.py:103]: Starting KomorebiEventListener...
2026-07-25 01:23:11,556 [INFO] [MainThread] [root/bar_manager.py:103]: Starting WindowsNotificationEventListener...
2026-07-25 01:23:11,556 [INFO] [MainThread] [root/bar_manager.py:103]: Starting SystemEventListener...
2026-07-25 01:23:11,558 [INFO] [MainThread] [root/watcher.py:65]: Watching directory: c:\users\bensondc\.config\yasb
2026-07-25 01:23:11,559 [INFO] [MainThread] [root/watcher.py:104]: Created file watcher
2026-07-25 01:23:11,559 [INFO] [Dummy-15] [root/event_listener.py:54]: Created named pipe yasb-58825068-8784-11f1-bc57-a029424ab658
2026-07-25 01:23:11,586 [INFO] [MainThread] [root/update_service.py:434]: Background update checker started
2026-07-25 01:23:11,668 [INFO] [Dummy-15] [root/event_listener.py:147]: Komorebi connected to named pipe: yasb-58825068-8784-11f1-bc57-a029424ab658
2026-07-25 01:24:53,146 [INFO] [MainThread] [root/controller.py:21]: Reloading Application because of config change.
2026-07-25 01:24:53,258 [INFO] [MainThread] [cli_server/cli_server.py:114]: Log pipe server stopped
2026-07-25 01:24:53,270 [INFO] [MainThread] [root/bar_manager.py:93]: Successfully loaded updated config and re-initialised all bars.
2026-07-25 01:24:53,436 [INFO] [MainThread] [root/bar_manager.py:111]: Stopping HotkeyListener...
2026-07-25 01:24:53,442 [INFO] [MainThread] [root/bar_manager.py:119]: Stopping KomorebiEventListener...
2026-07-25 01:24:53,446 [INFO] [MainThread] [root/bar_manager.py:119]: Stopping WindowsNotificationEventListener...
2026-07-25 01:24:53,448 [INFO] [MainThread] [root/bar_manager.py:119]: Stopping SystemEventListener...
2026-07-25 01:24:53,752 [INFO] [MainThread] [root/log.py:104]: YASB v2.0.5
2026-07-25 01:24:53,752 [INFO] [CLIPipeServer] [cli_server/cli_server.py:216]: CLI server started v1.1.7
2026-07-25 01:24:53,753 [INFO] [MainThread] [cli_server/cli_server.py:106]: Log pipe server started
2026-07-25 01:24:54,685 [INFO] [MainThread] [root/api.py:62]: GitHubDataManager started...
2026-07-25 01:24:54,739 [INFO] [MainThread] [root/service.py:41]: AudioInputService starting...
2026-07-25 01:24:54,762 [INFO] [SystrayHook] [systray_hook/systray_hook.py:193]: Injecting into Explorer (PID: 10372)
2026-07-25 01:24:54,790 [INFO] [MainThread] [root/service.py:52]: AudioOutputService starting...
2026-07-25 01:24:55,150 [INFO] [MainThread] [root/bar_manager.py:229]: Starting HotkeyListener...
2026-07-25 01:24:55,150 [INFO] [MainThread] [root/bar_manager.py:103]: Starting KomorebiEventListener...
2026-07-25 01:24:55,151 [INFO] [MainThread] [root/bar_manager.py:103]: Starting SystemEventListener...
2026-07-25 01:24:55,152 [INFO] [MainThread] [root/bar_manager.py:103]: Starting WindowsNotificationEventListener...
2026-07-25 01:24:55,153 [INFO] [MainThread] [root/watcher.py:65]: Watching directory: c:\users\bensondc\.config\yasb
2026-07-25 01:24:55,154 [INFO] [MainThread] [root/watcher.py:104]: Created file watcher
2026-07-25 01:24:55,153 [INFO] [Dummy-15] [root/event_listener.py:54]: Created named pipe yasb-9641b527-8784-11f1-8522-a029424ab658
2026-07-25 01:24:55,178 [INFO] [MainThread] [root/update_service.py:434]: Background update checker started
2026-07-25 01:24:55,276 [INFO] [Dummy-15] [root/event_listener.py:147]: Komorebi connected to named pipe: yasb-9641b527-8784-11f1-8522-a029424ab658
2026-07-25 01:25:06,038 [INFO] [MainThread] [root/controller.py:21]: Reloading Application because of config change.
2026-07-25 01:25:06,139 [INFO] [MainThread] [cli_server/cli_server.py:114]: Log pipe server stopped
2026-07-25 01:25:06,154 [INFO] [MainThread] [root/bar_manager.py:93]: Successfully loaded updated config and re-initialised all bars.
2026-07-25 01:25:06,298 [INFO] [MainThread] [root/bar_manager.py:111]: Stopping HotkeyListener...
2026-07-25 01:25:06,302 [INFO] [MainThread] [root/bar_manager.py:119]: Stopping KomorebiEventListener...
2026-07-25 01:25:06,307 [INFO] [MainThread] [root/bar_manager.py:119]: Stopping SystemEventListener...
2026-07-25 01:25:06,342 [INFO] [MainThread] [root/bar_manager.py:119]: Stopping WindowsNotificationEventListener...
2026-07-25 01:25:06,642 [INFO] [MainThread] [root/log.py:104]: YASB v2.0.5
2026-07-25 01:25:06,642 [INFO] [CLIPipeServer] [cli_server/cli_server.py:216]: CLI server started v1.1.7
2026-07-25 01:25:06,642 [INFO] [MainThread] [cli_server/cli_server.py:106]: Log pipe server started
2026-07-25 01:25:07,441 [INFO] [MainThread] [root/api.py:62]: GitHubDataManager started...
2026-07-25 01:25:07,495 [INFO] [MainThread] [root/service.py:41]: AudioInputService starting...
2026-07-25 01:25:07,519 [INFO] [SystrayHook] [systray_hook/systray_hook.py:193]: Injecting into Explorer (PID: 10372)
2026-07-25 01:25:07,545 [INFO] [MainThread] [root/service.py:52]: AudioOutputService starting...
2026-07-25 01:25:07,858 [INFO] [MainThread] [root/bar_manager.py:229]: Starting HotkeyListener...
2026-07-25 01:25:07,858 [INFO] [MainThread] [root/bar_manager.py:103]: Starting KomorebiEventListener...
2026-07-25 01:25:07,859 [INFO] [MainThread] [root/bar_manager.py:103]: Starting WindowsNotificationEventListener...
2026-07-25 01:25:07,859 [INFO] [MainThread] [root/bar_manager.py:103]: Starting SystemEventListener...
2026-07-25 01:25:07,860 [INFO] [Dummy-14] [root/event_listener.py:54]: Created named pipe yasb-9dd4b364-8784-11f1-8c89-a029424ab658
2026-07-25 01:25:07,861 [INFO] [MainThread] [root/watcher.py:65]: Watching directory: c:\users\bensondc\.config\yasb
2026-07-25 01:25:07,861 [INFO] [MainThread] [root/watcher.py:104]: Created file watcher
2026-07-25 01:25:07,877 [INFO] [MainThread] [root/update_service.py:434]: Background update checker started
2026-07-25 01:25:07,983 [INFO] [Dummy-14] [root/event_listener.py:147]: Komorebi connected to named pipe: yasb-9dd4b364-8784-11f1-8c89-a029424ab658
2026-07-25 01:34:28,809 [INFO] [MainThread] [root/controller.py:21]: Reloading Application because of config change.
2026-07-25 01:34:28,910 [INFO] [MainThread] [cli_server/cli_server.py:114]: Log pipe server stopped
2026-07-25 01:34:28,927 [INFO] [MainThread] [root/bar_manager.py:93]: Successfully loaded updated config and re-initialised all bars.
2026-07-25 01:34:29,054 [INFO] [MainThread] [root/bar_manager.py:111]: Stopping HotkeyListener...
2026-07-25 01:34:29,060 [INFO] [MainThread] [root/bar_manager.py:119]: Stopping KomorebiEventListener...
2026-07-25 01:34:29,065 [INFO] [MainThread] [root/bar_manager.py:119]: Stopping WindowsNotificationEventListener...
2026-07-25 01:34:29,069 [INFO] [MainThread] [root/bar_manager.py:119]: Stopping SystemEventListener...
2026-07-25 01:34:29,427 [INFO] [MainThread] [root/log.py:104]: YASB v2.0.5
2026-07-25 01:34:29,427 [INFO] [CLIPipeServer] [cli_server/cli_server.py:216]: CLI server started v1.1.7
2026-07-25 01:34:29,428 [INFO] [MainThread] [cli_server/cli_server.py:106]: Log pipe server started
2026-07-25 01:34:30,298 [INFO] [MainThread] [root/api.py:62]: GitHubDataManager started...
2026-07-25 01:34:30,351 [INFO] [MainThread] [root/service.py:41]: AudioInputService starting...
2026-07-25 01:34:30,374 [INFO] [SystrayHook] [systray_hook/systray_hook.py:193]: Injecting into Explorer (PID: 10372)
2026-07-25 01:34:30,407 [INFO] [MainThread] [root/service.py:52]: AudioOutputService starting...
2026-07-25 01:34:30,767 [INFO] [MainThread] [root/bar_manager.py:229]: Starting HotkeyListener...
2026-07-25 01:34:30,767 [INFO] [MainThread] [root/bar_manager.py:103]: Starting SystemEventListener...
2026-07-25 01:34:30,767 [INFO] [MainThread] [root/bar_manager.py:103]: Starting KomorebiEventListener...
2026-07-25 01:34:30,769 [INFO] [MainThread] [root/bar_manager.py:103]: Starting WindowsNotificationEventListener...
2026-07-25 01:34:30,771 [INFO] [MainThread] [root/watcher.py:65]: Watching directory: c:\users\bensondc\.config\yasb
2026-07-25 01:34:30,772 [INFO] [MainThread] [root/watcher.py:104]: Created file watcher
2026-07-25 01:34:30,788 [INFO] [Dummy-15] [root/event_listener.py:54]: Created named pipe yasb-ed59f6ab-8785-11f1-926b-a029424ab658
2026-07-25 01:34:30,791 [INFO] [MainThread] [root/update_service.py:434]: Background update checker started
2026-07-25 01:34:30,903 [INFO] [Dummy-15] [root/event_listener.py:147]: Komorebi connected to named pipe: yasb-ed59f6ab-8785-11f1-926b-a029424ab658
Windows fatal exception: code 0x8007072c

Thread 0x00005bbc [asyncio_0] (most recent call first):
  File "C:\hostedtoolcache\windows\Python\3.14.6\x64\Lib\threading.py", line 373 in wait
  File "C:\hostedtoolcache\windows\Python\3.14.6\x64\Lib\threading.py", line 670 in wait
  File "C:\hostedtoolcache\windows\Python\3.14.6\x64\Lib\concurrent\futures\thread.py", line 73 in run
  File "C:\hostedtoolcache\windows\Python\3.14.6\x64\Lib\concurrent\futures\thread.py", line 86 in run
  File "C:\hostedtoolcache\windows\Python\3.14.6\x64\Lib\concurrent\futures\thread.py", line 119 in _worker
  File "C:\hostedtoolcache\windows\Python\3.14.6\x64\Lib\threading.py", line 1024 in run
  File "C:\hostedtoolcache\windows\Python\3.14.6\x64\Lib\threading.py", line 1082 in _bootstrap_inner
  File "C:\hostedtoolcache\windows\Python\3.14.6\x64\Lib\threading.py", line 1044 in _bootstrap

Thread 0x00001230 [WindowsNotificationEventListener] (most recent call first):
  File "C:\hostedtoolcache\windows\Python\3.14.6\x64\Lib\asyncio\windows_events.py", line 778 in _poll
  File "C:\hostedtoolcache\windows\Python\3.14.6\x64\Lib\asyncio\windows_events.py", line 446 in select
  File "C:\hostedtoolcache\windows\Python\3.14.6\x64\Lib\asyncio\base_events.py", line 2018 in _run_once
  File "C:\hostedtoolcache\windows\Python\3.14.6\x64\Lib\asyncio\base_events.py", line 677 in run_forever
  File "C:\hostedtoolcache\windows\Python\3.14.6\x64\Lib\asyncio\base_events.py", line 706 in run_until_complete
  File "D:\a\yasb\yasb\src\core\widgets\services\notifications\windows_notification.py", line 101 in run

Thread 0x0000342c [KomorebiEventListener] (most recent call first):
  File "C:\hostedtoolcache\windows\Python\3.14.6\x64\Lib\threading.py", line 373 in wait
  File "C:\hostedtoolcache\windows\Python\3.14.6\x64\Lib\threading.py", line 670 in wait
  File "D:\a\yasb\yasb\src\core\widgets\services\komorebi\event_listener.py", line 75 in run

Thread 0x00001540 [Thread-12] (most recent call first):
  File "C:\hostedtoolcache\windows\Python\3.14.6\x64\Lib\threading.py", line 369 in wait
  File "C:\hostedtoolcache\windows\Python\3.14.6\x64\Lib\queue.py", line 199 in get
  File "D:\a\yasb\yasb\venv\Lib\site-packages\watchdog\observers\api.py", line 379 in dispatch_events
  File "D:\a\yasb\yasb\venv\Lib\site-packages\watchdog\observers\api.py", line 213 in run
  File "C:\hostedtoolcache\windows\Python\3.14.6\x64\Lib\threading.py", line 1082 in _bootstrap_inner
  File "C:\hostedtoolcache\windows\Python\3.14.6\x64\Lib\threading.py", line 1044 in _bootstrap

Thread 0x00003bdc [Thread-14] (most recent call first):
  File "D:\a\yasb\yasb\venv\Lib\site-packages\watchdog\observers\winapi.py", line 326 in read_directory_changes
  File "D:\a\yasb\yasb\venv\Lib\site-packages\watchdog\observers\winapi.py", line 380 in read_events
  File "D:\a\yasb\yasb\venv\Lib\site-packages\watchdog\observers\read_directory_changes.py", line 67 in _read_events
  File "D:\a\yasb\yasb\venv\Lib\site-packages\watchdog\observers\read_directory_changes.py", line 70 in queue_events
  File "D:\a\yasb\yasb\venv\Lib\site-packages\watchdog\observers\api.py", line 158 in run
  File "C:\hostedtoolcache\windows\Python\3.14.6\x64\Lib\threading.py", line 1082 in _bootstrap_inner
  File "C:\hostedtoolcache\windows\Python\3.14.6\x64\Lib\threading.py", line 1044 in _bootstrap

Thread 0x00005864 [SystemEventListener] (most recent call first):
  File "D:\a\yasb\yasb\src\core\utils\win32\event_listener.py", line 69 in run

Thread 0x00002890 [HotkeyListener] (most recent call first):
  File "D:\a\yasb\yasb\src\core\utils\win32\hotkeys.py", line 252 in run

Thread 0x00004558 [MemoryWorker] (most recent call first):
  File "D:\a\yasb\yasb\src\core\widgets\services\memory\memory_api.py", line 244 in run

Thread 0x00003b0c [CpuWorker] (most recent call first):
  File "D:\a\yasb\yasb\src\core\widgets\services\cpu\cpu_api.py", line 340 in run

Thread 0x0000224c [SystrayHook] (most recent call first):
  File "D:\a\yasb\yasb\src\core\widgets\services\systray\systray_hook.py", line 247 in run
  File "D:\a\yasb\yasb\src\core\widgets\yasb\systray.py", line 79 in run

Thread 0x00003058 [WiFiWorker] (most recent call first):
  File "D:\a\yasb\yasb\src\core\widgets\services\wifi\wifi_managers.py", line 151 in run

Thread 0x00004628 [Thread-6 (process_audio)] (most recent call first):
  File "D:\a\yasb\yasb\src\core\widgets\yasb\cava.py", line 586 in process_audio
  File "C:\hostedtoolcache\windows\Python\3.14.6\x64\Lib\threading.py", line 1024 in run
  File "C:\hostedtoolcache\windows\Python\3.14.6\x64\Lib\threading.py", line 1082 in _bootstrap_inner
  File "C:\hostedtoolcache\windows\Python\3.14.6\x64\Lib\threading.py", line 1044 in _bootstrap

Thread 0x000028ac [QueryWorker] (most recent call first):
  File "D:\a\yasb\yasb\src\core\widgets\services\quick_launch\workers.py", line 61 in run

Thread 0x00005b08 [_EventWorker] (most recent call first):
  File "D:\a\yasb\yasb\venv\Lib\site-packages\qasync\_windows.py", line 147 in _poll
  File "D:\a\yasb\yasb\venv\Lib\site-packages\qasync\_windows.py", line 72 in select
  File "D:\a\yasb\yasb\venv\Lib\site-packages\qasync\_windows.py", line 199 in run

Thread 0x00004570 [LogPipeServer] (most recent call first):
  File "D:\a\yasb\yasb\src\core\utils\win32\bindings\kernel32.py", line 288 in ConnectNamedPipe
  File "D:\a\yasb\yasb\src\core\utils\cli_server.py", line 138 in _run_server
  File "C:\hostedtoolcache\windows\Python\3.14.6\x64\Lib\threading.py", line 1024 in run
  File "C:\hostedtoolcache\windows\Python\3.14.6\x64\Lib\threading.py", line 1082 in _bootstrap_inner
  File "C:\hostedtoolcache\windows\Python\3.14.6\x64\Lib\threading.py", line 1044 in _bootstrap

Thread 0x00000e24 [CLIPipeServer] (most recent call first):
  File "D:\a\yasb\yasb\src\core\utils\win32\bindings\kernel32.py", line 288 in ConnectNamedPipe
  File "D:\a\yasb\yasb\src\core\utils\cli_server.py", line 235 in _run_server
  File "C:\hostedtoolcache\windows\Python\3.14.6\x64\Lib\threading.py", line 1024 in run
  File "C:\hostedtoolcache\windows\Python\3.14.6\x64\Lib\threading.py", line 1082 in _bootstrap_inner
  File "C:\hostedtoolcache\windows\Python\3.14.6\x64\Lib\threading.py", line 1044 in _bootstrap

Thread 0x00001870 (most recent call first):
  File "D:\a\yasb\yasb\src\core\utils\win32\aumid_icons.py", line 122 in get_icon_for_aumid
  File "D:\a\yasb\yasb\src\core\utils\win32\app_icons.py", line 134 in get_window_icon
  File "D:\a\yasb\yasb\src\core\widgets\yasb\active_window.py", line 348 in _update_window_title
  File "D:\a\yasb\yasb\src\core\widgets\yasb\active_window.py", line 237 in _on_focus_change_event
  File "D:\a\yasb\yasb\venv\Lib\site-packages\qasync\__init__.py", line 404 in run_forever
  File "D:\a\yasb\yasb\venv\Lib\site-packages\qasync\__init__.py", line 428 in run_until_complete
  File "main.py", line 100 in main
  File "main.py", line 203 in <module>
  File "D:\a\yasb\yasb\venv\Lib\site-packages\freeze_core\initscripts\console.py", line 27 in run
  File "D:\a\yasb\yasb\venv\Lib\site-packages\freeze_core\initscripts\__startup__.py", line 137 in run

Current thread's C stack trace (most recent call first):
  <cannot get C stack on this system>
Windows fatal exception: code 0x8007072c

Thread 0x00005bbc [asyncio_0] (most recent call first):
  File "C:\hostedtoolcache\windows\Python\3.14.6\x64\Lib\threading.py", line 373 in wait
  File "C:\hostedtoolcache\windows\Python\3.14.6\x64\Lib\threading.py", line 670 in wait
  File "C:\hostedtoolcache\windows\Python\3.14.6\x64\Lib\concurrent\futures\thread.py", line 73 in run
  File "C:\hostedtoolcache\windows\Python\3.14.6\x64\Lib\concurrent\futures\thread.py", line 86 in run
  File "C:\hostedtoolcache\windows\Python\3.14.6\x64\Lib\concurrent\futures\thread.py", line 119 in _worker
  File "C:\hostedtoolcache\windows\Python\3.14.6\x64\Lib\threading.py", line 1024 in run
  File "C:\hostedtoolcache\windows\Python\3.14.6\x64\Lib\threading.py", line 1082 in _bootstrap_inner
  File "C:\hostedtoolcache\windows\Python\3.14.6\x64\Lib\threading.py", line 1044 in _bootstrap

Thread 0x00001230 [WindowsNotificationEventListener] (most recent call first):
  File "C:\hostedtoolcache\windows\Python\3.14.6\x64\Lib\asyncio\windows_events.py", line 778 in _poll
  File "C:\hostedtoolcache\windows\Python\3.14.6\x64\Lib\asyncio\windows_events.py", line 446 in select
  File "C:\hostedtoolcache\windows\Python\3.14.6\x64\Lib\asyncio\base_events.py", line 2018 in _run_once
  File "C:\hostedtoolcache\windows\Python\3.14.6\x64\Lib\asyncio\base_events.py", line 677 in run_forever
  File "C:\hostedtoolcache\windows\Python\3.14.6\x64\Lib\asyncio\base_events.py", line 706 in run_until_complete
  File "D:\a\yasb\yasb\src\core\widgets\services\notifications\windows_notification.py", line 101 in run

Thread 0x0000342c [KomorebiEventListener] (most recent call first):
  File "C:\hostedtoolcache\windows\Python\3.14.6\x64\Lib\threading.py", line 373 in wait
  File "C:\hostedtoolcache\windows\Python\3.14.6\x64\Lib\threading.py", line 670 in wait
  File "D:\a\yasb\yasb\src\core\widgets\services\komorebi\event_listener.py", line 75 in run

Thread 0x00001540 [Thread-12] (most recent call first):
  File "C:\hostedtoolcache\windows\Python\3.14.6\x64\Lib\threading.py", line 369 in wait
  File "C:\hostedtoolcache\windows\Python\3.14.6\x64\Lib\queue.py", line 199 in get
  File "D:\a\yasb\yasb\venv\Lib\site-packages\watchdog\observers\api.py", line 379 in dispatch_events
  File "D:\a\yasb\yasb\venv\Lib\site-packages\watchdog\observers\api.py", line 213 in run
  File "C:\hostedtoolcache\windows\Python\3.14.6\x64\Lib\threading.py", line 1082 in _bootstrap_inner
  File "C:\hostedtoolcache\windows\Python\3.14.6\x64\Lib\threading.py", line 1044 in _bootstrap

Thread 0x00003bdc [Thread-14] (most recent call first):
  File "D:\a\yasb\yasb\venv\Lib\site-packages\watchdog\observers\winapi.py", line 326 in read_directory_changes
  File "D:\a\yasb\yasb\venv\Lib\site-packages\watchdog\observers\winapi.py", line 380 in read_events
  File "D:\a\yasb\yasb\venv\Lib\site-packages\watchdog\observers\read_directory_changes.py", line 67 in _read_events
  File "D:\a\yasb\yasb\venv\Lib\site-packages\watchdog\observers\read_directory_changes.py", line 70 in queue_events
  File "D:\a\yasb\yasb\venv\Lib\site-packages\watchdog\observers\api.py", line 158 in run
  File "C:\hostedtoolcache\windows\Python\3.14.6\x64\Lib\threading.py", line 1082 in _bootstrap_inner
  File "C:\hostedtoolcache\windows\Python\3.14.6\x64\Lib\threading.py", line 1044 in _bootstrap

Thread 0x00005864 [SystemEventListener] (most recent call first):
  File "D:\a\yasb\yasb\src\core\utils\win32\event_listener.py", line 69 in run

Thread 0x00002890 [HotkeyListener] (most recent call first):
  File "D:\a\yasb\yasb\src\core\utils\win32\hotkeys.py", line 252 in run

Thread 0x00004558 [MemoryWorker] (most recent call first):
  File "D:\a\yasb\yasb\src\core\widgets\services\memory\memory_api.py", line 244 in run

Thread 0x00003b0c [CpuWorker] (most recent call first):
  File "D:\a\yasb\yasb\src\core\widgets\services\cpu\cpu_api.py", line 340 in run

Thread 0x0000224c [SystrayHook] (most recent call first):
  File "D:\a\yasb\yasb\src\core\widgets\services\systray\systray_hook.py", line 247 in run
  File "D:\a\yasb\yasb\src\core\widgets\yasb\systray.py", line 79 in run

Thread 0x00003058 [WiFiWorker] (most recent call first):
  File "D:\a\yasb\yasb\src\core\widgets\services\wifi\wifi_managers.py", line 151 in run

Thread 0x00004628 [Thread-6 (process_audio)] (most recent call first):
  File "D:\a\yasb\yasb\src\core\widgets\yasb\cava.py", line 586 in process_audio
  File "C:\hostedtoolcache\windows\Python\3.14.6\x64\Lib\threading.py", line 1024 in run
  File "C:\hostedtoolcache\windows\Python\3.14.6\x64\Lib\threading.py", line 1082 in _bootstrap_inner
  File "C:\hostedtoolcache\windows\Python\3.14.6\x64\Lib\threading.py", line 1044 in _bootstrap

Thread 0x000028ac [QueryWorker] (most recent call first):
  File "D:\a\yasb\yasb\src\core\widgets\services\quick_launch\workers.py", line 61 in run

Thread 0x00005b08 [_EventWorker] (most recent call first):
  File "D:\a\yasb\yasb\venv\Lib\site-packages\qasync\_windows.py", line 147 in _poll
  File "D:\a\yasb\yasb\venv\Lib\site-packages\qasync\_windows.py", line 72 in select
  File "D:\a\yasb\yasb\venv\Lib\site-packages\qasync\_windows.py", line 199 in run

Thread 0x00004570 [LogPipeServer] (most recent call first):
  File "D:\a\yasb\yasb\src\core\utils\win32\bindings\kernel32.py", line 288 in ConnectNamedPipe
  File "D:\a\yasb\yasb\src\core\utils\cli_server.py", line 138 in _run_server
  File "C:\hostedtoolcache\windows\Python\3.14.6\x64\Lib\threading.py", line 1024 in run
  File "C:\hostedtoolcache\windows\Python\3.14.6\x64\Lib\threading.py", line 1082 in _bootstrap_inner
  File "C:\hostedtoolcache\windows\Python\3.14.6\x64\Lib\threading.py", line 1044 in _bootstrap

Thread 0x00000e24 [CLIPipeServer] (most recent call first):
  File "D:\a\yasb\yasb\src\core\utils\win32\bindings\kernel32.py", line 288 in ConnectNamedPipe
  File "D:\a\yasb\yasb\src\core\utils\cli_server.py", line 235 in _run_server
  File "C:\hostedtoolcache\windows\Python\3.14.6\x64\Lib\threading.py", line 1024 in run
  File "C:\hostedtoolcache\windows\Python\3.14.6\x64\Lib\threading.py", line 1082 in _bootstrap_inner
  File "C:\hostedtoolcache\windows\Python\3.14.6\x64\Lib\threading.py", line 1044 in _bootstrap

Thread 0x00001870 (most recent call first):
  File "D:\a\yasb\yasb\src\core\utils\win32\aumid_icons.py", line 122 in get_icon_for_aumid
  File "D:\a\yasb\yasb\src\core\utils\win32\app_icons.py", line 134 in get_window_icon
  File "D:\a\yasb\yasb\src\core\widgets\yasb\active_window.py", line 348 in _update_window_title
  File "D:\a\yasb\yasb\src\core\widgets\yasb\active_window.py", line 237 in _on_focus_change_event
  File "D:\a\yasb\yasb\venv\Lib\site-packages\qasync\__init__.py", line 404 in run_forever
  File "D:\a\yasb\yasb\venv\Lib\site-packages\qasync\__init__.py", line 428 in run_until_complete
  File "main.py", line 100 in main
  File "main.py", line 203 in <module>
  File "D:\a\yasb\yasb\venv\Lib\site-packages\freeze_core\initscripts\console.py", line 27 in run
  File "D:\a\yasb\yasb\venv\Lib\site-packages\freeze_core\initscripts\__startup__.py", line 137 in run

Current thread's C stack trace (most recent call first):
  <cannot get C stack on this system>
2026-07-25 01:38:36,894 [INFO] [MainThread] [root/service.py:212]: Quick Launch rebuilding app list after install/uninstall detected
Windows fatal exception: code 0x8007072c

Current thread 0x00004178 [DescriptionResolverWorker] (most recent call first):
  File "D:\a\yasb\yasb\src\core\widgets\services\quick_launch\providers\apps.py", line 231 in run

Thread 0x00002bec [IconResolverWorker] (most recent call first):
  File "<COMObject WScript.Shell>", line 2 in CreateShortcut
  File "D:\a\yasb\yasb\src\core\utils\win32\icon_extractor.py", line 110 in extract_lnk_icon
  File "D:\a\yasb\yasb\src\core\widgets\services\quick_launch\icon_resolver.py", line 71 in _resolve_icon
  File "D:\a\yasb\yasb\src\core\widgets\services\quick_launch\icon_resolver.py", line 52 in run

Thread 0x00005bbc [asyncio_0] (most recent call first):
  File "C:\hostedtoolcache\windows\Python\3.14.6\x64\Lib\threading.py", line 373 in wait
  File "C:\hostedtoolcache\windows\Python\3.14.6\x64\Lib\threading.py", line 670 in wait
  File "C:\hostedtoolcache\windows\Python\3.14.6\x64\Lib\concurrent\futures\thread.py", line 73 in run
  File "C:\hostedtoolcache\windows\Python\3.14.6\x64\Lib\concurrent\futures\thread.py", line 86 in run
  File "C:\hostedtoolcache\windows\Python\3.14.6\x64\Lib\concurrent\futures\thread.py", line 119 in _worker
  File "C:\hostedtoolcache\windows\Python\3.14.6\x64\Lib\threading.py", line 1024 in run
  File "C:\hostedtoolcache\windows\Python\3.14.6\x64\Lib\threading.py", line 1082 in _bootstrap_inner
  File "C:\hostedtoolcache\windows\Python\3.14.6\x64\Lib\threading.py", line 1044 in _bootstrap

Thread 0x00001230 [WindowsNotificationEventListener] (most recent call first):
  File "C:\hostedtoolcache\windows\Python\3.14.6\x64\Lib\asyncio\windows_events.py", line 778 in _poll
  File "C:\hostedtoolcache\windows\Python\3.14.6\x64\Lib\asyncio\windows_events.py", line 446 in select
  File "C:\hostedtoolcache\windows\Python\3.14.6\x64\Lib\asyncio\base_events.py", line 2018 in _run_once
  File "C:\hostedtoolcache\windows\Python\3.14.6\x64\Lib\asyncio\base_events.py", line 677 in run_forever
  File "C:\hostedtoolcache\windows\Python\3.14.6\x64\Lib\asyncio\base_events.py", line 706 in run_until_complete
  File "D:\a\yasb\yasb\src\core\widgets\services\notifications\windows_notification.py", line 101 in run

Thread 0x0000342c [KomorebiEventListener] (most recent call first):
  File "C:\hostedtoolcache\windows\Python\3.14.6\x64\Lib\threading.py", line 373 in wait
  File "C:\hostedtoolcache\windows\Python\3.14.6\x64\Lib\threading.py", line 670 in wait
  File "D:\a\yasb\yasb\src\core\widgets\services\komorebi\event_listener.py", line 75 in run

Thread 0x00001540 [Thread-12] (most recent call first):
  File "C:\hostedtoolcache\windows\Python\3.14.6\x64\Lib\threading.py", line 369 in wait
  File "C:\hostedtoolcache\windows\Python\3.14.6\x64\Lib\queue.py", line 199 in get
  File "D:\a\yasb\yasb\venv\Lib\site-packages\watchdog\observers\api.py", line 379 in dispatch_events
  File "D:\a\yasb\yasb\venv\Lib\site-packages\watchdog\observers\api.py", line 213 in run
  File "C:\hostedtoolcache\windows\Python\3.14.6\x64\Lib\threading.py", line 1082 in _bootstrap_inner
  File "C:\hostedtoolcache\windows\Python\3.14.6\x64\Lib\threading.py", line 1044 in _bootstrap

Thread 0x00003bdc [Thread-14] (most recent call first):
  File "D:\a\yasb\yasb\venv\Lib\site-packages\watchdog\observers\winapi.py", line 326 in read_directory_changes
  File "D:\a\yasb\yasb\venv\Lib\site-packages\watchdog\observers\winapi.py", line 380 in read_events
  File "D:\a\yasb\yasb\venv\Lib\site-packages\watchdog\observers\read_directory_changes.py", line 67 in _read_events
  File "D:\a\yasb\yasb\venv\Lib\site-packages\watchdog\observers\read_directory_changes.py", line 70 in queue_events
  File "D:\a\yasb\yasb\venv\Lib\site-packages\watchdog\observers\api.py", line 158 in run
  File "C:\hostedtoolcache\windows\Python\3.14.6\x64\Lib\threading.py", line 1082 in _bootstrap_inner
  File "C:\hostedtoolcache\windows\Python\3.14.6\x64\Lib\threading.py", line 1044 in _bootstrap

Thread 0x00005864 [SystemEventListener] (most recent call first):
  File "D:\a\yasb\yasb\src\core\utils\win32\event_listener.py", line 69 in run

Thread 0x00002890 [HotkeyListener] (most recent call first):
  File "D:\a\yasb\yasb\src\core\utils\win32\hotkeys.py", line 252 in run

Thread 0x00004558 [MemoryWorker] (most recent call first):
  File "D:\a\yasb\yasb\src\core\widgets\services\memory\memory_api.py", line 244 in run

Thread 0x00003b0c [CpuWorker] (most recent call first):
  File "D:\a\yasb\yasb\src\core\widgets\services\cpu\cpu_api.py", line 340 in run

Thread 0x0000224c [SystrayHook] (most recent call first):
  File "D:\a\yasb\yasb\src\core\widgets\services\systray\systray_hook.py", line 247 in run
  File "D:\a\yasb\yasb\src\core\widgets\yasb\systray.py", line 79 in run

Thread 0x00003058 [WiFiWorker] (most recent call first):
  File "D:\a\yasb\yasb\src\core\widgets\services\wifi\wifi_managers.py", line 151 in run

Thread 0x00004628 [Thread-6 (process_audio)] (most recent call first):
  File "D:\a\yasb\yasb\src\core\widgets\yasb\cava.py", line 586 in process_audio
  File "C:\hostedtoolcache\windows\Python\3.14.6\x64\Lib\threading.py", line 1024 in run
  File "C:\hostedtoolcache\windows\Python\3.14.6\x64\Lib\threading.py", line 1082 in _bootstrap_inner
  File "C:\hostedtoolcache\windows\Python\3.14.6\x64\Lib\threading.py", line 1044 in _bootstrap

Thread 0x000028ac [QueryWorker] (most recent call first):
  File "D:\a\yasb\yasb\src\core\widgets\services\quick_launch\workers.py", line 61 in run

Thread 0x00005b08 [_EventWorker] (most recent call first):
  File "D:\a\yasb\yasb\venv\Lib\site-packages\qasync\_windows.py", line 147 in _poll
  File "D:\a\yasb\yasb\venv\Lib\site-packages\qasync\_windows.py", line 72 in select
  File "D:\a\yasb\yasb\venv\Lib\site-packages\qasync\_windows.py", line 199 in run

Thread 0x00004570 [LogPipeServer] (most recent call first):
  File "D:\a\yasb\yasb\src\core\utils\win32\bindings\kernel32.py", line 288 in ConnectNamedPipe
  File "D:\a\yasb\yasb\src\core\utils\cli_server.py", line 138 in _run_server
  File "C:\hostedtoolcache\windows\Python\3.14.6\x64\Lib\threading.py", line 1024 in run
  File "C:\hostedtoolcache\windows\Python\3.14.6\x64\Lib\threading.py", line 1082 in _bootstrap_inner
  File "C:\hostedtoolcache\windows\Python\3.14.6\x64\Lib\threading.py", line 1044 in _bootstrap

Thread 0x00000e24 [CLIPipeServer] (most recent call first):
  File "D:\a\yasb\yasb\src\core\utils\win32\bindings\kernel32.py", line 288 in ConnectNamedPipe
  File "D:\a\yasb\yasb\src\core\utils\cli_server.py", line 235 in _run_server
  File "C:\hostedtoolcache\windows\Python\3.14.6\x64\Lib\threading.py", line 1024 in run
  File "C:\hostedtoolcache\windows\Python\3.14.6\x64\Lib\threading.py", line 1082 in _bootstrap_inner
  File "C:\hostedtoolcache\windows\Python\3.14.6\x64\Lib\threading.py", line 1044 in _bootstrap

Thread 0x00001870 (most recent call first):
  File "D:\a\yasb\yasb\venv\Lib\site-packages\qasync\__init__.py", line 404 in run_forever
  File "D:\a\yasb\yasb\venv\Lib\site-packages\qasync\__init__.py", line 428 in run_until_complete
  File "main.py", line 100 in main
  File "main.py", line 203 in <module>
  File "D:\a\yasb\yasb\venv\Lib\site-packages\freeze_core\initscripts\console.py", line 27 in run
  File "D:\a\yasb\yasb\venv\Lib\site-packages\freeze_core\initscripts\__startup__.py", line 137 in run

Current thread's C stack trace (most recent call first):
  <cannot get C stack on this system>
Windows fatal exception: code 0x8007072c

Current thread 0x00004178 [DescriptionResolverWorker] (most recent call first):
  File "D:\a\yasb\yasb\src\core\widgets\services\quick_launch\providers\apps.py", line 231 in run

Thread 0x00002bec [IconResolverWorker] (most recent call first):
  File "<COMObject WScript.Shell>", line 2 in CreateShortcut
  File "D:\a\yasb\yasb\src\core\utils\win32\icon_extractor.py", line 110 in extract_lnk_icon
  File "D:\a\yasb\yasb\src\core\widgets\services\quick_launch\icon_resolver.py", line 71 in _resolve_icon
  File "D:\a\yasb\yasb\src\core\widgets\services\quick_launch\icon_resolver.py", line 52 in run

Thread 0x00005bbc [asyncio_0] (most recent call first):
  File "C:\hostedtoolcache\windows\Python\3.14.6\x64\Lib\threading.py", line 373 in wait
  File "C:\hostedtoolcache\windows\Python\3.14.6\x64\Lib\threading.py", line 670 in wait
  File "C:\hostedtoolcache\windows\Python\3.14.6\x64\Lib\concurrent\futures\thread.py", line 73 in run
  File "C:\hostedtoolcache\windows\Python\3.14.6\x64\Lib\concurrent\futures\thread.py", line 86 in run
  File "C:\hostedtoolcache\windows\Python\3.14.6\x64\Lib\concurrent\futures\thread.py", line 119 in _worker
  File "C:\hostedtoolcache\windows\Python\3.14.6\x64\Lib\threading.py", line 1024 in run
  File "C:\hostedtoolcache\windows\Python\3.14.6\x64\Lib\threading.py", line 1082 in _bootstrap_inner
  File "C:\hostedtoolcache\windows\Python\3.14.6\x64\Lib\threading.py", line 1044 in _bootstrap

Thread 0x00001230 [WindowsNotificationEventListener] (most recent call first):
  File "C:\hostedtoolcache\windows\Python\3.14.6\x64\Lib\asyncio\windows_events.py", line 778 in _poll
  File "C:\hostedtoolcache\windows\Python\3.14.6\x64\Lib\asyncio\windows_events.py", line 446 in select
  File "C:\hostedtoolcache\windows\Python\3.14.6\x64\Lib\asyncio\base_events.py", line 2018 in _run_once
  File "C:\hostedtoolcache\windows\Python\3.14.6\x64\Lib\asyncio\base_events.py", line 677 in run_forever
  File "C:\hostedtoolcache\windows\Python\3.14.6\x64\Lib\asyncio\base_events.py", line 706 in run_until_complete
  File "D:\a\yasb\yasb\src\core\widgets\services\notifications\windows_notification.py", line 101 in run

Thread 0x0000342c [KomorebiEventListener] (most recent call first):
  File "C:\hostedtoolcache\windows\Python\3.14.6\x64\Lib\threading.py", line 373 in wait
  File "C:\hostedtoolcache\windows\Python\3.14.6\x64\Lib\threading.py", line 670 in wait
  File "D:\a\yasb\yasb\src\core\widgets\services\komorebi\event_listener.py", line 75 in run

Thread 0x00001540 [Thread-12] (most recent call first):
  File "C:\hostedtoolcache\windows\Python\3.14.6\x64\Lib\threading.py", line 369 in wait
  File "C:\hostedtoolcache\windows\Python\3.14.6\x64\Lib\queue.py", line 199 in get
  File "D:\a\yasb\yasb\venv\Lib\site-packages\watchdog\observers\api.py", line 379 in dispatch_events
  File "D:\a\yasb\yasb\venv\Lib\site-packages\watchdog\observers\api.py", line 213 in run
  File "C:\hostedtoolcache\windows\Python\3.14.6\x64\Lib\threading.py", line 1082 in _bootstrap_inner
  File "C:\hostedtoolcache\windows\Python\3.14.6\x64\Lib\threading.py", line 1044 in _bootstrap

Thread 0x00003bdc [Thread-14] (most recent call first):
  File "D:\a\yasb\yasb\venv\Lib\site-packages\watchdog\observers\winapi.py", line 326 in read_directory_changes
  File "D:\a\yasb\yasb\venv\Lib\site-packages\watchdog\observers\winapi.py", line 380 in read_events
  File "D:\a\yasb\yasb\venv\Lib\site-packages\watchdog\observers\read_directory_changes.py", line 67 in _read_events
  File "D:\a\yasb\yasb\venv\Lib\site-packages\watchdog\observers\read_directory_changes.py", line 70 in queue_events
  File "D:\a\yasb\yasb\venv\Lib\site-packages\watchdog\observers\api.py", line 158 in run
  File "C:\hostedtoolcache\windows\Python\3.14.6\x64\Lib\threading.py", line 1082 in _bootstrap_inner
  File "C:\hostedtoolcache\windows\Python\3.14.6\x64\Lib\threading.py", line 1044 in _bootstrap

Thread 0x00005864 [SystemEventListener] (most recent call first):
  File "D:\a\yasb\yasb\src\core\utils\win32\event_listener.py", line 69 in run

Thread 0x00002890 [HotkeyListener] (most recent call first):
  File "D:\a\yasb\yasb\src\core\utils\win32\hotkeys.py", line 252 in run

Thread 0x00004558 [MemoryWorker] (most recent call first):
  File "D:\a\yasb\yasb\src\core\widgets\services\memory\memory_api.py", line 244 in run

Thread 0x00003b0c [CpuWorker] (most recent call first):
  File "D:\a\yasb\yasb\src\core\widgets\services\cpu\cpu_api.py", line 340 in run

Thread 0x0000224c [SystrayHook] (most recent call first):
  File "D:\a\yasb\yasb\src\core\widgets\services\systray\systray_hook.py", line 247 in run
  File "D:\a\yasb\yasb\src\core\widgets\yasb\systray.py", line 79 in run

Thread 0x00003058 [WiFiWorker] (most recent call first):
  File "D:\a\yasb\yasb\src\core\widgets\services\wifi\wifi_managers.py", line 151 in run

Thread 0x00004628 [Thread-6 (process_audio)] (most recent call first):
  File "D:\a\yasb\yasb\src\core\widgets\yasb\cava.py", line 586 in process_audio
  File "C:\hostedtoolcache\windows\Python\3.14.6\x64\Lib\threading.py", line 1024 in run
  File "C:\hostedtoolcache\windows\Python\3.14.6\x64\Lib\threading.py", line 1082 in _bootstrap_inner
  File "C:\hostedtoolcache\windows\Python\3.14.6\x64\Lib\threading.py", line 1044 in _bootstrap

Thread 0x000028ac [QueryWorker] (most recent call first):
  File "D:\a\yasb\yasb\src\core\widgets\services\quick_launch\workers.py", line 61 in run

Thread 0x00005b08 [_EventWorker] (most recent call first):
  File "D:\a\yasb\yasb\venv\Lib\site-packages\qasync\_windows.py", line 147 in _poll
  File "D:\a\yasb\yasb\venv\Lib\site-packages\qasync\_windows.py", line 72 in select
  File "D:\a\yasb\yasb\venv\Lib\site-packages\qasync\_windows.py", line 199 in run

Thread 0x00004570 [LogPipeServer] (most recent call first):
  File "D:\a\yasb\yasb\src\core\utils\win32\bindings\kernel32.py", line 288 in ConnectNamedPipe
  File "D:\a\yasb\yasb\src\core\utils\cli_server.py", line 138 in _run_server
  File "C:\hostedtoolcache\windows\Python\3.14.6\x64\Lib\threading.py", line 1024 in run
  File "C:\hostedtoolcache\windows\Python\3.14.6\x64\Lib\threading.py", line 1082 in _bootstrap_inner
  File "C:\hostedtoolcache\windows\Python\3.14.6\x64\Lib\threading.py", line 1044 in _bootstrap

Thread 0x00000e24 [CLIPipeServer] (most recent call first):
  File "D:\a\yasb\yasb\src\core\utils\win32\bindings\kernel32.py", line 288 in ConnectNamedPipe
  File "D:\a\yasb\yasb\src\core\utils\cli_server.py", line 235 in _run_server
  File "C:\hostedtoolcache\windows\Python\3.14.6\x64\Lib\threading.py", line 1024 in run
  File "C:\hostedtoolcache\windows\Python\3.14.6\x64\Lib\threading.py", line 1082 in _bootstrap_inner
  File "C:\hostedtoolcache\windows\Python\3.14.6\x64\Lib\threading.py", line 1044 in _bootstrap

Thread 0x00001870 (most recent call first):
  File "D:\a\yasb\yasb\venv\Lib\site-packages\qasync\__init__.py", line 404 in run_forever
  File "D:\a\yasb\yasb\venv\Lib\site-packages\qasync\__init__.py", line 428 in run_until_complete
  File "main.py", line 100 in main
  File "main.py", line 203 in <module>
  File "D:\a\yasb\yasb\venv\Lib\site-packages\freeze_core\initscripts\console.py", line 27 in run
  File "D:\a\yasb\yasb\venv\Lib\site-packages\freeze_core\initscripts\__startup__.py", line 137 in run

Current thread's C stack trace (most recent call first):
  <cannot get C stack on this system>
Windows fatal exception: code 0x8007072c

Thread 0x00002bec [IconResolverWorker] (most recent call first):
  File "D:\a\yasb\yasb\src\core\utils\win32\aumid_icons.py", line 122 in get_icon_for_aumid
  File "D:\a\yasb\yasb\src\core\utils\win32\icon_extractor.py", line 330 in extract_shell_appid_icon
  File "D:\a\yasb\yasb\src\core\widgets\services\quick_launch\icon_resolver.py", line 66 in _resolve_icon
  File "D:\a\yasb\yasb\src\core\widgets\services\quick_launch\icon_resolver.py", line 52 in run

Thread 0x00005bbc [asyncio_0] (most recent call first):
  File "C:\hostedtoolcache\windows\Python\3.14.6\x64\Lib\threading.py", line 373 in wait
  File "C:\hostedtoolcache\windows\Python\3.14.6\x64\Lib\threading.py", line 670 in wait
  File "C:\hostedtoolcache\windows\Python\3.14.6\x64\Lib\concurrent\futures\thread.py", line 73 in run
  File "C:\hostedtoolcache\windows\Python\3.14.6\x64\Lib\concurrent\futures\thread.py", line 86 in run
  File "C:\hostedtoolcache\windows\Python\3.14.6\x64\Lib\concurrent\futures\thread.py", line 119 in _worker
  File "C:\hostedtoolcache\windows\Python\3.14.6\x64\Lib\threading.py", line 1024 in run
  File "C:\hostedtoolcache\windows\Python\3.14.6\x64\Lib\threading.py", line 1082 in _bootstrap_inner
  File "C:\hostedtoolcache\windows\Python\3.14.6\x64\Lib\threading.py", line 1044 in _bootstrap

Thread 0x00001230 [WindowsNotificationEventListener] (most recent call first):
  File "C:\hostedtoolcache\windows\Python\3.14.6\x64\Lib\asyncio\windows_events.py", line 778 in _poll
  File "C:\hostedtoolcache\windows\Python\3.14.6\x64\Lib\asyncio\windows_events.py", line 446 in select
  File "C:\hostedtoolcache\windows\Python\3.14.6\x64\Lib\asyncio\base_events.py", line 2018 in _run_once
  File "C:\hostedtoolcache\windows\Python\3.14.6\x64\Lib\asyncio\base_events.py", line 677 in run_forever
  File "C:\hostedtoolcache\windows\Python\3.14.6\x64\Lib\asyncio\base_events.py", line 706 in run_until_complete
  File "D:\a\yasb\yasb\src\core\widgets\services\notifications\windows_notification.py", line 101 in run

Thread 0x0000342c [KomorebiEventListener] (most recent call first):
  File "C:\hostedtoolcache\windows\Python\3.14.6\x64\Lib\threading.py", line 373 in wait
  File "C:\hostedtoolcache\windows\Python\3.14.6\x64\Lib\threading.py", line 670 in wait
  File "D:\a\yasb\yasb\src\core\widgets\services\komorebi\event_listener.py", line 75 in run

Thread 0x00001540 [Thread-12] (most recent call first):
  File "C:\hostedtoolcache\windows\Python\3.14.6\x64\Lib\threading.py", line 369 in wait
  File "C:\hostedtoolcache\windows\Python\3.14.6\x64\Lib\queue.py", line 199 in get
  File "D:\a\yasb\yasb\venv\Lib\site-packages\watchdog\observers\api.py", line 379 in dispatch_events
  File "D:\a\yasb\yasb\venv\Lib\site-packages\watchdog\observers\api.py", line 213 in run
  File "C:\hostedtoolcache\windows\Python\3.14.6\x64\Lib\threading.py", line 1082 in _bootstrap_inner
  File "C:\hostedtoolcache\windows\Python\3.14.6\x64\Lib\threading.py", line 1044 in _bootstrap

Thread 0x00003bdc [Thread-14] (most recent call first):
  File "D:\a\yasb\yasb\venv\Lib\site-packages\watchdog\observers\winapi.py", line 326 in read_directory_changes
  File "D:\a\yasb\yasb\venv\Lib\site-packages\watchdog\observers\winapi.py", line 380 in read_events
  File "D:\a\yasb\yasb\venv\Lib\site-packages\watchdog\observers\read_directory_changes.py", line 67 in _read_events
  File "D:\a\yasb\yasb\venv\Lib\site-packages\watchdog\observers\read_directory_changes.py", line 70 in queue_events
  File "D:\a\yasb\yasb\venv\Lib\site-packages\watchdog\observers\api.py", line 158 in run
  File "C:\hostedtoolcache\windows\Python\3.14.6\x64\Lib\threading.py", line 1082 in _bootstrap_inner
  File "C:\hostedtoolcache\windows\Python\3.14.6\x64\Lib\threading.py", line 1044 in _bootstrap

Thread 0x00005864 [SystemEventListener] (most recent call first):
  File "D:\a\yasb\yasb\src\core\utils\win32\event_listener.py", line 69 in run

Thread 0x00002890 [HotkeyListener] (most recent call first):
  File "D:\a\yasb\yasb\src\core\utils\win32\hotkeys.py", line 252 in run

Thread 0x00004558 [MemoryWorker] (most recent call first):
  File "D:\a\yasb\yasb\src\core\widgets\services\memory\memory_api.py", line 244 in run

Thread 0x00003b0c [CpuWorker] (most recent call first):
  File "D:\a\yasb\yasb\src\core\widgets\services\cpu\cpu_api.py", line 340 in run

Thread 0x0000224c [SystrayHook] (most recent call first):
  File "D:\a\yasb\yasb\src\core\widgets\services\systray\systray_hook.py", line 247 in run
  File "D:\a\yasb\yasb\src\core\widgets\yasb\systray.py", line 79 in run

Thread 0x00003058 [WiFiWorker] (most recent call first):
  File "D:\a\yasb\yasb\src\core\widgets\services\wifi\wifi_managers.py", line 151 in run

Thread 0x00004628 [Thread-6 (process_audio)] (most recent call first):
  File "D:\a\yasb\yasb\src\core\widgets\yasb\cava.py", line 586 in process_audio
  File "C:\hostedtoolcache\windows\Python\3.14.6\x64\Lib\threading.py", line 1024 in run
  File "C:\hostedtoolcache\windows\Python\3.14.6\x64\Lib\threading.py", line 1082 in _bootstrap_inner
  File "C:\hostedtoolcache\windows\Python\3.14.6\x64\Lib\threading.py", line 1044 in _bootstrap

Thread 0x000028ac [QueryWorker] (most recent call first):
  File "D:\a\yasb\yasb\src\core\widgets\services\quick_launch\workers.py", line 61 in run

Thread 0x00005b08 [_EventWorker] (most recent call first):
  File "D:\a\yasb\yasb\venv\Lib\site-packages\qasync\_windows.py", line 147 in _poll
  File "D:\a\yasb\yasb\venv\Lib\site-packages\qasync\_windows.py", line 72 in select
  File "D:\a\yasb\yasb\venv\Lib\site-packages\qasync\_windows.py", line 199 in run

Thread 0x00004570 [LogPipeServer] (most recent call first):
  File "D:\a\yasb\yasb\src\core\utils\win32\bindings\kernel32.py", line 288 in ConnectNamedPipe
  File "D:\a\yasb\yasb\src\core\utils\cli_server.py", line 138 in _run_server
  File "C:\hostedtoolcache\windows\Python\3.14.6\x64\Lib\threading.py", line 1024 in run
  File "C:\hostedtoolcache\windows\Python\3.14.6\x64\Lib\threading.py", line 1082 in _bootstrap_inner
  File "C:\hostedtoolcache\windows\Python\3.14.6\x64\Lib\threading.py", line 1044 in _bootstrap

Thread 0x00000e24 [CLIPipeServer] (most recent call first):
  File "D:\a\yasb\yasb\src\core\utils\win32\bindings\kernel32.py", line 288 in ConnectNamedPipe
  File "D:\a\yasb\yasb\src\core\utils\cli_server.py", line 235 in _run_server
  File "C:\hostedtoolcache\windows\Python\3.14.6\x64\Lib\threading.py", line 1024 in run
  File "C:\hostedtoolcache\windows\Python\3.14.6\x64\Lib\threading.py", line 1082 in _bootstrap_inner
  File "C:\hostedtoolcache\windows\Python\3.14.6\x64\Lib\threading.py", line 1044 in _bootstrap

Thread 0x00001870 (most recent call first):
  File "D:\a\yasb\yasb\venv\Lib\site-packages\qasync\__init__.py", line 404 in run_forever
  File "D:\a\yasb\yasb\venv\Lib\site-packages\qasync\__init__.py", line 428 in run_until_complete
  File "main.py", line 100 in main
  File "main.py", line 203 in <module>
  File "D:\a\yasb\yasb\venv\Lib\site-packages\freeze_core\initscripts\console.py", line 27 in run
  File "D:\a\yasb\yasb\venv\Lib\site-packages\freeze_core\initscripts\__startup__.py", line 137 in run

Current thread's C stack trace (most recent call first):
  <cannot get C stack on this system>
Windows fatal exception: code 0x8007072c

Thread 0x00002bec [IconResolverWorker] (most recent call first):
  File "D:\a\yasb\yasb\src\core\utils\win32\aumid_icons.py", line 122 in get_icon_for_aumid
  File "D:\a\yasb\yasb\src\core\utils\win32\icon_extractor.py", line 330 in extract_shell_appid_icon
  File "D:\a\yasb\yasb\src\core\widgets\services\quick_launch\icon_resolver.py", line 66 in _resolve_icon
  File "D:\a\yasb\yasb\src\core\widgets\services\quick_launch\icon_resolver.py", line 52 in run

Thread 0x00005bbc [asyncio_0] (most recent call first):
  File "C:\hostedtoolcache\windows\Python\3.14.6\x64\Lib\threading.py", line 373 in wait
  File "C:\hostedtoolcache\windows\Python\3.14.6\x64\Lib\threading.py", line 670 in wait
  File "C:\hostedtoolcache\windows\Python\3.14.6\x64\Lib\concurrent\futures\thread.py", line 73 in run
  File "C:\hostedtoolcache\windows\Python\3.14.6\x64\Lib\concurrent\futures\thread.py", line 86 in run
  File "C:\hostedtoolcache\windows\Python\3.14.6\x64\Lib\concurrent\futures\thread.py", line 119 in _worker
  File "C:\hostedtoolcache\windows\Python\3.14.6\x64\Lib\threading.py", line 1024 in run
  File "C:\hostedtoolcache\windows\Python\3.14.6\x64\Lib\threading.py", line 1082 in _bootstrap_inner
  File "C:\hostedtoolcache\windows\Python\3.14.6\x64\Lib\threading.py", line 1044 in _bootstrap

Thread 0x00001230 [WindowsNotificationEventListener] (most recent call first):
  File "C:\hostedtoolcache\windows\Python\3.14.6\x64\Lib\asyncio\windows_events.py", line 778 in _poll
  File "C:\hostedtoolcache\windows\Python\3.14.6\x64\Lib\asyncio\windows_events.py", line 446 in select
  File "C:\hostedtoolcache\windows\Python\3.14.6\x64\Lib\asyncio\base_events.py", line 2018 in _run_once
  File "C:\hostedtoolcache\windows\Python\3.14.6\x64\Lib\asyncio\base_events.py", line 677 in run_forever
  File "C:\hostedtoolcache\windows\Python\3.14.6\x64\Lib\asyncio\base_events.py", line 706 in run_until_complete
  File "D:\a\yasb\yasb\src\core\widgets\services\notifications\windows_notification.py", line 101 in run

Thread 0x0000342c [KomorebiEventListener] (most recent call first):
  File "C:\hostedtoolcache\windows\Python\3.14.6\x64\Lib\threading.py", line 373 in wait
  File "C:\hostedtoolcache\windows\Python\3.14.6\x64\Lib\threading.py", line 670 in wait
  File "D:\a\yasb\yasb\src\core\widgets\services\komorebi\event_listener.py", line 75 in run

Thread 0x00001540 [Thread-12] (most recent call first):
  File "C:\hostedtoolcache\windows\Python\3.14.6\x64\Lib\threading.py", line 369 in wait
  File "C:\hostedtoolcache\windows\Python\3.14.6\x64\Lib\queue.py", line 199 in get
  File "D:\a\yasb\yasb\venv\Lib\site-packages\watchdog\observers\api.py", line 379 in dispatch_events
  File "D:\a\yasb\yasb\venv\Lib\site-packages\watchdog\observers\api.py", line 213 in run
  File "C:\hostedtoolcache\windows\Python\3.14.6\x64\Lib\threading.py", line 1082 in _bootstrap_inner
  File "C:\hostedtoolcache\windows\Python\3.14.6\x64\Lib\threading.py", line 1044 in _bootstrap

Thread 0x00003bdc [Thread-14] (most recent call first):
  File "D:\a\yasb\yasb\venv\Lib\site-packages\watchdog\observers\winapi.py", line 326 in read_directory_changes
  File "D:\a\yasb\yasb\venv\Lib\site-packages\watchdog\observers\winapi.py", line 380 in read_events
  File "D:\a\yasb\yasb\venv\Lib\site-packages\watchdog\observers\read_directory_changes.py", line 67 in _read_events
  File "D:\a\yasb\yasb\venv\Lib\site-packages\watchdog\observers\read_directory_changes.py", line 70 in queue_events
  File "D:\a\yasb\yasb\venv\Lib\site-packages\watchdog\observers\api.py", line 158 in run
  File "C:\hostedtoolcache\windows\Python\3.14.6\x64\Lib\threading.py", line 1082 in _bootstrap_inner
  File "C:\hostedtoolcache\windows\Python\3.14.6\x64\Lib\threading.py", line 1044 in _bootstrap

Thread 0x00005864 [SystemEventListener] (most recent call first):
  File "D:\a\yasb\yasb\src\core\utils\win32\event_listener.py", line 69 in run

Thread 0x00002890 [HotkeyListener] (most recent call first):
  File "D:\a\yasb\yasb\src\core\utils\win32\hotkeys.py", line 252 in run

Thread 0x00004558 [MemoryWorker] (most recent call first):
  File "D:\a\yasb\yasb\src\core\widgets\services\memory\memory_api.py", line 244 in run

Thread 0x00003b0c [CpuWorker] (most recent call first):
  File "D:\a\yasb\yasb\src\core\widgets\services\cpu\cpu_api.py", line 340 in run

Thread 0x0000224c [SystrayHook] (most recent call first):
  File "D:\a\yasb\yasb\src\core\widgets\services\systray\systray_hook.py", line 247 in run
  File "D:\a\yasb\yasb\src\core\widgets\yasb\systray.py", line 79 in run

Thread 0x00003058 [WiFiWorker] (most recent call first):
  File "D:\a\yasb\yasb\src\core\widgets\services\wifi\wifi_managers.py", line 151 in run

Thread 0x00004628 [Thread-6 (process_audio)] (most recent call first):
  File "D:\a\yasb\yasb\src\core\widgets\yasb\cava.py", line 586 in process_audio
  File "C:\hostedtoolcache\windows\Python\3.14.6\x64\Lib\threading.py", line 1024 in run
  File "C:\hostedtoolcache\windows\Python\3.14.6\x64\Lib\threading.py", line 1082 in _bootstrap_inner
  File "C:\hostedtoolcache\windows\Python\3.14.6\x64\Lib\threading.py", line 1044 in _bootstrap

Thread 0x000028ac [QueryWorker] (most recent call first):
  File "D:\a\yasb\yasb\src\core\widgets\services\quick_launch\workers.py", line 61 in run

Thread 0x00005b08 [_EventWorker] (most recent call first):
  File "D:\a\yasb\yasb\venv\Lib\site-packages\qasync\_windows.py", line 147 in _poll
  File "D:\a\yasb\yasb\venv\Lib\site-packages\qasync\_windows.py", line 72 in select
  File "D:\a\yasb\yasb\venv\Lib\site-packages\qasync\_windows.py", line 199 in run

Thread 0x00004570 [LogPipeServer] (most recent call first):
  File "D:\a\yasb\yasb\src\core\utils\win32\bindings\kernel32.py", line 288 in ConnectNamedPipe
  File "D:\a\yasb\yasb\src\core\utils\cli_server.py", line 138 in _run_server
  File "C:\hostedtoolcache\windows\Python\3.14.6\x64\Lib\threading.py", line 1024 in run
  File "C:\hostedtoolcache\windows\Python\3.14.6\x64\Lib\threading.py", line 1082 in _bootstrap_inner
  File "C:\hostedtoolcache\windows\Python\3.14.6\x64\Lib\threading.py", line 1044 in _bootstrap

Thread 0x00000e24 [CLIPipeServer] (most recent call first):
  File "D:\a\yasb\yasb\src\core\utils\win32\bindings\kernel32.py", line 288 in ConnectNamedPipe
  File "D:\a\yasb\yasb\src\core\utils\cli_server.py", line 235 in _run_server
  File "C:\hostedtoolcache\windows\Python\3.14.6\x64\Lib\threading.py", line 1024 in run
  File "C:\hostedtoolcache\windows\Python\3.14.6\x64\Lib\threading.py", line 1082 in _bootstrap_inner
  File "C:\hostedtoolcache\windows\Python\3.14.6\x64\Lib\threading.py", line 1044 in _bootstrap

Thread 0x00001870 (most recent call first):
  File "D:\a\yasb\yasb\venv\Lib\site-packages\qasync\__init__.py", line 404 in run_forever
  File "D:\a\yasb\yasb\venv\Lib\site-packages\qasync\__init__.py", line 428 in run_until_complete
  File "main.py", line 100 in main
  File "main.py", line 203 in <module>
  File "D:\a\yasb\yasb\venv\Lib\site-packages\freeze_core\initscripts\console.py", line 27 in run
  File "D:\a\yasb\yasb\venv\Lib\site-packages\freeze_core\initscripts\__startup__.py", line 137 in run

Current thread's C stack trace (most recent call first):
  <cannot get C stack on this system>
Windows fatal exception: code 0x8007072c

Thread 0x00002bec [IconResolverWorker] (most recent call first):
  File "D:\a\yasb\yasb\src\core\utils\win32\aumid_icons.py", line 122 in get_icon_for_aumid
  File "D:\a\yasb\yasb\src\core\utils\win32\icon_extractor.py", line 330 in extract_shell_appid_icon
  File "D:\a\yasb\yasb\src\core\widgets\services\quick_launch\icon_resolver.py", line 66 in _resolve_icon
  File "D:\a\yasb\yasb\src\core\widgets\services\quick_launch\icon_resolver.py", line 52 in run

Thread 0x00005bbc [asyncio_0] (most recent call first):
  File "C:\hostedtoolcache\windows\Python\3.14.6\x64\Lib\threading.py", line 373 in wait
  File "C:\hostedtoolcache\windows\Python\3.14.6\x64\Lib\threading.py", line 670 in wait
  File "C:\hostedtoolcache\windows\Python\3.14.6\x64\Lib\concurrent\futures\thread.py", line 73 in run
  File "C:\hostedtoolcache\windows\Python\3.14.6\x64\Lib\concurrent\futures\thread.py", line 86 in run
  File "C:\hostedtoolcache\windows\Python\3.14.6\x64\Lib\concurrent\futures\thread.py", line 119 in _worker
  File "C:\hostedtoolcache\windows\Python\3.14.6\x64\Lib\threading.py", line 1024 in run
  File "C:\hostedtoolcache\windows\Python\3.14.6\x64\Lib\threading.py", line 1082 in _bootstrap_inner
  File "C:\hostedtoolcache\windows\Python\3.14.6\x64\Lib\threading.py", line 1044 in _bootstrap

Thread 0x00001230 [WindowsNotificationEventListener] (most recent call first):
  File "C:\hostedtoolcache\windows\Python\3.14.6\x64\Lib\asyncio\windows_events.py", line 778 in _poll
  File "C:\hostedtoolcache\windows\Python\3.14.6\x64\Lib\asyncio\windows_events.py", line 446 in select
  File "C:\hostedtoolcache\windows\Python\3.14.6\x64\Lib\asyncio\base_events.py", line 2018 in _run_once
  File "C:\hostedtoolcache\windows\Python\3.14.6\x64\Lib\asyncio\base_events.py", line 677 in run_forever
  File "C:\hostedtoolcache\windows\Python\3.14.6\x64\Lib\asyncio\base_events.py", line 706 in run_until_complete
  File "D:\a\yasb\yasb\src\core\widgets\services\notifications\windows_notification.py", line 101 in run

Thread 0x0000342c [KomorebiEventListener] (most recent call first):
  File "C:\hostedtoolcache\windows\Python\3.14.6\x64\Lib\threading.py", line 373 in wait
  File "C:\hostedtoolcache\windows\Python\3.14.6\x64\Lib\threading.py", line 670 in wait
  File "D:\a\yasb\yasb\src\core\widgets\services\komorebi\event_listener.py", line 75 in run

Thread 0x00001540 [Thread-12] (most recent call first):
  File "C:\hostedtoolcache\windows\Python\3.14.6\x64\Lib\threading.py", line 369 in wait
  File "C:\hostedtoolcache\windows\Python\3.14.6\x64\Lib\queue.py", line 199 in get
  File "D:\a\yasb\yasb\venv\Lib\site-packages\watchdog\observers\api.py", line 379 in dispatch_events
  File "D:\a\yasb\yasb\venv\Lib\site-packages\watchdog\observers\api.py", line 213 in run
  File "C:\hostedtoolcache\windows\Python\3.14.6\x64\Lib\threading.py", line 1082 in _bootstrap_inner
  File "C:\hostedtoolcache\windows\Python\3.14.6\x64\Lib\threading.py", line 1044 in _bootstrap

Thread 0x00003bdc [Thread-14] (most recent call first):
  File "D:\a\yasb\yasb\venv\Lib\site-packages\watchdog\observers\winapi.py", line 326 in read_directory_changes
  File "D:\a\yasb\yasb\venv\Lib\site-packages\watchdog\observers\winapi.py", line 380 in read_events
  File "D:\a\yasb\yasb\venv\Lib\site-packages\watchdog\observers\read_directory_changes.py", line 67 in _read_events
  File "D:\a\yasb\yasb\venv\Lib\site-packages\watchdog\observers\read_directory_changes.py", line 70 in queue_events
  File "D:\a\yasb\yasb\venv\Lib\site-packages\watchdog\observers\api.py", line 158 in run
  File "C:\hostedtoolcache\windows\Python\3.14.6\x64\Lib\threading.py", line 1082 in _bootstrap_inner
  File "C:\hostedtoolcache\windows\Python\3.14.6\x64\Lib\threading.py", line 1044 in _bootstrap

Thread 0x00005864 [SystemEventListener] (most recent call first):
  File "D:\a\yasb\yasb\src\core\utils\win32\event_listener.py", line 69 in run

Thread 0x00002890 [HotkeyListener] (most recent call first):
  File "D:\a\yasb\yasb\src\core\utils\win32\hotkeys.py", line 252 in run

Thread 0x00004558 [MemoryWorker] (most recent call first):
  File "D:\a\yasb\yasb\src\core\widgets\services\memory\memory_api.py", line 244 in run

Thread 0x00003b0c [CpuWorker] (most recent call first):
  File "D:\a\yasb\yasb\src\core\widgets\services\cpu\cpu_api.py", line 340 in run

Thread 0x0000224c [SystrayHook] (most recent call first):
  File "D:\a\yasb\yasb\src\core\widgets\services\systray\systray_hook.py", line 247 in run
  File "D:\a\yasb\yasb\src\core\widgets\yasb\systray.py", line 79 in run

Thread 0x00003058 [WiFiWorker] (most recent call first):
  File "D:\a\yasb\yasb\src\core\widgets\services\wifi\wifi_managers.py", line 151 in run

Thread 0x00004628 [Thread-6 (process_audio)] (most recent call first):
  File "D:\a\yasb\yasb\src\core\widgets\yasb\cava.py", line 586 in process_audio
  File "C:\hostedtoolcache\windows\Python\3.14.6\x64\Lib\threading.py", line 1024 in run
  File "C:\hostedtoolcache\windows\Python\3.14.6\x64\Lib\threading.py", line 1082 in _bootstrap_inner
  File "C:\hostedtoolcache\windows\Python\3.14.6\x64\Lib\threading.py", line 1044 in _bootstrap

Thread 0x000028ac [QueryWorker] (most recent call first):
  File "D:\a\yasb\yasb\src\core\widgets\services\quick_launch\workers.py", line 61 in run

Thread 0x00005b08 [_EventWorker] (most recent call first):
  File "D:\a\yasb\yasb\venv\Lib\site-packages\qasync\_windows.py", line 147 in _poll
  File "D:\a\yasb\yasb\venv\Lib\site-packages\qasync\_windows.py", line 72 in select
  File "D:\a\yasb\yasb\venv\Lib\site-packages\qasync\_windows.py", line 199 in run

Thread 0x00004570 [LogPipeServer] (most recent call first):
  File "D:\a\yasb\yasb\src\core\utils\win32\bindings\kernel32.py", line 288 in ConnectNamedPipe
  File "D:\a\yasb\yasb\src\core\utils\cli_server.py", line 138 in _run_server
  File "C:\hostedtoolcache\windows\Python\3.14.6\x64\Lib\threading.py", line 1024 in run
  File "C:\hostedtoolcache\windows\Python\3.14.6\x64\Lib\threading.py", line 1082 in _bootstrap_inner
  File "C:\hostedtoolcache\windows\Python\3.14.6\x64\Lib\threading.py", line 1044 in _bootstrap

Thread 0x00000e24 [CLIPipeServer] (most recent call first):
  File "D:\a\yasb\yasb\src\core\utils\win32\bindings\kernel32.py", line 288 in ConnectNamedPipe
  File "D:\a\yasb\yasb\src\core\utils\cli_server.py", line 235 in _run_server
  File "C:\hostedtoolcache\windows\Python\3.14.6\x64\Lib\threading.py", line 1024 in run
  File "C:\hostedtoolcache\windows\Python\3.14.6\x64\Lib\threading.py", line 1082 in _bootstrap_inner
  File "C:\hostedtoolcache\windows\Python\3.14.6\x64\Lib\threading.py", line 1044 in _bootstrap

Thread 0x00001870 (most recent call first):
  File "D:\a\yasb\yasb\venv\Lib\site-packages\qasync\__init__.py", line 404 in run_forever
  File "D:\a\yasb\yasb\venv\Lib\site-packages\qasync\__init__.py", line 428 in run_until_complete
  File "main.py", line 100 in main
  File "main.py", line 203 in <module>
  File "D:\a\yasb\yasb\venv\Lib\site-packages\freeze_core\initscripts\console.py", line 27 in run
  File "D:\a\yasb\yasb\venv\Lib\site-packages\freeze_core\initscripts\__startup__.py", line 137 in run

Current thread's C stack trace (most recent call first):
  <cannot get C stack on this system>
Windows fatal exception: code 0x8007072c

Thread 0x00002bec [IconResolverWorker] (most recent call first):
  File "D:\a\yasb\yasb\src\core\utils\win32\aumid_icons.py", line 122 in get_icon_for_aumid
  File "D:\a\yasb\yasb\src\core\utils\win32\icon_extractor.py", line 330 in extract_shell_appid_icon
  File "D:\a\yasb\yasb\src\core\widgets\services\quick_launch\icon_resolver.py", line 66 in _resolve_icon
  File "D:\a\yasb\yasb\src\core\widgets\services\quick_launch\icon_resolver.py", line 52 in run

Thread 0x00005bbc [asyncio_0] (most recent call first):
  File "C:\hostedtoolcache\windows\Python\3.14.6\x64\Lib\threading.py", line 373 in wait
  File "C:\hostedtoolcache\windows\Python\3.14.6\x64\Lib\threading.py", line 670 in wait
  File "C:\hostedtoolcache\windows\Python\3.14.6\x64\Lib\concurrent\futures\thread.py", line 73 in run
  File "C:\hostedtoolcache\windows\Python\3.14.6\x64\Lib\concurrent\futures\thread.py", line 86 in run
  File "C:\hostedtoolcache\windows\Python\3.14.6\x64\Lib\concurrent\futures\thread.py", line 119 in _worker
  File "C:\hostedtoolcache\windows\Python\3.14.6\x64\Lib\threading.py", line 1024 in run
  File "C:\hostedtoolcache\windows\Python\3.14.6\x64\Lib\threading.py", line 1082 in _bootstrap_inner
  File "C:\hostedtoolcache\windows\Python\3.14.6\x64\Lib\threading.py", line 1044 in _bootstrap

Thread 0x00001230 [WindowsNotificationEventListener] (most recent call first):
  File "C:\hostedtoolcache\windows\Python\3.14.6\x64\Lib\asyncio\windows_events.py", line 778 in _poll
  File "C:\hostedtoolcache\windows\Python\3.14.6\x64\Lib\asyncio\windows_events.py", line 446 in select
  File "C:\hostedtoolcache\windows\Python\3.14.6\x64\Lib\asyncio\base_events.py", line 2018 in _run_once
  File "C:\hostedtoolcache\windows\Python\3.14.6\x64\Lib\asyncio\base_events.py", line 677 in run_forever
  File "C:\hostedtoolcache\windows\Python\3.14.6\x64\Lib\asyncio\base_events.py", line 706 in run_until_complete
  File "D:\a\yasb\yasb\src\core\widgets\services\notifications\windows_notification.py", line 101 in run

Thread 0x0000342c [KomorebiEventListener] (most recent call first):
  File "C:\hostedtoolcache\windows\Python\3.14.6\x64\Lib\threading.py", line 373 in wait
  File "C:\hostedtoolcache\windows\Python\3.14.6\x64\Lib\threading.py", line 670 in wait
  File "D:\a\yasb\yasb\src\core\widgets\services\komorebi\event_listener.py", line 75 in run

Thread 0x00001540 [Thread-12] (most recent call first):
  File "C:\hostedtoolcache\windows\Python\3.14.6\x64\Lib\threading.py", line 369 in wait
  File "C:\hostedtoolcache\windows\Python\3.14.6\x64\Lib\queue.py", line 199 in get
  File "D:\a\yasb\yasb\venv\Lib\site-packages\watchdog\observers\api.py", line 379 in dispatch_events
  File "D:\a\yasb\yasb\venv\Lib\site-packages\watchdog\observers\api.py", line 213 in run
  File "C:\hostedtoolcache\windows\Python\3.14.6\x64\Lib\threading.py", line 1082 in _bootstrap_inner
  File "C:\hostedtoolcache\windows\Python\3.14.6\x64\Lib\threading.py", line 1044 in _bootstrap

Thread 0x00003bdc [Thread-14] (most recent call first):
  File "D:\a\yasb\yasb\venv\Lib\site-packages\watchdog\observers\winapi.py", line 326 in read_directory_changes
  File "D:\a\yasb\yasb\venv\Lib\site-packages\watchdog\observers\winapi.py", line 380 in read_events
  File "D:\a\yasb\yasb\venv\Lib\site-packages\watchdog\observers\read_directory_changes.py", line 67 in _read_events
  File "D:\a\yasb\yasb\venv\Lib\site-packages\watchdog\observers\read_directory_changes.py", line 70 in queue_events
  File "D:\a\yasb\yasb\venv\Lib\site-packages\watchdog\observers\api.py", line 158 in run
  File "C:\hostedtoolcache\windows\Python\3.14.6\x64\Lib\threading.py", line 1082 in _bootstrap_inner
  File "C:\hostedtoolcache\windows\Python\3.14.6\x64\Lib\threading.py", line 1044 in _bootstrap

Thread 0x00005864 [SystemEventListener] (most recent call first):
  File "D:\a\yasb\yasb\src\core\utils\win32\event_listener.py", line 69 in run

Thread 0x00002890 [HotkeyListener] (most recent call first):
  File "D:\a\yasb\yasb\src\core\utils\win32\hotkeys.py", line 252 in run

Thread 0x00004558 [MemoryWorker] (most recent call first):
  File "D:\a\yasb\yasb\src\core\widgets\services\memory\memory_api.py", line 244 in run

Thread 0x00003b0c [CpuWorker] (most recent call first):
  File "D:\a\yasb\yasb\src\core\widgets\services\cpu\cpu_api.py", line 340 in run

Thread 0x0000224c [SystrayHook] (most recent call first):
  File "D:\a\yasb\yasb\src\core\widgets\services\systray\systray_hook.py", line 247 in run
  File "D:\a\yasb\yasb\src\core\widgets\yasb\systray.py", line 79 in run

Thread 0x00003058 [WiFiWorker] (most recent call first):
  File "D:\a\yasb\yasb\src\core\widgets\services\wifi\wifi_managers.py", line 151 in run

Thread 0x00004628 [Thread-6 (process_audio)] (most recent call first):
  File "D:\a\yasb\yasb\src\core\widgets\yasb\cava.py", line 586 in process_audio
  File "C:\hostedtoolcache\windows\Python\3.14.6\x64\Lib\threading.py", line 1024 in run
  File "C:\hostedtoolcache\windows\Python\3.14.6\x64\Lib\threading.py", line 1082 in _bootstrap_inner
  File "C:\hostedtoolcache\windows\Python\3.14.6\x64\Lib\threading.py", line 1044 in _bootstrap

Thread 0x000028ac [QueryWorker] (most recent call first):
  File "D:\a\yasb\yasb\src\core\widgets\services\quick_launch\workers.py", line 61 in run

Thread 0x00005b08 [_EventWorker] (most recent call first):
  File "D:\a\yasb\yasb\venv\Lib\site-packages\qasync\_windows.py", line 147 in _poll
  File "D:\a\yasb\yasb\venv\Lib\site-packages\qasync\_windows.py", line 72 in select
  File "D:\a\yasb\yasb\venv\Lib\site-packages\qasync\_windows.py", line 199 in run

Thread 0x00004570 [LogPipeServer] (most recent call first):
  File "D:\a\yasb\yasb\src\core\utils\win32\bindings\kernel32.py", line 288 in ConnectNamedPipe
  File "D:\a\yasb\yasb\src\core\utils\cli_server.py", line 138 in _run_server
  File "C:\hostedtoolcache\windows\Python\3.14.6\x64\Lib\threading.py", line 1024 in run
  File "C:\hostedtoolcache\windows\Python\3.14.6\x64\Lib\threading.py", line 1082 in _bootstrap_inner
  File "C:\hostedtoolcache\windows\Python\3.14.6\x64\Lib\threading.py", line 1044 in _bootstrap

Thread 0x00000e24 [CLIPipeServer] (most recent call first):
  File "D:\a\yasb\yasb\src\core\utils\win32\bindings\kernel32.py", line 288 in ConnectNamedPipe
  File "D:\a\yasb\yasb\src\core\utils\cli_server.py", line 235 in _run_server
  File "C:\hostedtoolcache\windows\Python\3.14.6\x64\Lib\threading.py", line 1024 in run
  File "C:\hostedtoolcache\windows\Python\3.14.6\x64\Lib\threading.py", line 1082 in _bootstrap_inner
  File "C:\hostedtoolcache\windows\Python\3.14.6\x64\Lib\threading.py", line 1044 in _bootstrap

Thread 0x00001870 (most recent call first):
  File "D:\a\yasb\yasb\src\core\utils\utilities.py", line 707 in paintEvent
  File "D:\a\yasb\yasb\venv\Lib\site-packages\qasync\__init__.py", line 404 in run_forever
  File "D:\a\yasb\yasb\venv\Lib\site-packages\qasync\__init__.py", line 428 in run_until_complete
  File "main.py", line 100 in main
  File "main.py", line 203 in <module>
  File "D:\a\yasb\yasb\venv\Lib\site-packages\freeze_core\initscripts\console.py", line 27 in run
  File "D:\a\yasb\yasb\venv\Lib\site-packages\freeze_core\initscripts\__startup__.py", line 137 in run

Current thread's C stack trace (most recent call first):
  <cannot get C stack on this system>
Windows fatal exception: code 0x8007072c

Thread 0x00002bec [IconResolverWorker] (most recent call first):
  File "D:\a\yasb\yasb\src\core\utils\win32\aumid_icons.py", line 122 in get_icon_for_aumid
  File "D:\a\yasb\yasb\src\core\utils\win32\icon_extractor.py", line 330 in extract_shell_appid_icon
  File "D:\a\yasb\yasb\src\core\widgets\services\quick_launch\icon_resolver.py", line 66 in _resolve_icon
  File "D:\a\yasb\yasb\src\core\widgets\services\quick_launch\icon_resolver.py", line 52 in run

Thread 0x00005bbc [asyncio_0] (most recent call first):
  File "C:\hostedtoolcache\windows\Python\3.14.6\x64\Lib\threading.py", line 373 in wait
  File "C:\hostedtoolcache\windows\Python\3.14.6\x64\Lib\threading.py", line 670 in wait
  File "C:\hostedtoolcache\windows\Python\3.14.6\x64\Lib\concurrent\futures\thread.py", line 73 in run
  File "C:\hostedtoolcache\windows\Python\3.14.6\x64\Lib\concurrent\futures\thread.py", line 86 in run
  File "C:\hostedtoolcache\windows\Python\3.14.6\x64\Lib\concurrent\futures\thread.py", line 119 in _worker
  File "C:\hostedtoolcache\windows\Python\3.14.6\x64\Lib\threading.py", line 1024 in run
  File "C:\hostedtoolcache\windows\Python\3.14.6\x64\Lib\threading.py", line 1082 in _bootstrap_inner
  File "C:\hostedtoolcache\windows\Python\3.14.6\x64\Lib\threading.py", line 1044 in _bootstrap

Thread 0x00001230 [WindowsNotificationEventListener] (most recent call first):
  File "C:\hostedtoolcache\windows\Python\3.14.6\x64\Lib\asyncio\windows_events.py", line 778 in _poll
  File "C:\hostedtoolcache\windows\Python\3.14.6\x64\Lib\asyncio\windows_events.py", line 446 in select
  File "C:\hostedtoolcache\windows\Python\3.14.6\x64\Lib\asyncio\base_events.py", line 2018 in _run_once
  File "C:\hostedtoolcache\windows\Python\3.14.6\x64\Lib\asyncio\base_events.py", line 677 in run_forever
  File "C:\hostedtoolcache\windows\Python\3.14.6\x64\Lib\asyncio\base_events.py", line 706 in run_until_complete
  File "D:\a\yasb\yasb\src\core\widgets\services\notifications\windows_notification.py", line 101 in run

Thread 0x0000342c [KomorebiEventListener] (most recent call first):
  File "C:\hostedtoolcache\windows\Python\3.14.6\x64\Lib\threading.py", line 373 in wait
  File "C:\hostedtoolcache\windows\Python\3.14.6\x64\Lib\threading.py", line 670 in wait
  File "D:\a\yasb\yasb\src\core\widgets\services\komorebi\event_listener.py", line 75 in run

Thread 0x00001540 [Thread-12] (most recent call first):
  File "C:\hostedtoolcache\windows\Python\3.14.6\x64\Lib\threading.py", line 369 in wait
  File "C:\hostedtoolcache\windows\Python\3.14.6\x64\Lib\queue.py", line 199 in get
  File "D:\a\yasb\yasb\venv\Lib\site-packages\watchdog\observers\api.py", line 379 in dispatch_events
  File "D:\a\yasb\yasb\venv\Lib\site-packages\watchdog\observers\api.py", line 213 in run
  File "C:\hostedtoolcache\windows\Python\3.14.6\x64\Lib\threading.py", line 1082 in _bootstrap_inner
  File "C:\hostedtoolcache\windows\Python\3.14.6\x64\Lib\threading.py", line 1044 in _bootstrap

Thread 0x00003bdc [Thread-14] (most recent call first):
  File "D:\a\yasb\yasb\venv\Lib\site-packages\watchdog\observers\winapi.py", line 326 in read_directory_changes
  File "D:\a\yasb\yasb\venv\Lib\site-packages\watchdog\observers\winapi.py", line 380 in read_events
  File "D:\a\yasb\yasb\venv\Lib\site-packages\watchdog\observers\read_directory_changes.py", line 67 in _read_events
  File "D:\a\yasb\yasb\venv\Lib\site-packages\watchdog\observers\read_directory_changes.py", line 70 in queue_events
  File "D:\a\yasb\yasb\venv\Lib\site-packages\watchdog\observers\api.py", line 158 in run
  File "C:\hostedtoolcache\windows\Python\3.14.6\x64\Lib\threading.py", line 1082 in _bootstrap_inner
  File "C:\hostedtoolcache\windows\Python\3.14.6\x64\Lib\threading.py", line 1044 in _bootstrap

Thread 0x00005864 [SystemEventListener] (most recent call first):
  File "D:\a\yasb\yasb\src\core\utils\win32\event_listener.py", line 69 in run

Thread 0x00002890 [HotkeyListener] (most recent call first):
  File "D:\a\yasb\yasb\src\core\utils\win32\hotkeys.py", line 252 in run

Thread 0x00004558 [MemoryWorker] (most recent call first):
  File "D:\a\yasb\yasb\src\core\widgets\services\memory\memory_api.py", line 244 in run

Thread 0x00003b0c [CpuWorker] (most recent call first):
  File "D:\a\yasb\yasb\src\core\widgets\services\cpu\cpu_api.py", line 340 in run

Thread 0x0000224c [SystrayHook] (most recent call first):
  File "D:\a\yasb\yasb\src\core\widgets\services\systray\systray_hook.py", line 247 in run
  File "D:\a\yasb\yasb\src\core\widgets\yasb\systray.py", line 79 in run

Thread 0x00003058 [WiFiWorker] (most recent call first):
  File "D:\a\yasb\yasb\src\core\widgets\services\wifi\wifi_managers.py", line 151 in run

Thread 0x00004628 [Thread-6 (process_audio)] (most recent call first):
  File "D:\a\yasb\yasb\src\core\widgets\yasb\cava.py", line 586 in process_audio
  File "C:\hostedtoolcache\windows\Python\3.14.6\x64\Lib\threading.py", line 1024 in run
  File "C:\hostedtoolcache\windows\Python\3.14.6\x64\Lib\threading.py", line 1082 in _bootstrap_inner
  File "C:\hostedtoolcache\windows\Python\3.14.6\x64\Lib\threading.py", line 1044 in _bootstrap

Thread 0x000028ac [QueryWorker] (most recent call first):
  File "D:\a\yasb\yasb\src\core\widgets\services\quick_launch\workers.py", line 61 in run

Thread 0x00005b08 [_EventWorker] (most recent call first):
  File "D:\a\yasb\yasb\venv\Lib\site-packages\qasync\_windows.py", line 147 in _poll
  File "D:\a\yasb\yasb\venv\Lib\site-packages\qasync\_windows.py", line 72 in select
  File "D:\a\yasb\yasb\venv\Lib\site-packages\qasync\_windows.py", line 199 in run

Thread 0x00004570 [LogPipeServer] (most recent call first):
  File "D:\a\yasb\yasb\src\core\utils\win32\bindings\kernel32.py", line 288 in ConnectNamedPipe
  File "D:\a\yasb\yasb\src\core\utils\cli_server.py", line 138 in _run_server
  File "C:\hostedtoolcache\windows\Python\3.14.6\x64\Lib\threading.py", line 1024 in run
  File "C:\hostedtoolcache\windows\Python\3.14.6\x64\Lib\threading.py", line 1082 in _bootstrap_inner
  File "C:\hostedtoolcache\windows\Python\3.14.6\x64\Lib\threading.py", line 1044 in _bootstrap

Thread 0x00000e24 [CLIPipeServer] (most recent call first):
  File "D:\a\yasb\yasb\src\core\utils\win32\bindings\kernel32.py", line 288 in ConnectNamedPipe
  File "D:\a\yasb\yasb\src\core\utils\cli_server.py", line 235 in _run_server
  File "C:\hostedtoolcache\windows\Python\3.14.6\x64\Lib\threading.py", line 1024 in run
  File "C:\hostedtoolcache\windows\Python\3.14.6\x64\Lib\threading.py", line 1082 in _bootstrap_inner
  File "C:\hostedtoolcache\windows\Python\3.14.6\x64\Lib\threading.py", line 1044 in _bootstrap

Thread 0x00001870 (most recent call first):
  File "D:\a\yasb\yasb\venv\Lib\site-packages\qasync\__init__.py", line 404 in run_forever
  File "D:\a\yasb\yasb\venv\Lib\site-packages\qasync\__init__.py", line 428 in run_until_complete
  File "main.py", line 100 in main
  File "main.py", line 203 in <module>
  File "D:\a\yasb\yasb\venv\Lib\site-packages\freeze_core\initscripts\console.py", line 27 in run
  File "D:\a\yasb\yasb\venv\Lib\site-packages\freeze_core\initscripts\__startup__.py", line 137 in run

Current thread's C stack trace (most recent call first):
  <cannot get C stack on this system>
Windows fatal exception: code 0x8007072c

Thread 0x00002bec [IconResolverWorker] (most recent call first):
  File "D:\a\yasb\yasb\src\core\utils\win32\aumid_icons.py", line 122 in get_icon_for_aumid
  File "D:\a\yasb\yasb\src\core\utils\win32\icon_extractor.py", line 330 in extract_shell_appid_icon
  File "D:\a\yasb\yasb\src\core\widgets\services\quick_launch\icon_resolver.py", line 66 in _resolve_icon
  File "D:\a\yasb\yasb\src\core\widgets\services\quick_launch\icon_resolver.py", line 52 in run

Thread 0x00005bbc [asyncio_0] (most recent call first):
  File "C:\hostedtoolcache\windows\Python\3.14.6\x64\Lib\threading.py", line 373 in wait
  File "C:\hostedtoolcache\windows\Python\3.14.6\x64\Lib\threading.py", line 670 in wait
  File "C:\hostedtoolcache\windows\Python\3.14.6\x64\Lib\concurrent\futures\thread.py", line 73 in run
  File "C:\hostedtoolcache\windows\Python\3.14.6\x64\Lib\concurrent\futures\thread.py", line 86 in run
  File "C:\hostedtoolcache\windows\Python\3.14.6\x64\Lib\concurrent\futures\thread.py", line 119 in _worker
  File "C:\hostedtoolcache\windows\Python\3.14.6\x64\Lib\threading.py", line 1024 in run
  File "C:\hostedtoolcache\windows\Python\3.14.6\x64\Lib\threading.py", line 1082 in _bootstrap_inner
  File "C:\hostedtoolcache\windows\Python\3.14.6\x64\Lib\threading.py", line 1044 in _bootstrap

Thread 0x00001230 [WindowsNotificationEventListener] (most recent call first):
  File "C:\hostedtoolcache\windows\Python\3.14.6\x64\Lib\asyncio\windows_events.py", line 778 in _poll
  File "C:\hostedtoolcache\windows\Python\3.14.6\x64\Lib\asyncio\windows_events.py", line 446 in select
  File "C:\hostedtoolcache\windows\Python\3.14.6\x64\Lib\asyncio\base_events.py", line 2018 in _run_once
  File "C:\hostedtoolcache\windows\Python\3.14.6\x64\Lib\asyncio\base_events.py", line 677 in run_forever
  File "C:\hostedtoolcache\windows\Python\3.14.6\x64\Lib\asyncio\base_events.py", line 706 in run_until_complete
  File "D:\a\yasb\yasb\src\core\widgets\services\notifications\windows_notification.py", line 101 in run

Thread 0x0000342c [KomorebiEventListener] (most recent call first):
  File "C:\hostedtoolcache\windows\Python\3.14.6\x64\Lib\threading.py", line 373 in wait
  File "C:\hostedtoolcache\windows\Python\3.14.6\x64\Lib\threading.py", line 670 in wait
  File "D:\a\yasb\yasb\src\core\widgets\services\komorebi\event_listener.py", line 75 in run

Thread 0x00001540 [Thread-12] (most recent call first):
  File "C:\hostedtoolcache\windows\Python\3.14.6\x64\Lib\threading.py", line 369 in wait
  File "C:\hostedtoolcache\windows\Python\3.14.6\x64\Lib\queue.py", line 199 in get
  File "D:\a\yasb\yasb\venv\Lib\site-packages\watchdog\observers\api.py", line 379 in dispatch_events
  File "D:\a\yasb\yasb\venv\Lib\site-packages\watchdog\observers\api.py", line 213 in run
  File "C:\hostedtoolcache\windows\Python\3.14.6\x64\Lib\threading.py", line 1082 in _bootstrap_inner
  File "C:\hostedtoolcache\windows\Python\3.14.6\x64\Lib\threading.py", line 1044 in _bootstrap

Thread 0x00003bdc [Thread-14] (most recent call first):
  File "D:\a\yasb\yasb\venv\Lib\site-packages\watchdog\observers\winapi.py", line 326 in read_directory_changes
  File "D:\a\yasb\yasb\venv\Lib\site-packages\watchdog\observers\winapi.py", line 380 in read_events
  File "D:\a\yasb\yasb\venv\Lib\site-packages\watchdog\observers\read_directory_changes.py", line 67 in _read_events
  File "D:\a\yasb\yasb\venv\Lib\site-packages\watchdog\observers\read_directory_changes.py", line 70 in queue_events
  File "D:\a\yasb\yasb\venv\Lib\site-packages\watchdog\observers\api.py", line 158 in run
  File "C:\hostedtoolcache\windows\Python\3.14.6\x64\Lib\threading.py", line 1082 in _bootstrap_inner
  File "C:\hostedtoolcache\windows\Python\3.14.6\x64\Lib\threading.py", line 1044 in _bootstrap

Thread 0x00005864 [SystemEventListener] (most recent call first):
  File "D:\a\yasb\yasb\src\core\utils\win32\event_listener.py", line 69 in run

Thread 0x00002890 [HotkeyListener] (most recent call first):
  File "D:\a\yasb\yasb\src\core\utils\win32\hotkeys.py", line 252 in run

Thread 0x00004558 [MemoryWorker] (most recent call first):
  File "D:\a\yasb\yasb\src\core\widgets\services\memory\memory_api.py", line 244 in run

Thread 0x00003b0c [CpuWorker] (most recent call first):
  File "D:\a\yasb\yasb\src\core\widgets\services\cpu\cpu_api.py", line 340 in run

Thread 0x0000224c [SystrayHook] (most recent call first):
  File "D:\a\yasb\yasb\src\core\widgets\services\systray\systray_hook.py", line 247 in run
  File "D:\a\yasb\yasb\src\core\widgets\yasb\systray.py", line 79 in run

Thread 0x00003058 [WiFiWorker] (most recent call first):
  File "D:\a\yasb\yasb\src\core\widgets\services\wifi\wifi_managers.py", line 151 in run

Thread 0x00004628 [Thread-6 (process_audio)] (most recent call first):
  File "D:\a\yasb\yasb\src\core\widgets\yasb\cava.py", line 586 in process_audio
  File "C:\hostedtoolcache\windows\Python\3.14.6\x64\Lib\threading.py", line 1024 in run
  File "C:\hostedtoolcache\windows\Python\3.14.6\x64\Lib\threading.py", line 1082 in _bootstrap_inner
  File "C:\hostedtoolcache\windows\Python\3.14.6\x64\Lib\threading.py", line 1044 in _bootstrap

Thread 0x000028ac [QueryWorker] (most recent call first):
  File "D:\a\yasb\yasb\src\core\widgets\services\quick_launch\workers.py", line 61 in run

Thread 0x00005b08 [_EventWorker] (most recent call first):
  File "D:\a\yasb\yasb\venv\Lib\site-packages\qasync\_windows.py", line 147 in _poll
  File "D:\a\yasb\yasb\venv\Lib\site-packages\qasync\_windows.py", line 72 in select
  File "D:\a\yasb\yasb\venv\Lib\site-packages\qasync\_windows.py", line 199 in run

Thread 0x00004570 [LogPipeServer] (most recent call first):
  File "D:\a\yasb\yasb\src\core\utils\win32\bindings\kernel32.py", line 288 in ConnectNamedPipe
  File "D:\a\yasb\yasb\src\core\utils\cli_server.py", line 138 in _run_server
  File "C:\hostedtoolcache\windows\Python\3.14.6\x64\Lib\threading.py", line 1024 in run
  File "C:\hostedtoolcache\windows\Python\3.14.6\x64\Lib\threading.py", line 1082 in _bootstrap_inner
  File "C:\hostedtoolcache\windows\Python\3.14.6\x64\Lib\threading.py", line 1044 in _bootstrap

Thread 0x00000e24 [CLIPipeServer] (most recent call first):
  File "D:\a\yasb\yasb\src\core\utils\win32\bindings\kernel32.py", line 288 in ConnectNamedPipe
  File "D:\a\yasb\yasb\src\core\utils\cli_server.py", line 235 in _run_server
  File "C:\hostedtoolcache\windows\Python\3.14.6\x64\Lib\threading.py", line 1024 in run
  File "C:\hostedtoolcache\windows\Python\3.14.6\x64\Lib\threading.py", line 1082 in _bootstrap_inner
  File "C:\hostedtoolcache\windows\Python\3.14.6\x64\Lib\threading.py", line 1044 in _bootstrap

Thread 0x00001870 (most recent call first):
  File "D:\a\yasb\yasb\venv\Lib\site-packages\qasync\__init__.py", line 404 in run_forever
  File "D:\a\yasb\yasb\venv\Lib\site-packages\qasync\__init__.py", line 428 in run_until_complete
  File "main.py", line 100 in main
  File "main.py", line 203 in <module>
  File "D:\a\yasb\yasb\venv\Lib\site-packages\freeze_core\initscripts\console.py", line 27 in run
  File "D:\a\yasb\yasb\venv\Lib\site-packages\freeze_core\initscripts\__startup__.py", line 137 in run

Current thread's C stack trace (most recent call first):
  <cannot get C stack on this system>
Windows fatal exception: code 0x8007072c

Thread 0x00002bec [IconResolverWorker] (most recent call first):
  File "D:\a\yasb\yasb\src\core\utils\win32\aumid_icons.py", line 122 in get_icon_for_aumid
  File "D:\a\yasb\yasb\src\core\utils\win32\icon_extractor.py", line 330 in extract_shell_appid_icon
  File "D:\a\yasb\yasb\src\core\widgets\services\quick_launch\icon_resolver.py", line 66 in _resolve_icon
  File "D:\a\yasb\yasb\src\core\widgets\services\quick_launch\icon_resolver.py", line 52 in run

Thread 0x00005bbc [asyncio_0] (most recent call first):
  File "C:\hostedtoolcache\windows\Python\3.14.6\x64\Lib\threading.py", line 373 in wait
  File "C:\hostedtoolcache\windows\Python\3.14.6\x64\Lib\threading.py", line 670 in wait
  File "C:\hostedtoolcache\windows\Python\3.14.6\x64\Lib\concurrent\futures\thread.py", line 73 in run
  File "C:\hostedtoolcache\windows\Python\3.14.6\x64\Lib\concurrent\futures\thread.py", line 86 in run
  File "C:\hostedtoolcache\windows\Python\3.14.6\x64\Lib\concurrent\futures\thread.py", line 119 in _worker
  File "C:\hostedtoolcache\windows\Python\3.14.6\x64\Lib\threading.py", line 1024 in run
  File "C:\hostedtoolcache\windows\Python\3.14.6\x64\Lib\threading.py", line 1082 in _bootstrap_inner
  File "C:\hostedtoolcache\windows\Python\3.14.6\x64\Lib\threading.py", line 1044 in _bootstrap

Thread 0x00001230 [WindowsNotificationEventListener] (most recent call first):
  File "C:\hostedtoolcache\windows\Python\3.14.6\x64\Lib\asyncio\windows_events.py", line 778 in _poll
  File "C:\hostedtoolcache\windows\Python\3.14.6\x64\Lib\asyncio\windows_events.py", line 446 in select
  File "C:\hostedtoolcache\windows\Python\3.14.6\x64\Lib\asyncio\base_events.py", line 2018 in _run_once
  File "C:\hostedtoolcache\windows\Python\3.14.6\x64\Lib\asyncio\base_events.py", line 677 in run_forever
  File "C:\hostedtoolcache\windows\Python\3.14.6\x64\Lib\asyncio\base_events.py", line 706 in run_until_complete
  File "D:\a\yasb\yasb\src\core\widgets\services\notifications\windows_notification.py", line 101 in run

Thread 0x0000342c [KomorebiEventListener] (most recent call first):
  File "C:\hostedtoolcache\windows\Python\3.14.6\x64\Lib\threading.py", line 373 in wait
  File "C:\hostedtoolcache\windows\Python\3.14.6\x64\Lib\threading.py", line 670 in wait
  File "D:\a\yasb\yasb\src\core\widgets\services\komorebi\event_listener.py", line 75 in run

Thread 0x00001540 [Thread-12] (most recent call first):
  File "C:\hostedtoolcache\windows\Python\3.14.6\x64\Lib\threading.py", line 369 in wait
  File "C:\hostedtoolcache\windows\Python\3.14.6\x64\Lib\queue.py", line 199 in get
  File "D:\a\yasb\yasb\venv\Lib\site-packages\watchdog\observers\api.py", line 379 in dispatch_events
  File "D:\a\yasb\yasb\venv\Lib\site-packages\watchdog\observers\api.py", line 213 in run
  File "C:\hostedtoolcache\windows\Python\3.14.6\x64\Lib\threading.py", line 1082 in _bootstrap_inner
  File "C:\hostedtoolcache\windows\Python\3.14.6\x64\Lib\threading.py", line 1044 in _bootstrap

Thread 0x00003bdc [Thread-14] (most recent call first):
  File "D:\a\yasb\yasb\venv\Lib\site-packages\watchdog\observers\winapi.py", line 326 in read_directory_changes
  File "D:\a\yasb\yasb\venv\Lib\site-packages\watchdog\observers\winapi.py", line 380 in read_events
  File "D:\a\yasb\yasb\venv\Lib\site-packages\watchdog\observers\read_directory_changes.py", line 67 in _read_events
  File "D:\a\yasb\yasb\venv\Lib\site-packages\watchdog\observers\read_directory_changes.py", line 70 in queue_events
  File "D:\a\yasb\yasb\venv\Lib\site-packages\watchdog\observers\api.py", line 158 in run
  File "C:\hostedtoolcache\windows\Python\3.14.6\x64\Lib\threading.py", line 1082 in _bootstrap_inner
  File "C:\hostedtoolcache\windows\Python\3.14.6\x64\Lib\threading.py", line 1044 in _bootstrap

Thread 0x00005864 [SystemEventListener] (most recent call first):
  File "D:\a\yasb\yasb\src\core\utils\win32\event_listener.py", line 69 in run

Thread 0x00002890 [HotkeyListener] (most recent call first):
  File "D:\a\yasb\yasb\src\core\utils\win32\hotkeys.py", line 252 in run

Thread 0x00004558 [MemoryWorker] (most recent call first):
  File "D:\a\yasb\yasb\src\core\widgets\services\memory\memory_api.py", line 244 in run

Thread 0x00003b0c [CpuWorker] (most recent call first):
  File "D:\a\yasb\yasb\src\core\widgets\services\cpu\cpu_api.py", line 340 in run

Thread 0x0000224c [SystrayHook] (most recent call first):
  File "D:\a\yasb\yasb\src\core\widgets\services\systray\systray_hook.py", line 247 in run
  File "D:\a\yasb\yasb\src\core\widgets\yasb\systray.py", line 79 in run

Thread 0x00003058 [WiFiWorker] (most recent call first):
  File "D:\a\yasb\yasb\src\core\widgets\services\wifi\wifi_managers.py", line 151 in run

Thread 0x00004628 [Thread-6 (process_audio)] (most recent call first):
  File "D:\a\yasb\yasb\src\core\widgets\yasb\cava.py", line 586 in process_audio
  File "C:\hostedtoolcache\windows\Python\3.14.6\x64\Lib\threading.py", line 1024 in run
  File "C:\hostedtoolcache\windows\Python\3.14.6\x64\Lib\threading.py", line 1082 in _bootstrap_inner
  File "C:\hostedtoolcache\windows\Python\3.14.6\x64\Lib\threading.py", line 1044 in _bootstrap

Thread 0x000028ac [QueryWorker] (most recent call first):
  File "D:\a\yasb\yasb\src\core\widgets\services\quick_launch\workers.py", line 61 in run

Thread 0x00005b08 [_EventWorker] (most recent call first):
  File "D:\a\yasb\yasb\venv\Lib\site-packages\qasync\_windows.py", line 147 in _poll
  File "D:\a\yasb\yasb\venv\Lib\site-packages\qasync\_windows.py", line 72 in select
  File "D:\a\yasb\yasb\venv\Lib\site-packages\qasync\_windows.py", line 199 in run

Thread 0x00004570 [LogPipeServer] (most recent call first):
  File "D:\a\yasb\yasb\src\core\utils\win32\bindings\kernel32.py", line 288 in ConnectNamedPipe
  File "D:\a\yasb\yasb\src\core\utils\cli_server.py", line 138 in _run_server
  File "C:\hostedtoolcache\windows\Python\3.14.6\x64\Lib\threading.py", line 1024 in run
  File "C:\hostedtoolcache\windows\Python\3.14.6\x64\Lib\threading.py", line 1082 in _bootstrap_inner
  File "C:\hostedtoolcache\windows\Python\3.14.6\x64\Lib\threading.py", line 1044 in _bootstrap

Thread 0x00000e24 [CLIPipeServer] (most recent call first):
  File "D:\a\yasb\yasb\src\core\utils\win32\bindings\kernel32.py", line 288 in ConnectNamedPipe
  File "D:\a\yasb\yasb\src\core\utils\cli_server.py", line 235 in _run_server
  File "C:\hostedtoolcache\windows\Python\3.14.6\x64\Lib\threading.py", line 1024 in run
  File "C:\hostedtoolcache\windows\Python\3.14.6\x64\Lib\threading.py", line 1082 in _bootstrap_inner
  File "C:\hostedtoolcache\windows\Python\3.14.6\x64\Lib\threading.py", line 1044 in _bootstrap

Thread 0x00001870 (most recent call first):
  File "D:\a\yasb\yasb\venv\Lib\site-packages\qasync\__init__.py", line 404 in run_forever
  File "D:\a\yasb\yasb\venv\Lib\site-packages\qasync\__init__.py", line 428 in run_until_complete
  File "main.py", line 100 in main
  File "main.py", line 203 in <module>
  File "D:\a\yasb\yasb\venv\Lib\site-packages\freeze_core\initscripts\console.py", line 27 in run
  File "D:\a\yasb\yasb\venv\Lib\site-packages\freeze_core\initscripts\__startup__.py", line 137 in run

Current thread's C stack trace (most recent call first):
  <cannot get C stack on this system>
Windows fatal exception: code 0x8007072c

Thread 0x00002bec [IconResolverWorker] (most recent call first):
  File "D:\a\yasb\yasb\src\core\utils\win32\aumid_icons.py", line 122 in get_icon_for_aumid
  File "D:\a\yasb\yasb\src\core\utils\win32\icon_extractor.py", line 330 in extract_shell_appid_icon
  File "D:\a\yasb\yasb\src\core\widgets\services\quick_launch\icon_resolver.py", line 66 in _resolve_icon
  File "D:\a\yasb\yasb\src\core\widgets\services\quick_launch\icon_resolver.py", line 52 in run

Thread 0x00005bbc [asyncio_0] (most recent call first):
  File "C:\hostedtoolcache\windows\Python\3.14.6\x64\Lib\threading.py", line 373 in wait
  File "C:\hostedtoolcache\windows\Python\3.14.6\x64\Lib\threading.py", line 670 in wait
  File "C:\hostedtoolcache\windows\Python\3.14.6\x64\Lib\concurrent\futures\thread.py", line 73 in run
  File "C:\hostedtoolcache\windows\Python\3.14.6\x64\Lib\concurrent\futures\thread.py", line 86 in run
  File "C:\hostedtoolcache\windows\Python\3.14.6\x64\Lib\concurrent\futures\thread.py", line 119 in _worker
  File "C:\hostedtoolcache\windows\Python\3.14.6\x64\Lib\threading.py", line 1024 in run
  File "C:\hostedtoolcache\windows\Python\3.14.6\x64\Lib\threading.py", line 1082 in _bootstrap_inner
  File "C:\hostedtoolcache\windows\Python\3.14.6\x64\Lib\threading.py", line 1044 in _bootstrap

Thread 0x00001230 [WindowsNotificationEventListener] (most recent call first):
  File "C:\hostedtoolcache\windows\Python\3.14.6\x64\Lib\asyncio\windows_events.py", line 778 in _poll
  File "C:\hostedtoolcache\windows\Python\3.14.6\x64\Lib\asyncio\windows_events.py", line 446 in select
  File "C:\hostedtoolcache\windows\Python\3.14.6\x64\Lib\asyncio\base_events.py", line 2018 in _run_once
  File "C:\hostedtoolcache\windows\Python\3.14.6\x64\Lib\asyncio\base_events.py", line 677 in run_forever
  File "C:\hostedtoolcache\windows\Python\3.14.6\x64\Lib\asyncio\base_events.py", line 706 in run_until_complete
  File "D:\a\yasb\yasb\src\core\widgets\services\notifications\windows_notification.py", line 101 in run

Thread 0x0000342c [KomorebiEventListener] (most recent call first):
  File "C:\hostedtoolcache\windows\Python\3.14.6\x64\Lib\threading.py", line 373 in wait
  File "C:\hostedtoolcache\windows\Python\3.14.6\x64\Lib\threading.py", line 670 in wait
  File "D:\a\yasb\yasb\src\core\widgets\services\komorebi\event_listener.py", line 75 in run

Thread 0x00001540 [Thread-12] (most recent call first):
  File "C:\hostedtoolcache\windows\Python\3.14.6\x64\Lib\threading.py", line 369 in wait
  File "C:\hostedtoolcache\windows\Python\3.14.6\x64\Lib\queue.py", line 199 in get
  File "D:\a\yasb\yasb\venv\Lib\site-packages\watchdog\observers\api.py", line 379 in dispatch_events
  File "D:\a\yasb\yasb\venv\Lib\site-packages\watchdog\observers\api.py", line 213 in run
  File "C:\hostedtoolcache\windows\Python\3.14.6\x64\Lib\threading.py", line 1082 in _bootstrap_inner
  File "C:\hostedtoolcache\windows\Python\3.14.6\x64\Lib\threading.py", line 1044 in _bootstrap

Thread 0x00003bdc [Thread-14] (most recent call first):
  File "D:\a\yasb\yasb\venv\Lib\site-packages\watchdog\observers\winapi.py", line 326 in read_directory_changes
  File "D:\a\yasb\yasb\venv\Lib\site-packages\watchdog\observers\winapi.py", line 380 in read_events
  File "D:\a\yasb\yasb\venv\Lib\site-packages\watchdog\observers\read_directory_changes.py", line 67 in _read_events
  File "D:\a\yasb\yasb\venv\Lib\site-packages\watchdog\observers\read_directory_changes.py", line 70 in queue_events
  File "D:\a\yasb\yasb\venv\Lib\site-packages\watchdog\observers\api.py", line 158 in run
  File "C:\hostedtoolcache\windows\Python\3.14.6\x64\Lib\threading.py", line 1082 in _bootstrap_inner
  File "C:\hostedtoolcache\windows\Python\3.14.6\x64\Lib\threading.py", line 1044 in _bootstrap

Thread 0x00005864 [SystemEventListener] (most recent call first):
  File "D:\a\yasb\yasb\src\core\utils\win32\event_listener.py", line 69 in run

Thread 0x00002890 [HotkeyListener] (most recent call first):
  File "D:\a\yasb\yasb\src\core\utils\win32\hotkeys.py", line 252 in run

Thread 0x00004558 [MemoryWorker] (most recent call first):
  File "D:\a\yasb\yasb\src\core\widgets\services\memory\memory_api.py", line 244 in run

Thread 0x00003b0c [CpuWorker] (most recent call first):
  File "D:\a\yasb\yasb\src\core\widgets\services\cpu\cpu_api.py", line 340 in run

Thread 0x0000224c [SystrayHook] (most recent call first):
  File "D:\a\yasb\yasb\src\core\widgets\services\systray\systray_hook.py", line 247 in run
  File "D:\a\yasb\yasb\src\core\widgets\yasb\systray.py", line 79 in run

Thread 0x00003058 [WiFiWorker] (most recent call first):
  File "D:\a\yasb\yasb\src\core\widgets\services\wifi\wifi_managers.py", line 151 in run

Thread 0x00004628 [Thread-6 (process_audio)] (most recent call first):
  File "D:\a\yasb\yasb\src\core\widgets\yasb\cava.py", line 586 in process_audio
  File "C:\hostedtoolcache\windows\Python\3.14.6\x64\Lib\threading.py", line 1024 in run
  File "C:\hostedtoolcache\windows\Python\3.14.6\x64\Lib\threading.py", line 1082 in _bootstrap_inner
  File "C:\hostedtoolcache\windows\Python\3.14.6\x64\Lib\threading.py", line 1044 in _bootstrap

Thread 0x000028ac [QueryWorker] (most recent call first):
  File "D:\a\yasb\yasb\src\core\widgets\services\quick_launch\workers.py", line 61 in run

Thread 0x00005b08 [_EventWorker] (most recent call first):
  File "D:\a\yasb\yasb\venv\Lib\site-packages\qasync\_windows.py", line 147 in _poll
  File "D:\a\yasb\yasb\venv\Lib\site-packages\qasync\_windows.py", line 72 in select
  File "D:\a\yasb\yasb\venv\Lib\site-packages\qasync\_windows.py", line 199 in run

Thread 0x00004570 [LogPipeServer] (most recent call first):
  File "D:\a\yasb\yasb\src\core\utils\win32\bindings\kernel32.py", line 288 in ConnectNamedPipe
  File "D:\a\yasb\yasb\src\core\utils\cli_server.py", line 138 in _run_server
  File "C:\hostedtoolcache\windows\Python\3.14.6\x64\Lib\threading.py", line 1024 in run
  File "C:\hostedtoolcache\windows\Python\3.14.6\x64\Lib\threading.py", line 1082 in _bootstrap_inner
  File "C:\hostedtoolcache\windows\Python\3.14.6\x64\Lib\threading.py", line 1044 in _bootstrap

Thread 0x00000e24 [CLIPipeServer] (most recent call first):
  File "D:\a\yasb\yasb\src\core\utils\win32\bindings\kernel32.py", line 288 in ConnectNamedPipe
  File "D:\a\yasb\yasb\src\core\utils\cli_server.py", line 235 in _run_server
  File "C:\hostedtoolcache\windows\Python\3.14.6\x64\Lib\threading.py", line 1024 in run
  File "C:\hostedtoolcache\windows\Python\3.14.6\x64\Lib\threading.py", line 1082 in _bootstrap_inner
  File "C:\hostedtoolcache\windows\Python\3.14.6\x64\Lib\threading.py", line 1044 in _bootstrap

Thread 0x00001870 (most recent call first):
  File "D:\a\yasb\yasb\venv\Lib\site-packages\qasync\__init__.py", line 404 in run_forever
  File "D:\a\yasb\yasb\venv\Lib\site-packages\qasync\__init__.py", line 428 in run_until_complete
  File "main.py", line 100 in main
  File "main.py", line 203 in <module>
  File "D:\a\yasb\yasb\venv\Lib\site-packages\freeze_core\initscripts\console.py", line 27 in run
  File "D:\a\yasb\yasb\venv\Lib\site-packages\freeze_core\initscripts\__startup__.py", line 137 in run

Current thread's C stack trace (most recent call first):
  <cannot get C stack on this system>
Windows fatal exception: code 0x8007072c

Thread 0x00002bec [IconResolverWorker] (most recent call first):
  File "D:\a\yasb\yasb\src\core\utils\win32\aumid_icons.py", line 122 in get_icon_for_aumid
  File "D:\a\yasb\yasb\src\core\utils\win32\icon_extractor.py", line 330 in extract_shell_appid_icon
  File "D:\a\yasb\yasb\src\core\widgets\services\quick_launch\icon_resolver.py", line 66 in _resolve_icon
  File "D:\a\yasb\yasb\src\core\widgets\services\quick_launch\icon_resolver.py", line 52 in run

Thread 0x00005bbc [asyncio_0] (most recent call first):
  File "C:\hostedtoolcache\windows\Python\3.14.6\x64\Lib\threading.py", line 373 in wait
  File "C:\hostedtoolcache\windows\Python\3.14.6\x64\Lib\threading.py", line 670 in wait
  File "C:\hostedtoolcache\windows\Python\3.14.6\x64\Lib\concurrent\futures\thread.py", line 73 in run
  File "C:\hostedtoolcache\windows\Python\3.14.6\x64\Lib\concurrent\futures\thread.py", line 86 in run
  File "C:\hostedtoolcache\windows\Python\3.14.6\x64\Lib\concurrent\futures\thread.py", line 119 in _worker
  File "C:\hostedtoolcache\windows\Python\3.14.6\x64\Lib\threading.py", line 1024 in run
  File "C:\hostedtoolcache\windows\Python\3.14.6\x64\Lib\threading.py", line 1082 in _bootstrap_inner
  File "C:\hostedtoolcache\windows\Python\3.14.6\x64\Lib\threading.py", line 1044 in _bootstrap

Thread 0x00001230 [WindowsNotificationEventListener] (most recent call first):
  File "C:\hostedtoolcache\windows\Python\3.14.6\x64\Lib\asyncio\windows_events.py", line 778 in _poll
  File "C:\hostedtoolcache\windows\Python\3.14.6\x64\Lib\asyncio\windows_events.py", line 446 in select
  File "C:\hostedtoolcache\windows\Python\3.14.6\x64\Lib\asyncio\base_events.py", line 2018 in _run_once
  File "C:\hostedtoolcache\windows\Python\3.14.6\x64\Lib\asyncio\base_events.py", line 677 in run_forever
  File "C:\hostedtoolcache\windows\Python\3.14.6\x64\Lib\asyncio\base_events.py", line 706 in run_until_complete
  File "D:\a\yasb\yasb\src\core\widgets\services\notifications\windows_notification.py", line 101 in run

Thread 0x0000342c [KomorebiEventListener] (most recent call first):
  File "C:\hostedtoolcache\windows\Python\3.14.6\x64\Lib\threading.py", line 373 in wait
  File "C:\hostedtoolcache\windows\Python\3.14.6\x64\Lib\threading.py", line 670 in wait
  File "D:\a\yasb\yasb\src\core\widgets\services\komorebi\event_listener.py", line 75 in run

Thread 0x00001540 [Thread-12] (most recent call first):
  File "C:\hostedtoolcache\windows\Python\3.14.6\x64\Lib\threading.py", line 369 in wait
  File "C:\hostedtoolcache\windows\Python\3.14.6\x64\Lib\queue.py", line 199 in get
  File "D:\a\yasb\yasb\venv\Lib\site-packages\watchdog\observers\api.py", line 379 in dispatch_events
  File "D:\a\yasb\yasb\venv\Lib\site-packages\watchdog\observers\api.py", line 213 in run
  File "C:\hostedtoolcache\windows\Python\3.14.6\x64\Lib\threading.py", line 1082 in _bootstrap_inner
  File "C:\hostedtoolcache\windows\Python\3.14.6\x64\Lib\threading.py", line 1044 in _bootstrap

Thread 0x00003bdc [Thread-14] (most recent call first):
  File "D:\a\yasb\yasb\venv\Lib\site-packages\watchdog\observers\winapi.py", line 326 in read_directory_changes
  File "D:\a\yasb\yasb\venv\Lib\site-packages\watchdog\observers\winapi.py", line 380 in read_events
  File "D:\a\yasb\yasb\venv\Lib\site-packages\watchdog\observers\read_directory_changes.py", line 67 in _read_events
  File "D:\a\yasb\yasb\venv\Lib\site-packages\watchdog\observers\read_directory_changes.py", line 70 in queue_events
  File "D:\a\yasb\yasb\venv\Lib\site-packages\watchdog\observers\api.py", line 158 in run
  File "C:\hostedtoolcache\windows\Python\3.14.6\x64\Lib\threading.py", line 1082 in _bootstrap_inner
  File "C:\hostedtoolcache\windows\Python\3.14.6\x64\Lib\threading.py", line 1044 in _bootstrap

Thread 0x00005864 [SystemEventListener] (most recent call first):
  File "D:\a\yasb\yasb\src\core\utils\win32\event_listener.py", line 69 in run

Thread 0x00002890 [HotkeyListener] (most recent call first):
  File "D:\a\yasb\yasb\src\core\utils\win32\hotkeys.py", line 252 in run

Thread 0x00004558 [MemoryWorker] (most recent call first):
  File "D:\a\yasb\yasb\src\core\widgets\services\memory\memory_api.py", line 244 in run

Thread 0x00003b0c [CpuWorker] (most recent call first):
  File "D:\a\yasb\yasb\src\core\widgets\services\cpu\cpu_api.py", line 340 in run

Thread 0x0000224c [SystrayHook] (most recent call first):
  File "D:\a\yasb\yasb\src\core\widgets\services\systray\systray_hook.py", line 247 in run
  File "D:\a\yasb\yasb\src\core\widgets\yasb\systray.py", line 79 in run

Thread 0x00003058 [WiFiWorker] (most recent call first):
  File "D:\a\yasb\yasb\src\core\widgets\services\wifi\wifi_managers.py", line 151 in run

Thread 0x00004628 [Thread-6 (process_audio)] (most recent call first):
  File "D:\a\yasb\yasb\src\core\widgets\yasb\cava.py", line 586 in process_audio
  File "C:\hostedtoolcache\windows\Python\3.14.6\x64\Lib\threading.py", line 1024 in run
  File "C:\hostedtoolcache\windows\Python\3.14.6\x64\Lib\threading.py", line 1082 in _bootstrap_inner
  File "C:\hostedtoolcache\windows\Python\3.14.6\x64\Lib\threading.py", line 1044 in _bootstrap

Thread 0x000028ac [QueryWorker] (most recent call first):
  File "D:\a\yasb\yasb\src\core\widgets\services\quick_launch\workers.py", line 61 in run

Thread 0x00005b08 [_EventWorker] (most recent call first):
  File "D:\a\yasb\yasb\venv\Lib\site-packages\qasync\_windows.py", line 147 in _poll
  File "D:\a\yasb\yasb\venv\Lib\site-packages\qasync\_windows.py", line 72 in select
  File "D:\a\yasb\yasb\venv\Lib\site-packages\qasync\_windows.py", line 199 in run

Thread 0x00004570 [LogPipeServer] (most recent call first):
  File "D:\a\yasb\yasb\src\core\utils\win32\bindings\kernel32.py", line 288 in ConnectNamedPipe
  File "D:\a\yasb\yasb\src\core\utils\cli_server.py", line 138 in _run_server
  File "C:\hostedtoolcache\windows\Python\3.14.6\x64\Lib\threading.py", line 1024 in run
  File "C:\hostedtoolcache\windows\Python\3.14.6\x64\Lib\threading.py", line 1082 in _bootstrap_inner
  File "C:\hostedtoolcache\windows\Python\3.14.6\x64\Lib\threading.py", line 1044 in _bootstrap

Thread 0x00000e24 [CLIPipeServer] (most recent call first):
  File "D:\a\yasb\yasb\src\core\utils\win32\bindings\kernel32.py", line 288 in ConnectNamedPipe
  File "D:\a\yasb\yasb\src\core\utils\cli_server.py", line 235 in _run_server
  File "C:\hostedtoolcache\windows\Python\3.14.6\x64\Lib\threading.py", line 1024 in run
  File "C:\hostedtoolcache\windows\Python\3.14.6\x64\Lib\threading.py", line 1082 in _bootstrap_inner
  File "C:\hostedtoolcache\windows\Python\3.14.6\x64\Lib\threading.py", line 1044 in _bootstrap

Thread 0x00001870 (most recent call first):
  File "D:\a\yasb\yasb\venv\Lib\site-packages\qasync\__init__.py", line 404 in run_forever
  File "D:\a\yasb\yasb\venv\Lib\site-packages\qasync\__init__.py", line 428 in run_until_complete
  File "main.py", line 100 in main
  File "main.py", line 203 in <module>
  File "D:\a\yasb\yasb\venv\Lib\site-packages\freeze_core\initscripts\console.py", line 27 in run
  File "D:\a\yasb\yasb\venv\Lib\site-packages\freeze_core\initscripts\__startup__.py", line 137 in run

Current thread's C stack trace (most recent call first):
  <cannot get C stack on this system>
Windows fatal exception: code 0x8007072c

Thread 0x00002bec [IconResolverWorker] (most recent call first):
  File "D:\a\yasb\yasb\src\core\utils\win32\aumid_icons.py", line 122 in get_icon_for_aumid
  File "D:\a\yasb\yasb\src\core\utils\win32\icon_extractor.py", line 330 in extract_shell_appid_icon
  File "D:\a\yasb\yasb\src\core\widgets\services\quick_launch\icon_resolver.py", line 66 in _resolve_icon
  File "D:\a\yasb\yasb\src\core\widgets\services\quick_launch\icon_resolver.py", line 52 in run

Thread 0x00005bbc [asyncio_0] (most recent call first):
  File "C:\hostedtoolcache\windows\Python\3.14.6\x64\Lib\threading.py", line 373 in wait
  File "C:\hostedtoolcache\windows\Python\3.14.6\x64\Lib\threading.py", line 670 in wait
  File "C:\hostedtoolcache\windows\Python\3.14.6\x64\Lib\concurrent\futures\thread.py", line 73 in run
  File "C:\hostedtoolcache\windows\Python\3.14.6\x64\Lib\concurrent\futures\thread.py", line 86 in run
  File "C:\hostedtoolcache\windows\Python\3.14.6\x64\Lib\concurrent\futures\thread.py", line 119 in _worker
  File "C:\hostedtoolcache\windows\Python\3.14.6\x64\Lib\threading.py", line 1024 in run
  File "C:\hostedtoolcache\windows\Python\3.14.6\x64\Lib\threading.py", line 1082 in _bootstrap_inner
  File "C:\hostedtoolcache\windows\Python\3.14.6\x64\Lib\threading.py", line 1044 in _bootstrap

Thread 0x00001230 [WindowsNotificationEventListener] (most recent call first):
  File "C:\hostedtoolcache\windows\Python\3.14.6\x64\Lib\asyncio\windows_events.py", line 778 in _poll
  File "C:\hostedtoolcache\windows\Python\3.14.6\x64\Lib\asyncio\windows_events.py", line 446 in select
  File "C:\hostedtoolcache\windows\Python\3.14.6\x64\Lib\asyncio\base_events.py", line 2018 in _run_once
  File "C:\hostedtoolcache\windows\Python\3.14.6\x64\Lib\asyncio\base_events.py", line 677 in run_forever
  File "C:\hostedtoolcache\windows\Python\3.14.6\x64\Lib\asyncio\base_events.py", line 706 in run_until_complete
  File "D:\a\yasb\yasb\src\core\widgets\services\notifications\windows_notification.py", line 101 in run

Thread 0x0000342c [KomorebiEventListener] (most recent call first):
  File "C:\hostedtoolcache\windows\Python\3.14.6\x64\Lib\threading.py", line 373 in wait
  File "C:\hostedtoolcache\windows\Python\3.14.6\x64\Lib\threading.py", line 670 in wait
  File "D:\a\yasb\yasb\src\core\widgets\services\komorebi\event_listener.py", line 75 in run

Thread 0x00001540 [Thread-12] (most recent call first):
  File "C:\hostedtoolcache\windows\Python\3.14.6\x64\Lib\threading.py", line 369 in wait
  File "C:\hostedtoolcache\windows\Python\3.14.6\x64\Lib\queue.py", line 199 in get
  File "D:\a\yasb\yasb\venv\Lib\site-packages\watchdog\observers\api.py", line 379 in dispatch_events
  File "D:\a\yasb\yasb\venv\Lib\site-packages\watchdog\observers\api.py", line 213 in run
  File "C:\hostedtoolcache\windows\Python\3.14.6\x64\Lib\threading.py", line 1082 in _bootstrap_inner
  File "C:\hostedtoolcache\windows\Python\3.14.6\x64\Lib\threading.py", line 1044 in _bootstrap

Thread 0x00003bdc [Thread-14] (most recent call first):
  File "D:\a\yasb\yasb\venv\Lib\site-packages\watchdog\observers\winapi.py", line 326 in read_directory_changes
  File "D:\a\yasb\yasb\venv\Lib\site-packages\watchdog\observers\winapi.py", line 380 in read_events
  File "D:\a\yasb\yasb\venv\Lib\site-packages\watchdog\observers\read_directory_changes.py", line 67 in _read_events
  File "D:\a\yasb\yasb\venv\Lib\site-packages\watchdog\observers\read_directory_changes.py", line 70 in queue_events
  File "D:\a\yasb\yasb\venv\Lib\site-packages\watchdog\observers\api.py", line 158 in run
  File "C:\hostedtoolcache\windows\Python\3.14.6\x64\Lib\threading.py", line 1082 in _bootstrap_inner
  File "C:\hostedtoolcache\windows\Python\3.14.6\x64\Lib\threading.py", line 1044 in _bootstrap

Thread 0x00005864 [SystemEventListener] (most recent call first):
  File "D:\a\yasb\yasb\src\core\utils\win32\event_listener.py", line 69 in run

Thread 0x00002890 [HotkeyListener] (most recent call first):
  File "D:\a\yasb\yasb\src\core\utils\win32\hotkeys.py", line 252 in run

Thread 0x00004558 [MemoryWorker] (most recent call first):
  File "D:\a\yasb\yasb\src\core\widgets\services\memory\memory_api.py", line 244 in run

Thread 0x00003b0c [CpuWorker] (most recent call first):
  File "D:\a\yasb\yasb\src\core\widgets\services\cpu\cpu_api.py", line 340 in run

Thread 0x0000224c [SystrayHook] (most recent call first):
  File "D:\a\yasb\yasb\src\core\widgets\services\systray\systray_hook.py", line 247 in run
  File "D:\a\yasb\yasb\src\core\widgets\yasb\systray.py", line 79 in run

Thread 0x00003058 [WiFiWorker] (most recent call first):
  File "D:\a\yasb\yasb\src\core\widgets\services\wifi\wifi_managers.py", line 151 in run

Thread 0x00004628 [Thread-6 (process_audio)] (most recent call first):
  File "D:\a\yasb\yasb\src\core\widgets\yasb\cava.py", line 586 in process_audio
  File "C:\hostedtoolcache\windows\Python\3.14.6\x64\Lib\threading.py", line 1024 in run
  File "C:\hostedtoolcache\windows\Python\3.14.6\x64\Lib\threading.py", line 1082 in _bootstrap_inner
  File "C:\hostedtoolcache\windows\Python\3.14.6\x64\Lib\threading.py", line 1044 in _bootstrap

Thread 0x000028ac [QueryWorker] (most recent call first):
  File "D:\a\yasb\yasb\src\core\widgets\services\quick_launch\workers.py", line 61 in run

Thread 0x00005b08 [_EventWorker] (most recent call first):
  File "D:\a\yasb\yasb\venv\Lib\site-packages\qasync\_windows.py", line 147 in _poll
  File "D:\a\yasb\yasb\venv\Lib\site-packages\qasync\_windows.py", line 72 in select
  File "D:\a\yasb\yasb\venv\Lib\site-packages\qasync\_windows.py", line 199 in run

Thread 0x00004570 [LogPipeServer] (most recent call first):
  File "D:\a\yasb\yasb\src\core\utils\win32\bindings\kernel32.py", line 288 in ConnectNamedPipe
  File "D:\a\yasb\yasb\src\core\utils\cli_server.py", line 138 in _run_server
  File "C:\hostedtoolcache\windows\Python\3.14.6\x64\Lib\threading.py", line 1024 in run
  File "C:\hostedtoolcache\windows\Python\3.14.6\x64\Lib\threading.py", line 1082 in _bootstrap_inner
  File "C:\hostedtoolcache\windows\Python\3.14.6\x64\Lib\threading.py", line 1044 in _bootstrap

Thread 0x00000e24 [CLIPipeServer] (most recent call first):
  File "D:\a\yasb\yasb\src\core\utils\win32\bindings\kernel32.py", line 288 in ConnectNamedPipe
  File "D:\a\yasb\yasb\src\core\utils\cli_server.py", line 235 in _run_server
  File "C:\hostedtoolcache\windows\Python\3.14.6\x64\Lib\threading.py", line 1024 in run
  File "C:\hostedtoolcache\windows\Python\3.14.6\x64\Lib\threading.py", line 1082 in _bootstrap_inner
  File "C:\hostedtoolcache\windows\Python\3.14.6\x64\Lib\threading.py", line 1044 in _bootstrap

Thread 0x00001870 (most recent call first):
  File "D:\a\yasb\yasb\venv\Lib\site-packages\qasync\__init__.py", line 404 in run_forever
  File "D:\a\yasb\yasb\venv\Lib\site-packages\qasync\__init__.py", line 428 in run_until_complete
  File "main.py", line 100 in main
  File "main.py", line 203 in <module>
  File "D:\a\yasb\yasb\venv\Lib\site-packages\freeze_core\initscripts\console.py", line 27 in run
  File "D:\a\yasb\yasb\venv\Lib\site-packages\freeze_core\initscripts\__startup__.py", line 137 in run

Current thread's C stack trace (most recent call first):
  <cannot get C stack on this system>
Windows fatal exception: code 0x8007072c

Thread 0x00002bec [IconResolverWorker] (most recent call first):
  File "D:\a\yasb\yasb\src\core\utils\win32\aumid_icons.py", line 122 in get_icon_for_aumid
  File "D:\a\yasb\yasb\src\core\utils\win32\icon_extractor.py", line 330 in extract_shell_appid_icon
  File "D:\a\yasb\yasb\src\core\widgets\services\quick_launch\icon_resolver.py", line 66 in _resolve_icon
  File "D:\a\yasb\yasb\src\core\widgets\services\quick_launch\icon_resolver.py", line 52 in run

Thread 0x00005bbc [asyncio_0] (most recent call first):
  File "C:\hostedtoolcache\windows\Python\3.14.6\x64\Lib\threading.py", line 373 in wait
  File "C:\hostedtoolcache\windows\Python\3.14.6\x64\Lib\threading.py", line 670 in wait
  File "C:\hostedtoolcache\windows\Python\3.14.6\x64\Lib\concurrent\futures\thread.py", line 73 in run
  File "C:\hostedtoolcache\windows\Python\3.14.6\x64\Lib\concurrent\futures\thread.py", line 86 in run
  File "C:\hostedtoolcache\windows\Python\3.14.6\x64\Lib\concurrent\futures\thread.py", line 119 in _worker
  File "C:\hostedtoolcache\windows\Python\3.14.6\x64\Lib\threading.py", line 1024 in run
  File "C:\hostedtoolcache\windows\Python\3.14.6\x64\Lib\threading.py", line 1082 in _bootstrap_inner
  File "C:\hostedtoolcache\windows\Python\3.14.6\x64\Lib\threading.py", line 1044 in _bootstrap

Thread 0x00001230 [WindowsNotificationEventListener] (most recent call first):
  File "C:\hostedtoolcache\windows\Python\3.14.6\x64\Lib\asyncio\windows_events.py", line 778 in _poll
  File "C:\hostedtoolcache\windows\Python\3.14.6\x64\Lib\asyncio\windows_events.py", line 446 in select
  File "C:\hostedtoolcache\windows\Python\3.14.6\x64\Lib\asyncio\base_events.py", line 2018 in _run_once
  File "C:\hostedtoolcache\windows\Python\3.14.6\x64\Lib\asyncio\base_events.py", line 677 in run_forever
  File "C:\hostedtoolcache\windows\Python\3.14.6\x64\Lib\asyncio\base_events.py", line 706 in run_until_complete
  File "D:\a\yasb\yasb\src\core\widgets\services\notifications\windows_notification.py", line 101 in run

Thread 0x0000342c [KomorebiEventListener] (most recent call first):
  File "C:\hostedtoolcache\windows\Python\3.14.6\x64\Lib\threading.py", line 373 in wait
  File "C:\hostedtoolcache\windows\Python\3.14.6\x64\Lib\threading.py", line 670 in wait
  File "D:\a\yasb\yasb\src\core\widgets\services\komorebi\event_listener.py", line 75 in run

Thread 0x00001540 [Thread-12] (most recent call first):
  File "C:\hostedtoolcache\windows\Python\3.14.6\x64\Lib\threading.py", line 369 in wait
  File "C:\hostedtoolcache\windows\Python\3.14.6\x64\Lib\queue.py", line 199 in get
  File "D:\a\yasb\yasb\venv\Lib\site-packages\watchdog\observers\api.py", line 379 in dispatch_events
  File "D:\a\yasb\yasb\venv\Lib\site-packages\watchdog\observers\api.py", line 213 in run
  File "C:\hostedtoolcache\windows\Python\3.14.6\x64\Lib\threading.py", line 1082 in _bootstrap_inner
  File "C:\hostedtoolcache\windows\Python\3.14.6\x64\Lib\threading.py", line 1044 in _bootstrap

Thread 0x00003bdc [Thread-14] (most recent call first):
  File "D:\a\yasb\yasb\venv\Lib\site-packages\watchdog\observers\winapi.py", line 326 in read_directory_changes
  File "D:\a\yasb\yasb\venv\Lib\site-packages\watchdog\observers\winapi.py", line 380 in read_events
  File "D:\a\yasb\yasb\venv\Lib\site-packages\watchdog\observers\read_directory_changes.py", line 67 in _read_events
  File "D:\a\yasb\yasb\venv\Lib\site-packages\watchdog\observers\read_directory_changes.py", line 70 in queue_events
  File "D:\a\yasb\yasb\venv\Lib\site-packages\watchdog\observers\api.py", line 158 in run
  File "C:\hostedtoolcache\windows\Python\3.14.6\x64\Lib\threading.py", line 1082 in _bootstrap_inner
  File "C:\hostedtoolcache\windows\Python\3.14.6\x64\Lib\threading.py", line 1044 in _bootstrap

Thread 0x00005864 [SystemEventListener] (most recent call first):
  File "D:\a\yasb\yasb\src\core\utils\win32\event_listener.py", line 69 in run

Thread 0x00002890 [HotkeyListener] (most recent call first):
  File "D:\a\yasb\yasb\src\core\utils\win32\hotkeys.py", line 252 in run

Thread 0x00004558 [MemoryWorker] (most recent call first):
  File "D:\a\yasb\yasb\src\core\widgets\services\memory\memory_api.py", line 244 in run

Thread 0x00003b0c [CpuWorker] (most recent call first):
  File "D:\a\yasb\yasb\src\core\widgets\services\cpu\cpu_api.py", line 340 in run

Thread 0x0000224c [SystrayHook] (most recent call first):
  File "D:\a\yasb\yasb\src\core\widgets\services\systray\systray_hook.py", line 247 in run
  File "D:\a\yasb\yasb\src\core\widgets\yasb\systray.py", line 79 in run

Thread 0x00003058 [WiFiWorker] (most recent call first):
  File "D:\a\yasb\yasb\src\core\widgets\services\wifi\wifi_managers.py", line 151 in run

Thread 0x00004628 [Thread-6 (process_audio)] (most recent call first):
  File "D:\a\yasb\yasb\src\core\widgets\yasb\cava.py", line 586 in process_audio
  File "C:\hostedtoolcache\windows\Python\3.14.6\x64\Lib\threading.py", line 1024 in run
  File "C:\hostedtoolcache\windows\Python\3.14.6\x64\Lib\threading.py", line 1082 in _bootstrap_inner
  File "C:\hostedtoolcache\windows\Python\3.14.6\x64\Lib\threading.py", line 1044 in _bootstrap

Thread 0x000028ac [QueryWorker] (most recent call first):
  File "D:\a\yasb\yasb\src\core\widgets\services\quick_launch\workers.py", line 61 in run

Thread 0x00005b08 [_EventWorker] (most recent call first):
  File "D:\a\yasb\yasb\venv\Lib\site-packages\qasync\_windows.py", line 147 in _poll
  File "D:\a\yasb\yasb\venv\Lib\site-packages\qasync\_windows.py", line 72 in select
  File "D:\a\yasb\yasb\venv\Lib\site-packages\qasync\_windows.py", line 199 in run

Thread 0x00004570 [LogPipeServer] (most recent call first):
  File "D:\a\yasb\yasb\src\core\utils\win32\bindings\kernel32.py", line 288 in ConnectNamedPipe
  File "D:\a\yasb\yasb\src\core\utils\cli_server.py", line 138 in _run_server
  File "C:\hostedtoolcache\windows\Python\3.14.6\x64\Lib\threading.py", line 1024 in run
  File "C:\hostedtoolcache\windows\Python\3.14.6\x64\Lib\threading.py", line 1082 in _bootstrap_inner
  File "C:\hostedtoolcache\windows\Python\3.14.6\x64\Lib\threading.py", line 1044 in _bootstrap

Thread 0x00000e24 [CLIPipeServer] (most recent call first):
  File "D:\a\yasb\yasb\src\core\utils\win32\bindings\kernel32.py", line 288 in ConnectNamedPipe
  File "D:\a\yasb\yasb\src\core\utils\cli_server.py", line 235 in _run_server
  File "C:\hostedtoolcache\windows\Python\3.14.6\x64\Lib\threading.py", line 1024 in run
  File "C:\hostedtoolcache\windows\Python\3.14.6\x64\Lib\threading.py", line 1082 in _bootstrap_inner
  File "C:\hostedtoolcache\windows\Python\3.14.6\x64\Lib\threading.py", line 1044 in _bootstrap

Thread 0x00001870 (most recent call first):
  File "D:\a\yasb\yasb\venv\Lib\site-packages\qasync\__init__.py", line 404 in run_forever
  File "D:\a\yasb\yasb\venv\Lib\site-packages\qasync\__init__.py", line 428 in run_until_complete
  File "main.py", line 100 in main
  File "main.py", line 203 in <module>
  File "D:\a\yasb\yasb\venv\Lib\site-packages\freeze_core\initscripts\console.py", line 27 in run
  File "D:\a\yasb\yasb\venv\Lib\site-packages\freeze_core\initscripts\__startup__.py", line 137 in run

Current thread's C stack trace (most recent call first):
  <cannot get C stack on this system>
Windows fatal exception: code 0x8007072c

Thread 0x00002bec [IconResolverWorker] (most recent call first):
  File "D:\a\yasb\yasb\src\core\utils\win32\aumid_icons.py", line 122 in get_icon_for_aumid
  File "D:\a\yasb\yasb\src\core\utils\win32\icon_extractor.py", line 330 in extract_shell_appid_icon
  File "D:\a\yasb\yasb\src\core\widgets\services\quick_launch\icon_resolver.py", line 66 in _resolve_icon
  File "D:\a\yasb\yasb\src\core\widgets\services\quick_launch\icon_resolver.py", line 52 in run

Thread 0x00005bbc [asyncio_0] (most recent call first):
  File "C:\hostedtoolcache\windows\Python\3.14.6\x64\Lib\threading.py", line 373 in wait
  File "C:\hostedtoolcache\windows\Python\3.14.6\x64\Lib\threading.py", line 670 in wait
  File "C:\hostedtoolcache\windows\Python\3.14.6\x64\Lib\concurrent\futures\thread.py", line 73 in run
  File "C:\hostedtoolcache\windows\Python\3.14.6\x64\Lib\concurrent\futures\thread.py", line 86 in run
  File "C:\hostedtoolcache\windows\Python\3.14.6\x64\Lib\concurrent\futures\thread.py", line 119 in _worker
  File "C:\hostedtoolcache\windows\Python\3.14.6\x64\Lib\threading.py", line 1024 in run
  File "C:\hostedtoolcache\windows\Python\3.14.6\x64\Lib\threading.py", line 1082 in _bootstrap_inner
  File "C:\hostedtoolcache\windows\Python\3.14.6\x64\Lib\threading.py", line 1044 in _bootstrap

Thread 0x00001230 [WindowsNotificationEventListener] (most recent call first):
  File "C:\hostedtoolcache\windows\Python\3.14.6\x64\Lib\asyncio\windows_events.py", line 778 in _poll
  File "C:\hostedtoolcache\windows\Python\3.14.6\x64\Lib\asyncio\windows_events.py", line 446 in select
  File "C:\hostedtoolcache\windows\Python\3.14.6\x64\Lib\asyncio\base_events.py", line 2018 in _run_once
  File "C:\hostedtoolcache\windows\Python\3.14.6\x64\Lib\asyncio\base_events.py", line 677 in run_forever
  File "C:\hostedtoolcache\windows\Python\3.14.6\x64\Lib\asyncio\base_events.py", line 706 in run_until_complete
  File "D:\a\yasb\yasb\src\core\widgets\services\notifications\windows_notification.py", line 101 in run

Thread 0x0000342c [KomorebiEventListener] (most recent call first):
  File "C:\hostedtoolcache\windows\Python\3.14.6\x64\Lib\threading.py", line 373 in wait
  File "C:\hostedtoolcache\windows\Python\3.14.6\x64\Lib\threading.py", line 670 in wait
  File "D:\a\yasb\yasb\src\core\widgets\services\komorebi\event_listener.py", line 75 in run

Thread 0x00001540 [Thread-12] (most recent call first):
  File "C:\hostedtoolcache\windows\Python\3.14.6\x64\Lib\threading.py", line 369 in wait
  File "C:\hostedtoolcache\windows\Python\3.14.6\x64\Lib\queue.py", line 199 in get
  File "D:\a\yasb\yasb\venv\Lib\site-packages\watchdog\observers\api.py", line 379 in dispatch_events
  File "D:\a\yasb\yasb\venv\Lib\site-packages\watchdog\observers\api.py", line 213 in run
  File "C:\hostedtoolcache\windows\Python\3.14.6\x64\Lib\threading.py", line 1082 in _bootstrap_inner
  File "C:\hostedtoolcache\windows\Python\3.14.6\x64\Lib\threading.py", line 1044 in _bootstrap

Thread 0x00003bdc [Thread-14] (most recent call first):
  File "D:\a\yasb\yasb\venv\Lib\site-packages\watchdog\observers\winapi.py", line 326 in read_directory_changes
  File "D:\a\yasb\yasb\venv\Lib\site-packages\watchdog\observers\winapi.py", line 380 in read_events
  File "D:\a\yasb\yasb\venv\Lib\site-packages\watchdog\observers\read_directory_changes.py", line 67 in _read_events
  File "D:\a\yasb\yasb\venv\Lib\site-packages\watchdog\observers\read_directory_changes.py", line 70 in queue_events
  File "D:\a\yasb\yasb\venv\Lib\site-packages\watchdog\observers\api.py", line 158 in run
  File "C:\hostedtoolcache\windows\Python\3.14.6\x64\Lib\threading.py", line 1082 in _bootstrap_inner
  File "C:\hostedtoolcache\windows\Python\3.14.6\x64\Lib\threading.py", line 1044 in _bootstrap

Thread 0x00005864 [SystemEventListener] (most recent call first):
  File "D:\a\yasb\yasb\src\core\utils\win32\event_listener.py", line 69 in run

Thread 0x00002890 [HotkeyListener] (most recent call first):
  File "D:\a\yasb\yasb\src\core\utils\win32\hotkeys.py", line 252 in run

Thread 0x00004558 [MemoryWorker] (most recent call first):
  File "D:\a\yasb\yasb\src\core\widgets\services\memory\memory_api.py", line 244 in run

Thread 0x00003b0c [CpuWorker] (most recent call first):
  File "D:\a\yasb\yasb\src\core\widgets\services\cpu\cpu_api.py", line 340 in run

Thread 0x0000224c [SystrayHook] (most recent call first):
  File "D:\a\yasb\yasb\src\core\widgets\services\systray\systray_hook.py", line 247 in run
  File "D:\a\yasb\yasb\src\core\widgets\yasb\systray.py", line 79 in run

Thread 0x00003058 [WiFiWorker] (most recent call first):
  File "D:\a\yasb\yasb\src\core\widgets\services\wifi\wifi_managers.py", line 151 in run

Thread 0x00004628 [Thread-6 (process_audio)] (most recent call first):
  File "D:\a\yasb\yasb\src\core\widgets\yasb\cava.py", line 586 in process_audio
  File "C:\hostedtoolcache\windows\Python\3.14.6\x64\Lib\threading.py", line 1024 in run
  File "C:\hostedtoolcache\windows\Python\3.14.6\x64\Lib\threading.py", line 1082 in _bootstrap_inner
  File "C:\hostedtoolcache\windows\Python\3.14.6\x64\Lib\threading.py", line 1044 in _bootstrap

Thread 0x000028ac [QueryWorker] (most recent call first):
  File "D:\a\yasb\yasb\src\core\widgets\services\quick_launch\workers.py", line 61 in run

Thread 0x00005b08 [_EventWorker] (most recent call first):
  File "D:\a\yasb\yasb\venv\Lib\site-packages\qasync\_windows.py", line 147 in _poll
  File "D:\a\yasb\yasb\venv\Lib\site-packages\qasync\_windows.py", line 72 in select
  File "D:\a\yasb\yasb\venv\Lib\site-packages\qasync\_windows.py", line 199 in run

Thread 0x00004570 [LogPipeServer] (most recent call first):
  File "D:\a\yasb\yasb\src\core\utils\win32\bindings\kernel32.py", line 288 in ConnectNamedPipe
  File "D:\a\yasb\yasb\src\core\utils\cli_server.py", line 138 in _run_server
  File "C:\hostedtoolcache\windows\Python\3.14.6\x64\Lib\threading.py", line 1024 in run
  File "C:\hostedtoolcache\windows\Python\3.14.6\x64\Lib\threading.py", line 1082 in _bootstrap_inner
  File "C:\hostedtoolcache\windows\Python\3.14.6\x64\Lib\threading.py", line 1044 in _bootstrap

Thread 0x00000e24 [CLIPipeServer] (most recent call first):
  File "D:\a\yasb\yasb\src\core\utils\win32\bindings\kernel32.py", line 288 in ConnectNamedPipe
  File "D:\a\yasb\yasb\src\core\utils\cli_server.py", line 235 in _run_server
  File "C:\hostedtoolcache\windows\Python\3.14.6\x64\Lib\threading.py", line 1024 in run
  File "C:\hostedtoolcache\windows\Python\3.14.6\x64\Lib\threading.py", line 1082 in _bootstrap_inner
  File "C:\hostedtoolcache\windows\Python\3.14.6\x64\Lib\threading.py", line 1044 in _bootstrap

Thread 0x00001870 (most recent call first):
  File "D:\a\yasb\yasb\venv\Lib\site-packages\qasync\__init__.py", line 404 in run_forever
  File "D:\a\yasb\yasb\venv\Lib\site-packages\qasync\__init__.py", line 428 in run_until_complete
  File "main.py", line 100 in main
  File "main.py", line 203 in <module>
  File "D:\a\yasb\yasb\venv\Lib\site-packages\freeze_core\initscripts\console.py", line 27 in run
  File "D:\a\yasb\yasb\venv\Lib\site-packages\freeze_core\initscripts\__startup__.py", line 137 in run

Current thread's C stack trace (most recent call first):
  <cannot get C stack on this system>
Windows fatal exception: code 0x8007072c

Thread 0x00002bec [IconResolverWorker] (most recent call first):
  File "D:\a\yasb\yasb\src\core\utils\win32\aumid_icons.py", line 122 in get_icon_for_aumid
  File "D:\a\yasb\yasb\src\core\utils\win32\icon_extractor.py", line 330 in extract_shell_appid_icon
  File "D:\a\yasb\yasb\src\core\widgets\services\quick_launch\icon_resolver.py", line 66 in _resolve_icon
  File "D:\a\yasb\yasb\src\core\widgets\services\quick_launch\icon_resolver.py", line 52 in run

Thread 0x00005bbc [asyncio_0] (most recent call first):
  File "C:\hostedtoolcache\windows\Python\3.14.6\x64\Lib\threading.py", line 373 in wait
  File "C:\hostedtoolcache\windows\Python\3.14.6\x64\Lib\threading.py", line 670 in wait
  File "C:\hostedtoolcache\windows\Python\3.14.6\x64\Lib\concurrent\futures\thread.py", line 73 in run
  File "C:\hostedtoolcache\windows\Python\3.14.6\x64\Lib\concurrent\futures\thread.py", line 86 in run
  File "C:\hostedtoolcache\windows\Python\3.14.6\x64\Lib\concurrent\futures\thread.py", line 119 in _worker
  File "C:\hostedtoolcache\windows\Python\3.14.6\x64\Lib\threading.py", line 1024 in run
  File "C:\hostedtoolcache\windows\Python\3.14.6\x64\Lib\threading.py", line 1082 in _bootstrap_inner
  File "C:\hostedtoolcache\windows\Python\3.14.6\x64\Lib\threading.py", line 1044 in _bootstrap

Thread 0x00001230 [WindowsNotificationEventListener] (most recent call first):
  File "C:\hostedtoolcache\windows\Python\3.14.6\x64\Lib\asyncio\windows_events.py", line 778 in _poll
  File "C:\hostedtoolcache\windows\Python\3.14.6\x64\Lib\asyncio\windows_events.py", line 446 in select
  File "C:\hostedtoolcache\windows\Python\3.14.6\x64\Lib\asyncio\base_events.py", line 2018 in _run_once
  File "C:\hostedtoolcache\windows\Python\3.14.6\x64\Lib\asyncio\base_events.py", line 677 in run_forever
  File "C:\hostedtoolcache\windows\Python\3.14.6\x64\Lib\asyncio\base_events.py", line 706 in run_until_complete
  File "D:\a\yasb\yasb\src\core\widgets\services\notifications\windows_notification.py", line 101 in run

Thread 0x0000342c [KomorebiEventListener] (most recent call first):
  File "C:\hostedtoolcache\windows\Python\3.14.6\x64\Lib\threading.py", line 373 in wait
  File "C:\hostedtoolcache\windows\Python\3.14.6\x64\Lib\threading.py", line 670 in wait
  File "D:\a\yasb\yasb\src\core\widgets\services\komorebi\event_listener.py", line 75 in run

Thread 0x00001540 [Thread-12] (most recent call first):
  File "C:\hostedtoolcache\windows\Python\3.14.6\x64\Lib\threading.py", line 369 in wait
  File "C:\hostedtoolcache\windows\Python\3.14.6\x64\Lib\queue.py", line 199 in get
  File "D:\a\yasb\yasb\venv\Lib\site-packages\watchdog\observers\api.py", line 379 in dispatch_events
  File "D:\a\yasb\yasb\venv\Lib\site-packages\watchdog\observers\api.py", line 213 in run
  File "C:\hostedtoolcache\windows\Python\3.14.6\x64\Lib\threading.py", line 1082 in _bootstrap_inner
  File "C:\hostedtoolcache\windows\Python\3.14.6\x64\Lib\threading.py", line 1044 in _bootstrap

Thread 0x00003bdc [Thread-14] (most recent call first):
  File "D:\a\yasb\yasb\venv\Lib\site-packages\watchdog\observers\winapi.py", line 326 in read_directory_changes
  File "D:\a\yasb\yasb\venv\Lib\site-packages\watchdog\observers\winapi.py", line 380 in read_events
  File "D:\a\yasb\yasb\venv\Lib\site-packages\watchdog\observers\read_directory_changes.py", line 67 in _read_events
  File "D:\a\yasb\yasb\venv\Lib\site-packages\watchdog\observers\read_directory_changes.py", line 70 in queue_events
  File "D:\a\yasb\yasb\venv\Lib\site-packages\watchdog\observers\api.py", line 158 in run
  File "C:\hostedtoolcache\windows\Python\3.14.6\x64\Lib\threading.py", line 1082 in _bootstrap_inner
  File "C:\hostedtoolcache\windows\Python\3.14.6\x64\Lib\threading.py", line 1044 in _bootstrap

Thread 0x00005864 [SystemEventListener] (most recent call first):
  File "D:\a\yasb\yasb\src\core\utils\win32\event_listener.py", line 69 in run

Thread 0x00002890 [HotkeyListener] (most recent call first):
  File "D:\a\yasb\yasb\src\core\utils\win32\hotkeys.py", line 252 in run

Thread 0x00004558 [MemoryWorker] (most recent call first):
  File "D:\a\yasb\yasb\src\core\widgets\services\memory\memory_api.py", line 244 in run

Thread 0x00003b0c [CpuWorker] (most recent call first):
  File "D:\a\yasb\yasb\src\core\widgets\services\cpu\cpu_api.py", line 340 in run

Thread 0x0000224c [SystrayHook] (most recent call first):
  File "D:\a\yasb\yasb\src\core\widgets\services\systray\systray_hook.py", line 247 in run
  File "D:\a\yasb\yasb\src\core\widgets\yasb\systray.py", line 79 in run

Thread 0x00003058 [WiFiWorker] (most recent call first):
  File "D:\a\yasb\yasb\src\core\widgets\services\wifi\wifi_managers.py", line 151 in run

Thread 0x00004628 [Thread-6 (process_audio)] (most recent call first):
  File "D:\a\yasb\yasb\src\core\widgets\yasb\cava.py", line 586 in process_audio
  File "C:\hostedtoolcache\windows\Python\3.14.6\x64\Lib\threading.py", line 1024 in run
  File "C:\hostedtoolcache\windows\Python\3.14.6\x64\Lib\threading.py", line 1082 in _bootstrap_inner
  File "C:\hostedtoolcache\windows\Python\3.14.6\x64\Lib\threading.py", line 1044 in _bootstrap

Thread 0x000028ac [QueryWorker] (most recent call first):
  File "D:\a\yasb\yasb\src\core\widgets\services\quick_launch\workers.py", line 61 in run

Thread 0x00005b08 [_EventWorker] (most recent call first):
  File "D:\a\yasb\yasb\venv\Lib\site-packages\qasync\_windows.py", line 147 in _poll
  File "D:\a\yasb\yasb\venv\Lib\site-packages\qasync\_windows.py", line 72 in select
  File "D:\a\yasb\yasb\venv\Lib\site-packages\qasync\_windows.py", line 199 in run

Thread 0x00004570 [LogPipeServer] (most recent call first):
  File "D:\a\yasb\yasb\src\core\utils\win32\bindings\kernel32.py", line 288 in ConnectNamedPipe
  File "D:\a\yasb\yasb\src\core\utils\cli_server.py", line 138 in _run_server
  File "C:\hostedtoolcache\windows\Python\3.14.6\x64\Lib\threading.py", line 1024 in run
  File "C:\hostedtoolcache\windows\Python\3.14.6\x64\Lib\threading.py", line 1082 in _bootstrap_inner
  File "C:\hostedtoolcache\windows\Python\3.14.6\x64\Lib\threading.py", line 1044 in _bootstrap

Thread 0x00000e24 [CLIPipeServer] (most recent call first):
  File "D:\a\yasb\yasb\src\core\utils\win32\bindings\kernel32.py", line 288 in ConnectNamedPipe
  File "D:\a\yasb\yasb\src\core\utils\cli_server.py", line 235 in _run_server
  File "C:\hostedtoolcache\windows\Python\3.14.6\x64\Lib\threading.py", line 1024 in run
  File "C:\hostedtoolcache\windows\Python\3.14.6\x64\Lib\threading.py", line 1082 in _bootstrap_inner
  File "C:\hostedtoolcache\windows\Python\3.14.6\x64\Lib\threading.py", line 1044 in _bootstrap

Thread 0x00001870 (most recent call first):
  File "D:\a\yasb\yasb\venv\Lib\site-packages\qasync\__init__.py", line 404 in run_forever
  File "D:\a\yasb\yasb\venv\Lib\site-packages\qasync\__init__.py", line 428 in run_until_complete
  File "main.py", line 100 in main
  File "main.py", line 203 in <module>
  File "D:\a\yasb\yasb\venv\Lib\site-packages\freeze_core\initscripts\console.py", line 27 in run
  File "D:\a\yasb\yasb\venv\Lib\site-packages\freeze_core\initscripts\__startup__.py", line 137 in run

Current thread's C stack trace (most recent call first):
  <cannot get C stack on this system>
Windows fatal exception: code 0x8007072c

Thread 0x00002bec [IconResolverWorker] (most recent call first):
  File "D:\a\yasb\yasb\src\core\utils\win32\aumid_icons.py", line 122 in get_icon_for_aumid
  File "D:\a\yasb\yasb\src\core\utils\win32\icon_extractor.py", line 330 in extract_shell_appid_icon
  File "D:\a\yasb\yasb\src\core\widgets\services\quick_launch\icon_resolver.py", line 66 in _resolve_icon
  File "D:\a\yasb\yasb\src\core\widgets\services\quick_launch\icon_resolver.py", line 52 in run

Thread 0x00005bbc [asyncio_0] (most recent call first):
  File "C:\hostedtoolcache\windows\Python\3.14.6\x64\Lib\threading.py", line 373 in wait
  File "C:\hostedtoolcache\windows\Python\3.14.6\x64\Lib\threading.py", line 670 in wait
  File "C:\hostedtoolcache\windows\Python\3.14.6\x64\Lib\concurrent\futures\thread.py", line 73 in run
  File "C:\hostedtoolcache\windows\Python\3.14.6\x64\Lib\concurrent\futures\thread.py", line 86 in run
  File "C:\hostedtoolcache\windows\Python\3.14.6\x64\Lib\concurrent\futures\thread.py", line 119 in _worker
  File "C:\hostedtoolcache\windows\Python\3.14.6\x64\Lib\threading.py", line 1024 in run
  File "C:\hostedtoolcache\windows\Python\3.14.6\x64\Lib\threading.py", line 1082 in _bootstrap_inner
  File "C:\hostedtoolcache\windows\Python\3.14.6\x64\Lib\threading.py", line 1044 in _bootstrap

Thread 0x00001230 [WindowsNotificationEventListener] (most recent call first):
  File "C:\hostedtoolcache\windows\Python\3.14.6\x64\Lib\asyncio\windows_events.py", line 778 in _poll
  File "C:\hostedtoolcache\windows\Python\3.14.6\x64\Lib\asyncio\windows_events.py", line 446 in select
  File "C:\hostedtoolcache\windows\Python\3.14.6\x64\Lib\asyncio\base_events.py", line 2018 in _run_once
  File "C:\hostedtoolcache\windows\Python\3.14.6\x64\Lib\asyncio\base_events.py", line 677 in run_forever
  File "C:\hostedtoolcache\windows\Python\3.14.6\x64\Lib\asyncio\base_events.py", line 706 in run_until_complete
  File "D:\a\yasb\yasb\src\core\widgets\services\notifications\windows_notification.py", line 101 in run

Thread 0x0000342c [KomorebiEventListener] (most recent call first):
  File "C:\hostedtoolcache\windows\Python\3.14.6\x64\Lib\threading.py", line 373 in wait
  File "C:\hostedtoolcache\windows\Python\3.14.6\x64\Lib\threading.py", line 670 in wait
  File "D:\a\yasb\yasb\src\core\widgets\services\komorebi\event_listener.py", line 75 in run

Thread 0x00001540 [Thread-12] (most recent call first):
  File "C:\hostedtoolcache\windows\Python\3.14.6\x64\Lib\threading.py", line 369 in wait
  File "C:\hostedtoolcache\windows\Python\3.14.6\x64\Lib\queue.py", line 199 in get
  File "D:\a\yasb\yasb\venv\Lib\site-packages\watchdog\observers\api.py", line 379 in dispatch_events
  File "D:\a\yasb\yasb\venv\Lib\site-packages\watchdog\observers\api.py", line 213 in run
  File "C:\hostedtoolcache\windows\Python\3.14.6\x64\Lib\threading.py", line 1082 in _bootstrap_inner
  File "C:\hostedtoolcache\windows\Python\3.14.6\x64\Lib\threading.py", line 1044 in _bootstrap

Thread 0x00003bdc [Thread-14] (most recent call first):
  File "D:\a\yasb\yasb\venv\Lib\site-packages\watchdog\observers\winapi.py", line 326 in read_directory_changes
  File "D:\a\yasb\yasb\venv\Lib\site-packages\watchdog\observers\winapi.py", line 380 in read_events
  File "D:\a\yasb\yasb\venv\Lib\site-packages\watchdog\observers\read_directory_changes.py", line 67 in _read_events
  File "D:\a\yasb\yasb\venv\Lib\site-packages\watchdog\observers\read_directory_changes.py", line 70 in queue_events
  File "D:\a\yasb\yasb\venv\Lib\site-packages\watchdog\observers\api.py", line 158 in run
  File "C:\hostedtoolcache\windows\Python\3.14.6\x64\Lib\threading.py", line 1082 in _bootstrap_inner
  File "C:\hostedtoolcache\windows\Python\3.14.6\x64\Lib\threading.py", line 1044 in _bootstrap

Thread 0x00005864 [SystemEventListener] (most recent call first):
  File "D:\a\yasb\yasb\src\core\utils\win32\event_listener.py", line 69 in run

Thread 0x00002890 [HotkeyListener] (most recent call first):
  File "D:\a\yasb\yasb\src\core\utils\win32\hotkeys.py", line 252 in run

Thread 0x00004558 [MemoryWorker] (most recent call first):
  File "D:\a\yasb\yasb\src\core\widgets\services\memory\memory_api.py", line 244 in run

Thread 0x00003b0c [CpuWorker] (most recent call first):
  File "D:\a\yasb\yasb\src\core\widgets\services\cpu\cpu_api.py", line 340 in run

Thread 0x0000224c [SystrayHook] (most recent call first):
  File "D:\a\yasb\yasb\src\core\widgets\services\systray\systray_hook.py", line 247 in run
  File "D:\a\yasb\yasb\src\core\widgets\yasb\systray.py", line 79 in run

Thread 0x00003058 [WiFiWorker] (most recent call first):
  File "D:\a\yasb\yasb\src\core\widgets\services\wifi\wifi_managers.py", line 151 in run

Thread 0x00004628 [Thread-6 (process_audio)] (most recent call first):
  File "D:\a\yasb\yasb\src\core\widgets\yasb\cava.py", line 586 in process_audio
  File "C:\hostedtoolcache\windows\Python\3.14.6\x64\Lib\threading.py", line 1024 in run
  File "C:\hostedtoolcache\windows\Python\3.14.6\x64\Lib\threading.py", line 1082 in _bootstrap_inner
  File "C:\hostedtoolcache\windows\Python\3.14.6\x64\Lib\threading.py", line 1044 in _bootstrap

Thread 0x000028ac [QueryWorker] (most recent call first):
  File "D:\a\yasb\yasb\src\core\widgets\services\quick_launch\workers.py", line 61 in run

Thread 0x00005b08 [_EventWorker] (most recent call first):
  File "D:\a\yasb\yasb\venv\Lib\site-packages\qasync\_windows.py", line 147 in _poll
  File "D:\a\yasb\yasb\venv\Lib\site-packages\qasync\_windows.py", line 72 in select
  File "D:\a\yasb\yasb\venv\Lib\site-packages\qasync\_windows.py", line 199 in run

Thread 0x00004570 [LogPipeServer] (most recent call first):
  File "D:\a\yasb\yasb\src\core\utils\win32\bindings\kernel32.py", line 288 in ConnectNamedPipe
  File "D:\a\yasb\yasb\src\core\utils\cli_server.py", line 138 in _run_server
  File "C:\hostedtoolcache\windows\Python\3.14.6\x64\Lib\threading.py", line 1024 in run
  File "C:\hostedtoolcache\windows\Python\3.14.6\x64\Lib\threading.py", line 1082 in _bootstrap_inner
  File "C:\hostedtoolcache\windows\Python\3.14.6\x64\Lib\threading.py", line 1044 in _bootstrap

Thread 0x00000e24 [CLIPipeServer] (most recent call first):
  File "D:\a\yasb\yasb\src\core\utils\win32\bindings\kernel32.py", line 288 in ConnectNamedPipe
  File "D:\a\yasb\yasb\src\core\utils\cli_server.py", line 235 in _run_server
  File "C:\hostedtoolcache\windows\Python\3.14.6\x64\Lib\threading.py", line 1024 in run
  File "C:\hostedtoolcache\windows\Python\3.14.6\x64\Lib\threading.py", line 1082 in _bootstrap_inner
  File "C:\hostedtoolcache\windows\Python\3.14.6\x64\Lib\threading.py", line 1044 in _bootstrap

Thread 0x00001870 (most recent call first):
  File "D:\a\yasb\yasb\venv\Lib\site-packages\qasync\__init__.py", line 404 in run_forever
  File "D:\a\yasb\yasb\venv\Lib\site-packages\qasync\__init__.py", line 428 in run_until_complete
  File "main.py", line 100 in main
  File "main.py", line 203 in <module>
  File "D:\a\yasb\yasb\venv\Lib\site-packages\freeze_core\initscripts\console.py", line 27 in run
  File "D:\a\yasb\yasb\venv\Lib\site-packages\freeze_core\initscripts\__startup__.py", line 137 in run

Current thread's C stack trace (most recent call first):
  <cannot get C stack on this system>
Windows fatal exception: code 0x8007072c

Thread 0x00002bec [IconResolverWorker] (most recent call first):
  File "D:\a\yasb\yasb\src\core\utils\win32\aumid_icons.py", line 122 in get_icon_for_aumid
  File "D:\a\yasb\yasb\src\core\utils\win32\icon_extractor.py", line 330 in extract_shell_appid_icon
  File "D:\a\yasb\yasb\src\core\widgets\services\quick_launch\icon_resolver.py", line 66 in _resolve_icon
  File "D:\a\yasb\yasb\src\core\widgets\services\quick_launch\icon_resolver.py", line 52 in run

Thread 0x00005bbc [asyncio_0] (most recent call first):
  File "C:\hostedtoolcache\windows\Python\3.14.6\x64\Lib\threading.py", line 373 in wait
  File "C:\hostedtoolcache\windows\Python\3.14.6\x64\Lib\threading.py", line 670 in wait
  File "C:\hostedtoolcache\windows\Python\3.14.6\x64\Lib\concurrent\futures\thread.py", line 73 in run
  File "C:\hostedtoolcache\windows\Python\3.14.6\x64\Lib\concurrent\futures\thread.py", line 86 in run
  File "C:\hostedtoolcache\windows\Python\3.14.6\x64\Lib\concurrent\futures\thread.py", line 119 in _worker
  File "C:\hostedtoolcache\windows\Python\3.14.6\x64\Lib\threading.py", line 1024 in run
  File "C:\hostedtoolcache\windows\Python\3.14.6\x64\Lib\threading.py", line 1082 in _bootstrap_inner
  File "C:\hostedtoolcache\windows\Python\3.14.6\x64\Lib\threading.py", line 1044 in _bootstrap

Thread 0x00001230 [WindowsNotificationEventListener] (most recent call first):
  File "C:\hostedtoolcache\windows\Python\3.14.6\x64\Lib\asyncio\windows_events.py", line 778 in _poll
  File "C:\hostedtoolcache\windows\Python\3.14.6\x64\Lib\asyncio\windows_events.py", line 446 in select
  File "C:\hostedtoolcache\windows\Python\3.14.6\x64\Lib\asyncio\base_events.py", line 2018 in _run_once
  File "C:\hostedtoolcache\windows\Python\3.14.6\x64\Lib\asyncio\base_events.py", line 677 in run_forever
  File "C:\hostedtoolcache\windows\Python\3.14.6\x64\Lib\asyncio\base_events.py", line 706 in run_until_complete
  File "D:\a\yasb\yasb\src\core\widgets\services\notifications\windows_notification.py", line 101 in run

Thread 0x0000342c [KomorebiEventListener] (most recent call first):
  File "C:\hostedtoolcache\windows\Python\3.14.6\x64\Lib\threading.py", line 373 in wait
  File "C:\hostedtoolcache\windows\Python\3.14.6\x64\Lib\threading.py", line 670 in wait
  File "D:\a\yasb\yasb\src\core\widgets\services\komorebi\event_listener.py", line 75 in run

Thread 0x00001540 [Thread-12] (most recent call first):
  File "C:\hostedtoolcache\windows\Python\3.14.6\x64\Lib\threading.py", line 369 in wait
  File "C:\hostedtoolcache\windows\Python\3.14.6\x64\Lib\queue.py", line 199 in get
  File "D:\a\yasb\yasb\venv\Lib\site-packages\watchdog\observers\api.py", line 379 in dispatch_events
  File "D:\a\yasb\yasb\venv\Lib\site-packages\watchdog\observers\api.py", line 213 in run
  File "C:\hostedtoolcache\windows\Python\3.14.6\x64\Lib\threading.py", line 1082 in _bootstrap_inner
  File "C:\hostedtoolcache\windows\Python\3.14.6\x64\Lib\threading.py", line 1044 in _bootstrap

Thread 0x00003bdc [Thread-14] (most recent call first):
  File "D:\a\yasb\yasb\venv\Lib\site-packages\watchdog\observers\winapi.py", line 326 in read_directory_changes
  File "D:\a\yasb\yasb\venv\Lib\site-packages\watchdog\observers\winapi.py", line 380 in read_events
  File "D:\a\yasb\yasb\venv\Lib\site-packages\watchdog\observers\read_directory_changes.py", line 67 in _read_events
  File "D:\a\yasb\yasb\venv\Lib\site-packages\watchdog\observers\read_directory_changes.py", line 70 in queue_events
  File "D:\a\yasb\yasb\venv\Lib\site-packages\watchdog\observers\api.py", line 158 in run
  File "C:\hostedtoolcache\windows\Python\3.14.6\x64\Lib\threading.py", line 1082 in _bootstrap_inner
  File "C:\hostedtoolcache\windows\Python\3.14.6\x64\Lib\threading.py", line 1044 in _bootstrap

Thread 0x00005864 [SystemEventListener] (most recent call first):
  File "D:\a\yasb\yasb\src\core\utils\win32\event_listener.py", line 69 in run

Thread 0x00002890 [HotkeyListener] (most recent call first):
  File "D:\a\yasb\yasb\src\core\utils\win32\hotkeys.py", line 252 in run

Thread 0x00004558 [MemoryWorker] (most recent call first):
  File "D:\a\yasb\yasb\src\core\widgets\services\memory\memory_api.py", line 244 in run

Thread 0x00003b0c [CpuWorker] (most recent call first):
  File "D:\a\yasb\yasb\src\core\widgets\services\cpu\cpu_api.py", line 340 in run

Thread 0x0000224c [SystrayHook] (most recent call first):
  File "D:\a\yasb\yasb\src\core\widgets\services\systray\systray_hook.py", line 247 in run
  File "D:\a\yasb\yasb\src\core\widgets\yasb\systray.py", line 79 in run

Thread 0x00003058 [WiFiWorker] (most recent call first):
  File "D:\a\yasb\yasb\src\core\widgets\services\wifi\wifi_managers.py", line 151 in run

Thread 0x00004628 [Thread-6 (process_audio)] (most recent call first):
  File "D:\a\yasb\yasb\src\core\widgets\yasb\cava.py", line 586 in process_audio
  File "C:\hostedtoolcache\windows\Python\3.14.6\x64\Lib\threading.py", line 1024 in run
  File "C:\hostedtoolcache\windows\Python\3.14.6\x64\Lib\threading.py", line 1082 in _bootstrap_inner
  File "C:\hostedtoolcache\windows\Python\3.14.6\x64\Lib\threading.py", line 1044 in _bootstrap

Thread 0x000028ac [QueryWorker] (most recent call first):
  File "D:\a\yasb\yasb\src\core\widgets\services\quick_launch\workers.py", line 61 in run

Thread 0x00005b08 [_EventWorker] (most recent call first):
  File "D:\a\yasb\yasb\venv\Lib\site-packages\qasync\_windows.py", line 147 in _poll
  File "D:\a\yasb\yasb\venv\Lib\site-packages\qasync\_windows.py", line 72 in select
  File "D:\a\yasb\yasb\venv\Lib\site-packages\qasync\_windows.py", line 199 in run

Thread 0x00004570 [LogPipeServer] (most recent call first):
  File "D:\a\yasb\yasb\src\core\utils\win32\bindings\kernel32.py", line 288 in ConnectNamedPipe
  File "D:\a\yasb\yasb\src\core\utils\cli_server.py", line 138 in _run_server
  File "C:\hostedtoolcache\windows\Python\3.14.6\x64\Lib\threading.py", line 1024 in run
  File "C:\hostedtoolcache\windows\Python\3.14.6\x64\Lib\threading.py", line 1082 in _bootstrap_inner
  File "C:\hostedtoolcache\windows\Python\3.14.6\x64\Lib\threading.py", line 1044 in _bootstrap

Thread 0x00000e24 [CLIPipeServer] (most recent call first):
  File "D:\a\yasb\yasb\src\core\utils\win32\bindings\kernel32.py", line 288 in ConnectNamedPipe
  File "D:\a\yasb\yasb\src\core\utils\cli_server.py", line 235 in _run_server
  File "C:\hostedtoolcache\windows\Python\3.14.6\x64\Lib\threading.py", line 1024 in run
  File "C:\hostedtoolcache\windows\Python\3.14.6\x64\Lib\threading.py", line 1082 in _bootstrap_inner
  File "C:\hostedtoolcache\windows\Python\3.14.6\x64\Lib\threading.py", line 1044 in _bootstrap

Thread 0x00001870 (most recent call first):
  File "D:\a\yasb\yasb\venv\Lib\site-packages\qasync\__init__.py", line 404 in run_forever
  File "D:\a\yasb\yasb\venv\Lib\site-packages\qasync\__init__.py", line 428 in run_until_complete
  File "main.py", line 100 in main
  File "main.py", line 203 in <module>
  File "D:\a\yasb\yasb\venv\Lib\site-packages\freeze_core\initscripts\console.py", line 27 in run
  File "D:\a\yasb\yasb\venv\Lib\site-packages\freeze_core\initscripts\__startup__.py", line 137 in run

Current thread's C stack trace (most recent call first):
  <cannot get C stack on this system>
Windows fatal exception: code 0x8007072c

Thread 0x00002bec [IconResolverWorker] (most recent call first):
  File "D:\a\yasb\yasb\src\core\utils\win32\aumid_icons.py", line 122 in get_icon_for_aumid
  File "D:\a\yasb\yasb\src\core\utils\win32\icon_extractor.py", line 330 in extract_shell_appid_icon
  File "D:\a\yasb\yasb\src\core\widgets\services\quick_launch\icon_resolver.py", line 66 in _resolve_icon
  File "D:\a\yasb\yasb\src\core\widgets\services\quick_launch\icon_resolver.py", line 52 in run

Thread 0x00005bbc [asyncio_0] (most recent call first):
  File "C:\hostedtoolcache\windows\Python\3.14.6\x64\Lib\threading.py", line 373 in wait
  File "C:\hostedtoolcache\windows\Python\3.14.6\x64\Lib\threading.py", line 670 in wait
  File "C:\hostedtoolcache\windows\Python\3.14.6\x64\Lib\concurrent\futures\thread.py", line 73 in run
  File "C:\hostedtoolcache\windows\Python\3.14.6\x64\Lib\concurrent\futures\thread.py", line 86 in run
  File "C:\hostedtoolcache\windows\Python\3.14.6\x64\Lib\concurrent\futures\thread.py", line 119 in _worker
  File "C:\hostedtoolcache\windows\Python\3.14.6\x64\Lib\threading.py", line 1024 in run
  File "C:\hostedtoolcache\windows\Python\3.14.6\x64\Lib\threading.py", line 1082 in _bootstrap_inner
  File "C:\hostedtoolcache\windows\Python\3.14.6\x64\Lib\threading.py", line 1044 in _bootstrap

Thread 0x00001230 [WindowsNotificationEventListener] (most recent call first):
  File "C:\hostedtoolcache\windows\Python\3.14.6\x64\Lib\asyncio\windows_events.py", line 778 in _poll
  File "C:\hostedtoolcache\windows\Python\3.14.6\x64\Lib\asyncio\windows_events.py", line 446 in select
  File "C:\hostedtoolcache\windows\Python\3.14.6\x64\Lib\asyncio\base_events.py", line 2018 in _run_once
  File "C:\hostedtoolcache\windows\Python\3.14.6\x64\Lib\asyncio\base_events.py", line 677 in run_forever
  File "C:\hostedtoolcache\windows\Python\3.14.6\x64\Lib\asyncio\base_events.py", line 706 in run_until_complete
  File "D:\a\yasb\yasb\src\core\widgets\services\notifications\windows_notification.py", line 101 in run

Thread 0x0000342c [KomorebiEventListener] (most recent call first):
  File "C:\hostedtoolcache\windows\Python\3.14.6\x64\Lib\threading.py", line 373 in wait
  File "C:\hostedtoolcache\windows\Python\3.14.6\x64\Lib\threading.py", line 670 in wait
  File "D:\a\yasb\yasb\src\core\widgets\services\komorebi\event_listener.py", line 75 in run

Thread 0x00001540 [Thread-12] (most recent call first):
  File "C:\hostedtoolcache\windows\Python\3.14.6\x64\Lib\threading.py", line 369 in wait
  File "C:\hostedtoolcache\windows\Python\3.14.6\x64\Lib\queue.py", line 199 in get
  File "D:\a\yasb\yasb\venv\Lib\site-packages\watchdog\observers\api.py", line 379 in dispatch_events
  File "D:\a\yasb\yasb\venv\Lib\site-packages\watchdog\observers\api.py", line 213 in run
  File "C:\hostedtoolcache\windows\Python\3.14.6\x64\Lib\threading.py", line 1082 in _bootstrap_inner
  File "C:\hostedtoolcache\windows\Python\3.14.6\x64\Lib\threading.py", line 1044 in _bootstrap

Thread 0x00003bdc [Thread-14] (most recent call first):
  File "D:\a\yasb\yasb\venv\Lib\site-packages\watchdog\observers\winapi.py", line 326 in read_directory_changes
  File "D:\a\yasb\yasb\venv\Lib\site-packages\watchdog\observers\winapi.py", line 380 in read_events
  File "D:\a\yasb\yasb\venv\Lib\site-packages\watchdog\observers\read_directory_changes.py", line 67 in _read_events
  File "D:\a\yasb\yasb\venv\Lib\site-packages\watchdog\observers\read_directory_changes.py", line 70 in queue_events
  File "D:\a\yasb\yasb\venv\Lib\site-packages\watchdog\observers\api.py", line 158 in run
  File "C:\hostedtoolcache\windows\Python\3.14.6\x64\Lib\threading.py", line 1082 in _bootstrap_inner
  File "C:\hostedtoolcache\windows\Python\3.14.6\x64\Lib\threading.py", line 1044 in _bootstrap

Thread 0x00005864 [SystemEventListener] (most recent call first):
  File "D:\a\yasb\yasb\src\core\utils\win32\event_listener.py", line 69 in run

Thread 0x00002890 [HotkeyListener] (most recent call first):
  File "D:\a\yasb\yasb\src\core\utils\win32\hotkeys.py", line 252 in run

Thread 0x00004558 [MemoryWorker] (most recent call first):
  File "D:\a\yasb\yasb\src\core\widgets\services\memory\memory_api.py", line 244 in run

Thread 0x00003b0c [CpuWorker] (most recent call first):
  File "D:\a\yasb\yasb\src\core\widgets\services\cpu\cpu_api.py", line 340 in run

Thread 0x0000224c [SystrayHook] (most recent call first):
  File "D:\a\yasb\yasb\src\core\widgets\services\systray\systray_hook.py", line 247 in run
  File "D:\a\yasb\yasb\src\core\widgets\yasb\systray.py", line 79 in run

Thread 0x00003058 [WiFiWorker] (most recent call first):
  File "D:\a\yasb\yasb\src\core\widgets\services\wifi\wifi_managers.py", line 151 in run

Thread 0x00004628 [Thread-6 (process_audio)] (most recent call first):
  File "D:\a\yasb\yasb\src\core\widgets\yasb\cava.py", line 586 in process_audio
  File "C:\hostedtoolcache\windows\Python\3.14.6\x64\Lib\threading.py", line 1024 in run
  File "C:\hostedtoolcache\windows\Python\3.14.6\x64\Lib\threading.py", line 1082 in _bootstrap_inner
  File "C:\hostedtoolcache\windows\Python\3.14.6\x64\Lib\threading.py", line 1044 in _bootstrap

Thread 0x000028ac [QueryWorker] (most recent call first):
  File "D:\a\yasb\yasb\src\core\widgets\services\quick_launch\workers.py", line 61 in run

Thread 0x00005b08 [_EventWorker] (most recent call first):
  File "D:\a\yasb\yasb\venv\Lib\site-packages\qasync\_windows.py", line 147 in _poll
  File "D:\a\yasb\yasb\venv\Lib\site-packages\qasync\_windows.py", line 72 in select
  File "D:\a\yasb\yasb\venv\Lib\site-packages\qasync\_windows.py", line 199 in run

Thread 0x00004570 [LogPipeServer] (most recent call first):
  File "D:\a\yasb\yasb\src\core\utils\win32\bindings\kernel32.py", line 288 in ConnectNamedPipe
  File "D:\a\yasb\yasb\src\core\utils\cli_server.py", line 138 in _run_server
  File "C:\hostedtoolcache\windows\Python\3.14.6\x64\Lib\threading.py", line 1024 in run
  File "C:\hostedtoolcache\windows\Python\3.14.6\x64\Lib\threading.py", line 1082 in _bootstrap_inner
  File "C:\hostedtoolcache\windows\Python\3.14.6\x64\Lib\threading.py", line 1044 in _bootstrap

Thread 0x00000e24 [CLIPipeServer] (most recent call first):
  File "D:\a\yasb\yasb\src\core\utils\win32\bindings\kernel32.py", line 288 in ConnectNamedPipe
  File "D:\a\yasb\yasb\src\core\utils\cli_server.py", line 235 in _run_server
  File "C:\hostedtoolcache\windows\Python\3.14.6\x64\Lib\threading.py", line 1024 in run
  File "C:\hostedtoolcache\windows\Python\3.14.6\x64\Lib\threading.py", line 1082 in _bootstrap_inner
  File "C:\hostedtoolcache\windows\Python\3.14.6\x64\Lib\threading.py", line 1044 in _bootstrap

Thread 0x00001870 (most recent call first):
  File "D:\a\yasb\yasb\venv\Lib\site-packages\qasync\__init__.py", line 404 in run_forever
  File "D:\a\yasb\yasb\venv\Lib\site-packages\qasync\__init__.py", line 428 in run_until_complete
  File "main.py", line 100 in main
  File "main.py", line 203 in <module>
  File "D:\a\yasb\yasb\venv\Lib\site-packages\freeze_core\initscripts\console.py", line 27 in run
  File "D:\a\yasb\yasb\venv\Lib\site-packages\freeze_core\initscripts\__startup__.py", line 137 in run

Current thread's C stack trace (most recent call first):
  <cannot get C stack on this system>
Windows fatal exception: code 0x8007072c

Thread 0x00002bec [IconResolverWorker] (most recent call first):
  File "D:\a\yasb\yasb\src\core\utils\win32\aumid_icons.py", line 122 in get_icon_for_aumid
  File "D:\a\yasb\yasb\src\core\utils\win32\icon_extractor.py", line 330 in extract_shell_appid_icon
  File "D:\a\yasb\yasb\src\core\widgets\services\quick_launch\icon_resolver.py", line 66 in _resolve_icon
  File "D:\a\yasb\yasb\src\core\widgets\services\quick_launch\icon_resolver.py", line 52 in run

Thread 0x00005bbc [asyncio_0] (most recent call first):
  File "C:\hostedtoolcache\windows\Python\3.14.6\x64\Lib\threading.py", line 373 in wait
  File "C:\hostedtoolcache\windows\Python\3.14.6\x64\Lib\threading.py", line 670 in wait
  File "C:\hostedtoolcache\windows\Python\3.14.6\x64\Lib\concurrent\futures\thread.py", line 73 in run
  File "C:\hostedtoolcache\windows\Python\3.14.6\x64\Lib\concurrent\futures\thread.py", line 86 in run
  File "C:\hostedtoolcache\windows\Python\3.14.6\x64\Lib\concurrent\futures\thread.py", line 119 in _worker
  File "C:\hostedtoolcache\windows\Python\3.14.6\x64\Lib\threading.py", line 1024 in run
  File "C:\hostedtoolcache\windows\Python\3.14.6\x64\Lib\threading.py", line 1082 in _bootstrap_inner
  File "C:\hostedtoolcache\windows\Python\3.14.6\x64\Lib\threading.py", line 1044 in _bootstrap

Thread 0x00001230 [WindowsNotificationEventListener] (most recent call first):
  File "C:\hostedtoolcache\windows\Python\3.14.6\x64\Lib\asyncio\windows_events.py", line 778 in _poll
  File "C:\hostedtoolcache\windows\Python\3.14.6\x64\Lib\asyncio\windows_events.py", line 446 in select
  File "C:\hostedtoolcache\windows\Python\3.14.6\x64\Lib\asyncio\base_events.py", line 2018 in _run_once
  File "C:\hostedtoolcache\windows\Python\3.14.6\x64\Lib\asyncio\base_events.py", line 677 in run_forever
  File "C:\hostedtoolcache\windows\Python\3.14.6\x64\Lib\asyncio\base_events.py", line 706 in run_until_complete
  File "D:\a\yasb\yasb\src\core\widgets\services\notifications\windows_notification.py", line 101 in run

Thread 0x0000342c [KomorebiEventListener] (most recent call first):
  File "C:\hostedtoolcache\windows\Python\3.14.6\x64\Lib\threading.py", line 373 in wait
  File "C:\hostedtoolcache\windows\Python\3.14.6\x64\Lib\threading.py", line 670 in wait
  File "D:\a\yasb\yasb\src\core\widgets\services\komorebi\event_listener.py", line 75 in run

Thread 0x00001540 [Thread-12] (most recent call first):
  File "C:\hostedtoolcache\windows\Python\3.14.6\x64\Lib\threading.py", line 369 in wait
  File "C:\hostedtoolcache\windows\Python\3.14.6\x64\Lib\queue.py", line 199 in get
  File "D:\a\yasb\yasb\venv\Lib\site-packages\watchdog\observers\api.py", line 379 in dispatch_events
  File "D:\a\yasb\yasb\venv\Lib\site-packages\watchdog\observers\api.py", line 213 in run
  File "C:\hostedtoolcache\windows\Python\3.14.6\x64\Lib\threading.py", line 1082 in _bootstrap_inner
  File "C:\hostedtoolcache\windows\Python\3.14.6\x64\Lib\threading.py", line 1044 in _bootstrap

Thread 0x00003bdc [Thread-14] (most recent call first):
  File "D:\a\yasb\yasb\venv\Lib\site-packages\watchdog\observers\winapi.py", line 326 in read_directory_changes
  File "D:\a\yasb\yasb\venv\Lib\site-packages\watchdog\observers\winapi.py", line 380 in read_events
  File "D:\a\yasb\yasb\venv\Lib\site-packages\watchdog\observers\read_directory_changes.py", line 67 in _read_events
  File "D:\a\yasb\yasb\venv\Lib\site-packages\watchdog\observers\read_directory_changes.py", line 70 in queue_events
  File "D:\a\yasb\yasb\venv\Lib\site-packages\watchdog\observers\api.py", line 158 in run
  File "C:\hostedtoolcache\windows\Python\3.14.6\x64\Lib\threading.py", line 1082 in _bootstrap_inner
  File "C:\hostedtoolcache\windows\Python\3.14.6\x64\Lib\threading.py", line 1044 in _bootstrap

Thread 0x00005864 [SystemEventListener] (most recent call first):
  File "D:\a\yasb\yasb\src\core\utils\win32\event_listener.py", line 69 in run

Thread 0x00002890 [HotkeyListener] (most recent call first):
  File "D:\a\yasb\yasb\src\core\utils\win32\hotkeys.py", line 252 in run

Thread 0x00004558 [MemoryWorker] (most recent call first):
  File "D:\a\yasb\yasb\src\core\widgets\services\memory\memory_api.py", line 244 in run

Thread 0x00003b0c [CpuWorker] (most recent call first):
  File "D:\a\yasb\yasb\src\core\widgets\services\cpu\cpu_api.py", line 340 in run

Thread 0x0000224c [SystrayHook] (most recent call first):
  File "D:\a\yasb\yasb\src\core\widgets\services\systray\systray_hook.py", line 247 in run
  File "D:\a\yasb\yasb\src\core\widgets\yasb\systray.py", line 79 in run

Thread 0x00003058 [WiFiWorker] (most recent call first):
  File "D:\a\yasb\yasb\src\core\widgets\services\wifi\wifi_managers.py", line 151 in run

Thread 0x00004628 [Thread-6 (process_audio)] (most recent call first):
  File "D:\a\yasb\yasb\src\core\widgets\yasb\cava.py", line 586 in process_audio
  File "C:\hostedtoolcache\windows\Python\3.14.6\x64\Lib\threading.py", line 1024 in run
  File "C:\hostedtoolcache\windows\Python\3.14.6\x64\Lib\threading.py", line 1082 in _bootstrap_inner
  File "C:\hostedtoolcache\windows\Python\3.14.6\x64\Lib\threading.py", line 1044 in _bootstrap

Thread 0x000028ac [QueryWorker] (most recent call first):
  File "D:\a\yasb\yasb\src\core\widgets\services\quick_launch\workers.py", line 61 in run

Thread 0x00005b08 [_EventWorker] (most recent call first):
  File "D:\a\yasb\yasb\venv\Lib\site-packages\qasync\_windows.py", line 147 in _poll
  File "D:\a\yasb\yasb\venv\Lib\site-packages\qasync\_windows.py", line 72 in select
  File "D:\a\yasb\yasb\venv\Lib\site-packages\qasync\_windows.py", line 199 in run

Thread 0x00004570 [LogPipeServer] (most recent call first):
  File "D:\a\yasb\yasb\src\core\utils\win32\bindings\kernel32.py", line 288 in ConnectNamedPipe
  File "D:\a\yasb\yasb\src\core\utils\cli_server.py", line 138 in _run_server
  File "C:\hostedtoolcache\windows\Python\3.14.6\x64\Lib\threading.py", line 1024 in run
  File "C:\hostedtoolcache\windows\Python\3.14.6\x64\Lib\threading.py", line 1082 in _bootstrap_inner
  File "C:\hostedtoolcache\windows\Python\3.14.6\x64\Lib\threading.py", line 1044 in _bootstrap

Thread 0x00000e24 [CLIPipeServer] (most recent call first):
  File "D:\a\yasb\yasb\src\core\utils\win32\bindings\kernel32.py", line 288 in ConnectNamedPipe
  File "D:\a\yasb\yasb\src\core\utils\cli_server.py", line 235 in _run_server
  File "C:\hostedtoolcache\windows\Python\3.14.6\x64\Lib\threading.py", line 1024 in run
  File "C:\hostedtoolcache\windows\Python\3.14.6\x64\Lib\threading.py", line 1082 in _bootstrap_inner
  File "C:\hostedtoolcache\windows\Python\3.14.6\x64\Lib\threading.py", line 1044 in _bootstrap

Thread 0x00001870 (most recent call first):
  File "D:\a\yasb\yasb\venv\Lib\site-packages\qasync\__init__.py", line 404 in run_forever
  File "D:\a\yasb\yasb\venv\Lib\site-packages\qasync\__init__.py", line 428 in run_until_complete
  File "main.py", line 100 in main
  File "main.py", line 203 in <module>
  File "D:\a\yasb\yasb\venv\Lib\site-packages\freeze_core\initscripts\console.py", line 27 in run
  File "D:\a\yasb\yasb\venv\Lib\site-packages\freeze_core\initscripts\__startup__.py", line 137 in run

Current thread's C stack trace (most recent call first):
  <cannot get C stack on this system>
Windows fatal exception: code 0x8007072c

Thread 0x00002bec [IconResolverWorker] (most recent call first):
  File "D:\a\yasb\yasb\src\core\utils\win32\aumid_icons.py", line 122 in get_icon_for_aumid
  File "D:\a\yasb\yasb\src\core\utils\win32\icon_extractor.py", line 330 in extract_shell_appid_icon
  File "D:\a\yasb\yasb\src\core\widgets\services\quick_launch\icon_resolver.py", line 66 in _resolve_icon
  File "D:\a\yasb\yasb\src\core\widgets\services\quick_launch\icon_resolver.py", line 52 in run

Thread 0x00005bbc [asyncio_0] (most recent call first):
  File "C:\hostedtoolcache\windows\Python\3.14.6\x64\Lib\threading.py", line 373 in wait
  File "C:\hostedtoolcache\windows\Python\3.14.6\x64\Lib\threading.py", line 670 in wait
  File "C:\hostedtoolcache\windows\Python\3.14.6\x64\Lib\concurrent\futures\thread.py", line 73 in run
  File "C:\hostedtoolcache\windows\Python\3.14.6\x64\Lib\concurrent\futures\thread.py", line 86 in run
  File "C:\hostedtoolcache\windows\Python\3.14.6\x64\Lib\concurrent\futures\thread.py", line 119 in _worker
  File "C:\hostedtoolcache\windows\Python\3.14.6\x64\Lib\threading.py", line 1024 in run
  File "C:\hostedtoolcache\windows\Python\3.14.6\x64\Lib\threading.py", line 1082 in _bootstrap_inner
  File "C:\hostedtoolcache\windows\Python\3.14.6\x64\Lib\threading.py", line 1044 in _bootstrap

Thread 0x00001230 [WindowsNotificationEventListener] (most recent call first):
  File "C:\hostedtoolcache\windows\Python\3.14.6\x64\Lib\asyncio\windows_events.py", line 778 in _poll
  File "C:\hostedtoolcache\windows\Python\3.14.6\x64\Lib\asyncio\windows_events.py", line 446 in select
  File "C:\hostedtoolcache\windows\Python\3.14.6\x64\Lib\asyncio\base_events.py", line 2018 in _run_once
  File "C:\hostedtoolcache\windows\Python\3.14.6\x64\Lib\asyncio\base_events.py", line 677 in run_forever
  File "C:\hostedtoolcache\windows\Python\3.14.6\x64\Lib\asyncio\base_events.py", line 706 in run_until_complete
  File "D:\a\yasb\yasb\src\core\widgets\services\notifications\windows_notification.py", line 101 in run

Thread 0x0000342c [KomorebiEventListener] (most recent call first):
  File "C:\hostedtoolcache\windows\Python\3.14.6\x64\Lib\threading.py", line 373 in wait
  File "C:\hostedtoolcache\windows\Python\3.14.6\x64\Lib\threading.py", line 670 in wait
  File "D:\a\yasb\yasb\src\core\widgets\services\komorebi\event_listener.py", line 75 in run

Thread 0x00001540 [Thread-12] (most recent call first):
  File "C:\hostedtoolcache\windows\Python\3.14.6\x64\Lib\threading.py", line 369 in wait
  File "C:\hostedtoolcache\windows\Python\3.14.6\x64\Lib\queue.py", line 199 in get
  File "D:\a\yasb\yasb\venv\Lib\site-packages\watchdog\observers\api.py", line 379 in dispatch_events
  File "D:\a\yasb\yasb\venv\Lib\site-packages\watchdog\observers\api.py", line 213 in run
  File "C:\hostedtoolcache\windows\Python\3.14.6\x64\Lib\threading.py", line 1082 in _bootstrap_inner
  File "C:\hostedtoolcache\windows\Python\3.14.6\x64\Lib\threading.py", line 1044 in _bootstrap

Thread 0x00003bdc [Thread-14] (most recent call first):
  File "D:\a\yasb\yasb\venv\Lib\site-packages\watchdog\observers\winapi.py", line 326 in read_directory_changes
  File "D:\a\yasb\yasb\venv\Lib\site-packages\watchdog\observers\winapi.py", line 380 in read_events
  File "D:\a\yasb\yasb\venv\Lib\site-packages\watchdog\observers\read_directory_changes.py", line 67 in _read_events
  File "D:\a\yasb\yasb\venv\Lib\site-packages\watchdog\observers\read_directory_changes.py", line 70 in queue_events
  File "D:\a\yasb\yasb\venv\Lib\site-packages\watchdog\observers\api.py", line 158 in run
  File "C:\hostedtoolcache\windows\Python\3.14.6\x64\Lib\threading.py", line 1082 in _bootstrap_inner
  File "C:\hostedtoolcache\windows\Python\3.14.6\x64\Lib\threading.py", line 1044 in _bootstrap

Thread 0x00005864 [SystemEventListener] (most recent call first):
  File "D:\a\yasb\yasb\src\core\utils\win32\event_listener.py", line 69 in run

Thread 0x00002890 [HotkeyListener] (most recent call first):
  File "D:\a\yasb\yasb\src\core\utils\win32\hotkeys.py", line 252 in run

Thread 0x00004558 [MemoryWorker] (most recent call first):
  File "D:\a\yasb\yasb\src\core\widgets\services\memory\memory_api.py", line 244 in run

Thread 0x00003b0c [CpuWorker] (most recent call first):
  File "D:\a\yasb\yasb\src\core\widgets\services\cpu\cpu_api.py", line 340 in run

Thread 0x0000224c [SystrayHook] (most recent call first):
  File "D:\a\yasb\yasb\src\core\widgets\services\systray\systray_hook.py", line 247 in run
  File "D:\a\yasb\yasb\src\core\widgets\yasb\systray.py", line 79 in run

Thread 0x00003058 [WiFiWorker] (most recent call first):
  File "D:\a\yasb\yasb\src\core\widgets\services\wifi\wifi_managers.py", line 151 in run

Thread 0x00004628 [Thread-6 (process_audio)] (most recent call first):
  File "D:\a\yasb\yasb\src\core\widgets\yasb\cava.py", line 586 in process_audio
  File "C:\hostedtoolcache\windows\Python\3.14.6\x64\Lib\threading.py", line 1024 in run
  File "C:\hostedtoolcache\windows\Python\3.14.6\x64\Lib\threading.py", line 1082 in _bootstrap_inner
  File "C:\hostedtoolcache\windows\Python\3.14.6\x64\Lib\threading.py", line 1044 in _bootstrap

Thread 0x000028ac [QueryWorker] (most recent call first):
  File "D:\a\yasb\yasb\src\core\widgets\services\quick_launch\workers.py", line 61 in run

Thread 0x00005b08 [_EventWorker] (most recent call first):
  File "D:\a\yasb\yasb\venv\Lib\site-packages\qasync\_windows.py", line 147 in _poll
  File "D:\a\yasb\yasb\venv\Lib\site-packages\qasync\_windows.py", line 72 in select
  File "D:\a\yasb\yasb\venv\Lib\site-packages\qasync\_windows.py", line 199 in run

Thread 0x00004570 [LogPipeServer] (most recent call first):
  File "D:\a\yasb\yasb\src\core\utils\win32\bindings\kernel32.py", line 288 in ConnectNamedPipe
  File "D:\a\yasb\yasb\src\core\utils\cli_server.py", line 138 in _run_server
  File "C:\hostedtoolcache\windows\Python\3.14.6\x64\Lib\threading.py", line 1024 in run
  File "C:\hostedtoolcache\windows\Python\3.14.6\x64\Lib\threading.py", line 1082 in _bootstrap_inner
  File "C:\hostedtoolcache\windows\Python\3.14.6\x64\Lib\threading.py", line 1044 in _bootstrap

Thread 0x00000e24 [CLIPipeServer] (most recent call first):
  File "D:\a\yasb\yasb\src\core\utils\win32\bindings\kernel32.py", line 288 in ConnectNamedPipe
  File "D:\a\yasb\yasb\src\core\utils\cli_server.py", line 235 in _run_server
  File "C:\hostedtoolcache\windows\Python\3.14.6\x64\Lib\threading.py", line 1024 in run
  File "C:\hostedtoolcache\windows\Python\3.14.6\x64\Lib\threading.py", line 1082 in _bootstrap_inner
  File "C:\hostedtoolcache\windows\Python\3.14.6\x64\Lib\threading.py", line 1044 in _bootstrap

Thread 0x00001870 (most recent call first):
  File "D:\a\yasb\yasb\venv\Lib\site-packages\qasync\__init__.py", line 404 in run_forever
  File "D:\a\yasb\yasb\venv\Lib\site-packages\qasync\__init__.py", line 428 in run_until_complete
  File "main.py", line 100 in main
  File "main.py", line 203 in <module>
  File "D:\a\yasb\yasb\venv\Lib\site-packages\freeze_core\initscripts\console.py", line 27 in run
  File "D:\a\yasb\yasb\venv\Lib\site-packages\freeze_core\initscripts\__startup__.py", line 137 in run

Current thread's C stack trace (most recent call first):
  <cannot get C stack on this system>
Windows fatal exception: code 0x8007072c

Thread 0x00002bec [IconResolverWorker] (most recent call first):
  File "D:\a\yasb\yasb\src\core\utils\win32\aumid_icons.py", line 122 in get_icon_for_aumid
  File "D:\a\yasb\yasb\src\core\utils\win32\icon_extractor.py", line 330 in extract_shell_appid_icon
  File "D:\a\yasb\yasb\src\core\widgets\services\quick_launch\icon_resolver.py", line 66 in _resolve_icon
  File "D:\a\yasb\yasb\src\core\widgets\services\quick_launch\icon_resolver.py", line 52 in run

Thread 0x00005bbc [asyncio_0] (most recent call first):
  File "C:\hostedtoolcache\windows\Python\3.14.6\x64\Lib\threading.py", line 373 in wait
  File "C:\hostedtoolcache\windows\Python\3.14.6\x64\Lib\threading.py", line 670 in wait
  File "C:\hostedtoolcache\windows\Python\3.14.6\x64\Lib\concurrent\futures\thread.py", line 73 in run
  File "C:\hostedtoolcache\windows\Python\3.14.6\x64\Lib\concurrent\futures\thread.py", line 86 in run
  File "C:\hostedtoolcache\windows\Python\3.14.6\x64\Lib\concurrent\futures\thread.py", line 119 in _worker
  File "C:\hostedtoolcache\windows\Python\3.14.6\x64\Lib\threading.py", line 1024 in run
  File "C:\hostedtoolcache\windows\Python\3.14.6\x64\Lib\threading.py", line 1082 in _bootstrap_inner
  File "C:\hostedtoolcache\windows\Python\3.14.6\x64\Lib\threading.py", line 1044 in _bootstrap

Thread 0x00001230 [WindowsNotificationEventListener] (most recent call first):
  File "C:\hostedtoolcache\windows\Python\3.14.6\x64\Lib\asyncio\windows_events.py", line 778 in _poll
  File "C:\hostedtoolcache\windows\Python\3.14.6\x64\Lib\asyncio\windows_events.py", line 446 in select
  File "C:\hostedtoolcache\windows\Python\3.14.6\x64\Lib\asyncio\base_events.py", line 2018 in _run_once
  File "C:\hostedtoolcache\windows\Python\3.14.6\x64\Lib\asyncio\base_events.py", line 677 in run_forever
  File "C:\hostedtoolcache\windows\Python\3.14.6\x64\Lib\asyncio\base_events.py", line 706 in run_until_complete
  File "D:\a\yasb\yasb\src\core\widgets\services\notifications\windows_notification.py", line 101 in run

Thread 0x0000342c [KomorebiEventListener] (most recent call first):
  File "C:\hostedtoolcache\windows\Python\3.14.6\x64\Lib\threading.py", line 373 in wait
  File "C:\hostedtoolcache\windows\Python\3.14.6\x64\Lib\threading.py", line 670 in wait
  File "D:\a\yasb\yasb\src\core\widgets\services\komorebi\event_listener.py", line 75 in run

Thread 0x00001540 [Thread-12] (most recent call first):
  File "C:\hostedtoolcache\windows\Python\3.14.6\x64\Lib\threading.py", line 369 in wait
  File "C:\hostedtoolcache\windows\Python\3.14.6\x64\Lib\queue.py", line 199 in get
  File "D:\a\yasb\yasb\venv\Lib\site-packages\watchdog\observers\api.py", line 379 in dispatch_events
  File "D:\a\yasb\yasb\venv\Lib\site-packages\watchdog\observers\api.py", line 213 in run
  File "C:\hostedtoolcache\windows\Python\3.14.6\x64\Lib\threading.py", line 1082 in _bootstrap_inner
  File "C:\hostedtoolcache\windows\Python\3.14.6\x64\Lib\threading.py", line 1044 in _bootstrap

Thread 0x00003bdc [Thread-14] (most recent call first):
  File "D:\a\yasb\yasb\venv\Lib\site-packages\watchdog\observers\winapi.py", line 326 in read_directory_changes
  File "D:\a\yasb\yasb\venv\Lib\site-packages\watchdog\observers\winapi.py", line 380 in read_events
  File "D:\a\yasb\yasb\venv\Lib\site-packages\watchdog\observers\read_directory_changes.py", line 67 in _read_events
  File "D:\a\yasb\yasb\venv\Lib\site-packages\watchdog\observers\read_directory_changes.py", line 70 in queue_events
  File "D:\a\yasb\yasb\venv\Lib\site-packages\watchdog\observers\api.py", line 158 in run
  File "C:\hostedtoolcache\windows\Python\3.14.6\x64\Lib\threading.py", line 1082 in _bootstrap_inner
  File "C:\hostedtoolcache\windows\Python\3.14.6\x64\Lib\threading.py", line 1044 in _bootstrap

Thread 0x00005864 [SystemEventListener] (most recent call first):
  File "D:\a\yasb\yasb\src\core\utils\win32\event_listener.py", line 69 in run

Thread 0x00002890 [HotkeyListener] (most recent call first):
  File "D:\a\yasb\yasb\src\core\utils\win32\hotkeys.py", line 252 in run

Thread 0x00004558 [MemoryWorker] (most recent call first):
  File "D:\a\yasb\yasb\src\core\widgets\services\memory\memory_api.py", line 244 in run

Thread 0x00003b0c [CpuWorker] (most recent call first):
  File "D:\a\yasb\yasb\src\core\widgets\services\cpu\cpu_api.py", line 340 in run

Thread 0x0000224c [SystrayHook] (most recent call first):
  File "D:\a\yasb\yasb\src\core\widgets\services\systray\systray_hook.py", line 247 in run
  File "D:\a\yasb\yasb\src\core\widgets\yasb\systray.py", line 79 in run

Thread 0x00003058 [WiFiWorker] (most recent call first):
  File "D:\a\yasb\yasb\src\core\widgets\services\wifi\wifi_managers.py", line 151 in run

Thread 0x00004628 [Thread-6 (process_audio)] (most recent call first):
  File "D:\a\yasb\yasb\src\core\widgets\yasb\cava.py", line 586 in process_audio
  File "C:\hostedtoolcache\windows\Python\3.14.6\x64\Lib\threading.py", line 1024 in run
  File "C:\hostedtoolcache\windows\Python\3.14.6\x64\Lib\threading.py", line 1082 in _bootstrap_inner
  File "C:\hostedtoolcache\windows\Python\3.14.6\x64\Lib\threading.py", line 1044 in _bootstrap

Thread 0x000028ac [QueryWorker] (most recent call first):
  File "D:\a\yasb\yasb\src\core\widgets\services\quick_launch\workers.py", line 61 in run

Thread 0x00005b08 [_EventWorker] (most recent call first):
  File "D:\a\yasb\yasb\venv\Lib\site-packages\qasync\_windows.py", line 147 in _poll
  File "D:\a\yasb\yasb\venv\Lib\site-packages\qasync\_windows.py", line 72 in select
  File "D:\a\yasb\yasb\venv\Lib\site-packages\qasync\_windows.py", line 199 in run

Thread 0x00004570 [LogPipeServer] (most recent call first):
  File "D:\a\yasb\yasb\src\core\utils\win32\bindings\kernel32.py", line 288 in ConnectNamedPipe
  File "D:\a\yasb\yasb\src\core\utils\cli_server.py", line 138 in _run_server
  File "C:\hostedtoolcache\windows\Python\3.14.6\x64\Lib\threading.py", line 1024 in run
  File "C:\hostedtoolcache\windows\Python\3.14.6\x64\Lib\threading.py", line 1082 in _bootstrap_inner
  File "C:\hostedtoolcache\windows\Python\3.14.6\x64\Lib\threading.py", line 1044 in _bootstrap

Thread 0x00000e24 [CLIPipeServer] (most recent call first):
  File "D:\a\yasb\yasb\src\core\utils\win32\bindings\kernel32.py", line 288 in ConnectNamedPipe
  File "D:\a\yasb\yasb\src\core\utils\cli_server.py", line 235 in _run_server
  File "C:\hostedtoolcache\windows\Python\3.14.6\x64\Lib\threading.py", line 1024 in run
  File "C:\hostedtoolcache\windows\Python\3.14.6\x64\Lib\threading.py", line 1082 in _bootstrap_inner
  File "C:\hostedtoolcache\windows\Python\3.14.6\x64\Lib\threading.py", line 1044 in _bootstrap

Thread 0x00001870 (most recent call first):
  File "D:\a\yasb\yasb\venv\Lib\site-packages\qasync\__init__.py", line 404 in run_forever
  File "D:\a\yasb\yasb\venv\Lib\site-packages\qasync\__init__.py", line 428 in run_until_complete
  File "main.py", line 100 in main
  File "main.py", line 203 in <module>
  File "D:\a\yasb\yasb\venv\Lib\site-packages\freeze_core\initscripts\console.py", line 27 in run
  File "D:\a\yasb\yasb\venv\Lib\site-packages\freeze_core\initscripts\__startup__.py", line 137 in run

Current thread's C stack trace (most recent call first):
  <cannot get C stack on this system>
Windows fatal exception: code 0x8007072c

Thread 0x00002bec [IconResolverWorker] (most recent call first):
  File "D:\a\yasb\yasb\src\core\utils\win32\aumid_icons.py", line 122 in get_icon_for_aumid
  File "D:\a\yasb\yasb\src\core\utils\win32\icon_extractor.py", line 330 in extract_shell_appid_icon
  File "D:\a\yasb\yasb\src\core\widgets\services\quick_launch\icon_resolver.py", line 66 in _resolve_icon
  File "D:\a\yasb\yasb\src\core\widgets\services\quick_launch\icon_resolver.py", line 52 in run

Thread 0x00005bbc [asyncio_0] (most recent call first):
  File "C:\hostedtoolcache\windows\Python\3.14.6\x64\Lib\threading.py", line 373 in wait
  File "C:\hostedtoolcache\windows\Python\3.14.6\x64\Lib\threading.py", line 670 in wait
  File "C:\hostedtoolcache\windows\Python\3.14.6\x64\Lib\concurrent\futures\thread.py", line 73 in run
  File "C:\hostedtoolcache\windows\Python\3.14.6\x64\Lib\concurrent\futures\thread.py", line 86 in run
  File "C:\hostedtoolcache\windows\Python\3.14.6\x64\Lib\concurrent\futures\thread.py", line 119 in _worker
  File "C:\hostedtoolcache\windows\Python\3.14.6\x64\Lib\threading.py", line 1024 in run
  File "C:\hostedtoolcache\windows\Python\3.14.6\x64\Lib\threading.py", line 1082 in _bootstrap_inner
  File "C:\hostedtoolcache\windows\Python\3.14.6\x64\Lib\threading.py", line 1044 in _bootstrap

Thread 0x00001230 [WindowsNotificationEventListener] (most recent call first):
  File "C:\hostedtoolcache\windows\Python\3.14.6\x64\Lib\asyncio\windows_events.py", line 778 in _poll
  File "C:\hostedtoolcache\windows\Python\3.14.6\x64\Lib\asyncio\windows_events.py", line 446 in select
  File "C:\hostedtoolcache\windows\Python\3.14.6\x64\Lib\asyncio\base_events.py", line 2018 in _run_once
  File "C:\hostedtoolcache\windows\Python\3.14.6\x64\Lib\asyncio\base_events.py", line 677 in run_forever
  File "C:\hostedtoolcache\windows\Python\3.14.6\x64\Lib\asyncio\base_events.py", line 706 in run_until_complete
  File "D:\a\yasb\yasb\src\core\widgets\services\notifications\windows_notification.py", line 101 in run

Thread 0x0000342c [KomorebiEventListener] (most recent call first):
  File "C:\hostedtoolcache\windows\Python\3.14.6\x64\Lib\threading.py", line 373 in wait
  File "C:\hostedtoolcache\windows\Python\3.14.6\x64\Lib\threading.py", line 670 in wait
  File "D:\a\yasb\yasb\src\core\widgets\services\komorebi\event_listener.py", line 75 in run

Thread 0x00001540 [Thread-12] (most recent call first):
  File "C:\hostedtoolcache\windows\Python\3.14.6\x64\Lib\threading.py", line 369 in wait
  File "C:\hostedtoolcache\windows\Python\3.14.6\x64\Lib\queue.py", line 199 in get
  File "D:\a\yasb\yasb\venv\Lib\site-packages\watchdog\observers\api.py", line 379 in dispatch_events
  File "D:\a\yasb\yasb\venv\Lib\site-packages\watchdog\observers\api.py", line 213 in run
  File "C:\hostedtoolcache\windows\Python\3.14.6\x64\Lib\threading.py", line 1082 in _bootstrap_inner
  File "C:\hostedtoolcache\windows\Python\3.14.6\x64\Lib\threading.py", line 1044 in _bootstrap

Thread 0x00003bdc [Thread-14] (most recent call first):
  File "D:\a\yasb\yasb\venv\Lib\site-packages\watchdog\observers\winapi.py", line 326 in read_directory_changes
  File "D:\a\yasb\yasb\venv\Lib\site-packages\watchdog\observers\winapi.py", line 380 in read_events
  File "D:\a\yasb\yasb\venv\Lib\site-packages\watchdog\observers\read_directory_changes.py", line 67 in _read_events
  File "D:\a\yasb\yasb\venv\Lib\site-packages\watchdog\observers\read_directory_changes.py", line 70 in queue_events
  File "D:\a\yasb\yasb\venv\Lib\site-packages\watchdog\observers\api.py", line 158 in run
  File "C:\hostedtoolcache\windows\Python\3.14.6\x64\Lib\threading.py", line 1082 in _bootstrap_inner
  File "C:\hostedtoolcache\windows\Python\3.14.6\x64\Lib\threading.py", line 1044 in _bootstrap

Thread 0x00005864 [SystemEventListener] (most recent call first):
  File "D:\a\yasb\yasb\src\core\utils\win32\event_listener.py", line 69 in run

Thread 0x00002890 [HotkeyListener] (most recent call first):
  File "D:\a\yasb\yasb\src\core\utils\win32\hotkeys.py", line 252 in run

Thread 0x00004558 [MemoryWorker] (most recent call first):
  File "D:\a\yasb\yasb\src\core\widgets\services\memory\memory_api.py", line 244 in run

Thread 0x00003b0c [CpuWorker] (most recent call first):
  File "D:\a\yasb\yasb\src\core\widgets\services\cpu\cpu_api.py", line 340 in run

Thread 0x0000224c [SystrayHook] (most recent call first):
  File "D:\a\yasb\yasb\src\core\widgets\services\systray\systray_hook.py", line 247 in run
  File "D:\a\yasb\yasb\src\core\widgets\yasb\systray.py", line 79 in run

Thread 0x00003058 [WiFiWorker] (most recent call first):
  File "D:\a\yasb\yasb\src\core\widgets\services\wifi\wifi_managers.py", line 151 in run

Thread 0x00004628 [Thread-6 (process_audio)] (most recent call first):
  File "D:\a\yasb\yasb\src\core\widgets\yasb\cava.py", line 586 in process_audio
  File "C:\hostedtoolcache\windows\Python\3.14.6\x64\Lib\threading.py", line 1024 in run
  File "C:\hostedtoolcache\windows\Python\3.14.6\x64\Lib\threading.py", line 1082 in _bootstrap_inner
  File "C:\hostedtoolcache\windows\Python\3.14.6\x64\Lib\threading.py", line 1044 in _bootstrap

Thread 0x000028ac [QueryWorker] (most recent call first):
  File "D:\a\yasb\yasb\src\core\widgets\services\quick_launch\workers.py", line 61 in run

Thread 0x00005b08 [_EventWorker] (most recent call first):
  File "D:\a\yasb\yasb\venv\Lib\site-packages\qasync\_windows.py", line 147 in _poll
  File "D:\a\yasb\yasb\venv\Lib\site-packages\qasync\_windows.py", line 72 in select
  File "D:\a\yasb\yasb\venv\Lib\site-packages\qasync\_windows.py", line 199 in run

Thread 0x00004570 [LogPipeServer] (most recent call first):
  File "D:\a\yasb\yasb\src\core\utils\win32\bindings\kernel32.py", line 288 in ConnectNamedPipe
  File "D:\a\yasb\yasb\src\core\utils\cli_server.py", line 138 in _run_server
  File "C:\hostedtoolcache\windows\Python\3.14.6\x64\Lib\threading.py", line 1024 in run
  File "C:\hostedtoolcache\windows\Python\3.14.6\x64\Lib\threading.py", line 1082 in _bootstrap_inner
  File "C:\hostedtoolcache\windows\Python\3.14.6\x64\Lib\threading.py", line 1044 in _bootstrap

Thread 0x00000e24 [CLIPipeServer] (most recent call first):
  File "D:\a\yasb\yasb\src\core\utils\win32\bindings\kernel32.py", line 288 in ConnectNamedPipe
  File "D:\a\yasb\yasb\src\core\utils\cli_server.py", line 235 in _run_server
  File "C:\hostedtoolcache\windows\Python\3.14.6\x64\Lib\threading.py", line 1024 in run
  File "C:\hostedtoolcache\windows\Python\3.14.6\x64\Lib\threading.py", line 1082 in _bootstrap_inner
  File "C:\hostedtoolcache\windows\Python\3.14.6\x64\Lib\threading.py", line 1044 in _bootstrap

Thread 0x00001870 (most recent call first):
  File "D:\a\yasb\yasb\venv\Lib\site-packages\qasync\__init__.py", line 404 in run_forever
  File "D:\a\yasb\yasb\venv\Lib\site-packages\qasync\__init__.py", line 428 in run_until_complete
  File "main.py", line 100 in main
  File "main.py", line 203 in <module>
  File "D:\a\yasb\yasb\venv\Lib\site-packages\freeze_core\initscripts\console.py", line 27 in run
  File "D:\a\yasb\yasb\venv\Lib\site-packages\freeze_core\initscripts\__startup__.py", line 137 in run

Current thread's C stack trace (most recent call first):
  <cannot get C stack on this system>
Windows fatal exception: code 0x8007072c

Thread 0x00002bec [IconResolverWorker] (most recent call first):
  File "D:\a\yasb\yasb\src\core\utils\win32\aumid_icons.py", line 122 in get_icon_for_aumid
  File "D:\a\yasb\yasb\src\core\utils\win32\icon_extractor.py", line 330 in extract_shell_appid_icon
  File "D:\a\yasb\yasb\src\core\widgets\services\quick_launch\icon_resolver.py", line 66 in _resolve_icon
  File "D:\a\yasb\yasb\src\core\widgets\services\quick_launch\icon_resolver.py", line 52 in run

Thread 0x00005bbc [asyncio_0] (most recent call first):
  File "C:\hostedtoolcache\windows\Python\3.14.6\x64\Lib\threading.py", line 373 in wait
  File "C:\hostedtoolcache\windows\Python\3.14.6\x64\Lib\threading.py", line 670 in wait
  File "C:\hostedtoolcache\windows\Python\3.14.6\x64\Lib\concurrent\futures\thread.py", line 73 in run
  File "C:\hostedtoolcache\windows\Python\3.14.6\x64\Lib\concurrent\futures\thread.py", line 86 in run
  File "C:\hostedtoolcache\windows\Python\3.14.6\x64\Lib\concurrent\futures\thread.py", line 119 in _worker
  File "C:\hostedtoolcache\windows\Python\3.14.6\x64\Lib\threading.py", line 1024 in run
  File "C:\hostedtoolcache\windows\Python\3.14.6\x64\Lib\threading.py", line 1082 in _bootstrap_inner
  File "C:\hostedtoolcache\windows\Python\3.14.6\x64\Lib\threading.py", line 1044 in _bootstrap

Thread 0x00001230 [WindowsNotificationEventListener] (most recent call first):
  File "C:\hostedtoolcache\windows\Python\3.14.6\x64\Lib\asyncio\windows_events.py", line 778 in _poll
  File "C:\hostedtoolcache\windows\Python\3.14.6\x64\Lib\asyncio\windows_events.py", line 446 in select
  File "C:\hostedtoolcache\windows\Python\3.14.6\x64\Lib\asyncio\base_events.py", line 2018 in _run_once
  File "C:\hostedtoolcache\windows\Python\3.14.6\x64\Lib\asyncio\base_events.py", line 677 in run_forever
  File "C:\hostedtoolcache\windows\Python\3.14.6\x64\Lib\asyncio\base_events.py", line 706 in run_until_complete
  File "D:\a\yasb\yasb\src\core\widgets\services\notifications\windows_notification.py", line 101 in run

Thread 0x0000342c [KomorebiEventListener] (most recent call first):
  File "C:\hostedtoolcache\windows\Python\3.14.6\x64\Lib\threading.py", line 373 in wait
  File "C:\hostedtoolcache\windows\Python\3.14.6\x64\Lib\threading.py", line 670 in wait
  File "D:\a\yasb\yasb\src\core\widgets\services\komorebi\event_listener.py", line 75 in run

Thread 0x00001540 [Thread-12] (most recent call first):
  File "C:\hostedtoolcache\windows\Python\3.14.6\x64\Lib\threading.py", line 369 in wait
  File "C:\hostedtoolcache\windows\Python\3.14.6\x64\Lib\queue.py", line 199 in get
  File "D:\a\yasb\yasb\venv\Lib\site-packages\watchdog\observers\api.py", line 379 in dispatch_events
  File "D:\a\yasb\yasb\venv\Lib\site-packages\watchdog\observers\api.py", line 213 in run
  File "C:\hostedtoolcache\windows\Python\3.14.6\x64\Lib\threading.py", line 1082 in _bootstrap_inner
  File "C:\hostedtoolcache\windows\Python\3.14.6\x64\Lib\threading.py", line 1044 in _bootstrap

Thread 0x00003bdc [Thread-14] (most recent call first):
  File "D:\a\yasb\yasb\venv\Lib\site-packages\watchdog\observers\winapi.py", line 326 in read_directory_changes
  File "D:\a\yasb\yasb\venv\Lib\site-packages\watchdog\observers\winapi.py", line 380 in read_events
  File "D:\a\yasb\yasb\venv\Lib\site-packages\watchdog\observers\read_directory_changes.py", line 67 in _read_events
  File "D:\a\yasb\yasb\venv\Lib\site-packages\watchdog\observers\read_directory_changes.py", line 70 in queue_events
  File "D:\a\yasb\yasb\venv\Lib\site-packages\watchdog\observers\api.py", line 158 in run
  File "C:\hostedtoolcache\windows\Python\3.14.6\x64\Lib\threading.py", line 1082 in _bootstrap_inner
  File "C:\hostedtoolcache\windows\Python\3.14.6\x64\Lib\threading.py", line 1044 in _bootstrap

Thread 0x00005864 [SystemEventListener] (most recent call first):
  File "D:\a\yasb\yasb\src\core\utils\win32\event_listener.py", line 69 in run

Thread 0x00002890 [HotkeyListener] (most recent call first):
  File "D:\a\yasb\yasb\src\core\utils\win32\hotkeys.py", line 252 in run

Thread 0x00004558 [MemoryWorker] (most recent call first):
  File "D:\a\yasb\yasb\src\core\widgets\services\memory\memory_api.py", line 244 in run

Thread 0x00003b0c [CpuWorker] (most recent call first):
  File "D:\a\yasb\yasb\src\core\widgets\services\cpu\cpu_api.py", line 340 in run

Thread 0x0000224c [SystrayHook] (most recent call first):
  File "D:\a\yasb\yasb\src\core\widgets\services\systray\systray_hook.py", line 247 in run
  File "D:\a\yasb\yasb\src\core\widgets\yasb\systray.py", line 79 in run

Thread 0x00003058 [WiFiWorker] (most recent call first):
  File "D:\a\yasb\yasb\src\core\widgets\services\wifi\wifi_managers.py", line 151 in run

Thread 0x00004628 [Thread-6 (process_audio)] (most recent call first):
  File "D:\a\yasb\yasb\src\core\widgets\yasb\cava.py", line 586 in process_audio
  File "C:\hostedtoolcache\windows\Python\3.14.6\x64\Lib\threading.py", line 1024 in run
  File "C:\hostedtoolcache\windows\Python\3.14.6\x64\Lib\threading.py", line 1082 in _bootstrap_inner
  File "C:\hostedtoolcache\windows\Python\3.14.6\x64\Lib\threading.py", line 1044 in _bootstrap

Thread 0x000028ac [QueryWorker] (most recent call first):
  File "D:\a\yasb\yasb\src\core\widgets\services\quick_launch\workers.py", line 61 in run

Thread 0x00005b08 [_EventWorker] (most recent call first):
  File "D:\a\yasb\yasb\venv\Lib\site-packages\qasync\_windows.py", line 147 in _poll
  File "D:\a\yasb\yasb\venv\Lib\site-packages\qasync\_windows.py", line 72 in select
  File "D:\a\yasb\yasb\venv\Lib\site-packages\qasync\_windows.py", line 199 in run

Thread 0x00004570 [LogPipeServer] (most recent call first):
  File "D:\a\yasb\yasb\src\core\utils\win32\bindings\kernel32.py", line 288 in ConnectNamedPipe
  File "D:\a\yasb\yasb\src\core\utils\cli_server.py", line 138 in _run_server
  File "C:\hostedtoolcache\windows\Python\3.14.6\x64\Lib\threading.py", line 1024 in run
  File "C:\hostedtoolcache\windows\Python\3.14.6\x64\Lib\threading.py", line 1082 in _bootstrap_inner
  File "C:\hostedtoolcache\windows\Python\3.14.6\x64\Lib\threading.py", line 1044 in _bootstrap

Thread 0x00000e24 [CLIPipeServer] (most recent call first):
  File "D:\a\yasb\yasb\src\core\utils\win32\bindings\kernel32.py", line 288 in ConnectNamedPipe
  File "D:\a\yasb\yasb\src\core\utils\cli_server.py", line 235 in _run_server
  File "C:\hostedtoolcache\windows\Python\3.14.6\x64\Lib\threading.py", line 1024 in run
  File "C:\hostedtoolcache\windows\Python\3.14.6\x64\Lib\threading.py", line 1082 in _bootstrap_inner
  File "C:\hostedtoolcache\windows\Python\3.14.6\x64\Lib\threading.py", line 1044 in _bootstrap

Thread 0x00001870 (most recent call first):
  File "D:\a\yasb\yasb\venv\Lib\site-packages\qasync\__init__.py", line 404 in run_forever
  File "D:\a\yasb\yasb\venv\Lib\site-packages\qasync\__init__.py", line 428 in run_until_complete
  File "main.py", line 100 in main
  File "main.py", line 203 in <module>
  File "D:\a\yasb\yasb\venv\Lib\site-packages\freeze_core\initscripts\console.py", line 27 in run
  File "D:\a\yasb\yasb\venv\Lib\site-packages\freeze_core\initscripts\__startup__.py", line 137 in run

Current thread's C stack trace (most recent call first):
  <cannot get C stack on this system>
Windows fatal exception: code 0x8007072c

Thread 0x00002bec [IconResolverWorker] (most recent call first):
  File "D:\a\yasb\yasb\src\core\utils\win32\aumid_icons.py", line 122 in get_icon_for_aumid
  File "D:\a\yasb\yasb\src\core\utils\win32\icon_extractor.py", line 330 in extract_shell_appid_icon
  File "D:\a\yasb\yasb\src\core\widgets\services\quick_launch\icon_resolver.py", line 66 in _resolve_icon
  File "D:\a\yasb\yasb\src\core\widgets\services\quick_launch\icon_resolver.py", line 52 in run

Thread 0x00005bbc [asyncio_0] (most recent call first):
  File "C:\hostedtoolcache\windows\Python\3.14.6\x64\Lib\threading.py", line 373 in wait
  File "C:\hostedtoolcache\windows\Python\3.14.6\x64\Lib\threading.py", line 670 in wait
  File "C:\hostedtoolcache\windows\Python\3.14.6\x64\Lib\concurrent\futures\thread.py", line 73 in run
  File "C:\hostedtoolcache\windows\Python\3.14.6\x64\Lib\concurrent\futures\thread.py", line 86 in run
  File "C:\hostedtoolcache\windows\Python\3.14.6\x64\Lib\concurrent\futures\thread.py", line 119 in _worker
  File "C:\hostedtoolcache\windows\Python\3.14.6\x64\Lib\threading.py", line 1024 in run
  File "C:\hostedtoolcache\windows\Python\3.14.6\x64\Lib\threading.py", line 1082 in _bootstrap_inner
  File "C:\hostedtoolcache\windows\Python\3.14.6\x64\Lib\threading.py", line 1044 in _bootstrap

Thread 0x00001230 [WindowsNotificationEventListener] (most recent call first):
  File "C:\hostedtoolcache\windows\Python\3.14.6\x64\Lib\asyncio\windows_events.py", line 778 in _poll
  File "C:\hostedtoolcache\windows\Python\3.14.6\x64\Lib\asyncio\windows_events.py", line 446 in select
  File "C:\hostedtoolcache\windows\Python\3.14.6\x64\Lib\asyncio\base_events.py", line 2018 in _run_once
  File "C:\hostedtoolcache\windows\Python\3.14.6\x64\Lib\asyncio\base_events.py", line 677 in run_forever
  File "C:\hostedtoolcache\windows\Python\3.14.6\x64\Lib\asyncio\base_events.py", line 706 in run_until_complete
  File "D:\a\yasb\yasb\src\core\widgets\services\notifications\windows_notification.py", line 101 in run

Thread 0x0000342c [KomorebiEventListener] (most recent call first):
  File "C:\hostedtoolcache\windows\Python\3.14.6\x64\Lib\threading.py", line 373 in wait
  File "C:\hostedtoolcache\windows\Python\3.14.6\x64\Lib\threading.py", line 670 in wait
  File "D:\a\yasb\yasb\src\core\widgets\services\komorebi\event_listener.py", line 75 in run

Thread 0x00001540 [Thread-12] (most recent call first):
  File "C:\hostedtoolcache\windows\Python\3.14.6\x64\Lib\threading.py", line 369 in wait
  File "C:\hostedtoolcache\windows\Python\3.14.6\x64\Lib\queue.py", line 199 in get
  File "D:\a\yasb\yasb\venv\Lib\site-packages\watchdog\observers\api.py", line 379 in dispatch_events
  File "D:\a\yasb\yasb\venv\Lib\site-packages\watchdog\observers\api.py", line 213 in run
  File "C:\hostedtoolcache\windows\Python\3.14.6\x64\Lib\threading.py", line 1082 in _bootstrap_inner
  File "C:\hostedtoolcache\windows\Python\3.14.6\x64\Lib\threading.py", line 1044 in _bootstrap

Thread 0x00003bdc [Thread-14] (most recent call first):
  File "D:\a\yasb\yasb\venv\Lib\site-packages\watchdog\observers\winapi.py", line 326 in read_directory_changes
  File "D:\a\yasb\yasb\venv\Lib\site-packages\watchdog\observers\winapi.py", line 380 in read_events
  File "D:\a\yasb\yasb\venv\Lib\site-packages\watchdog\observers\read_directory_changes.py", line 67 in _read_events
  File "D:\a\yasb\yasb\venv\Lib\site-packages\watchdog\observers\read_directory_changes.py", line 70 in queue_events
  File "D:\a\yasb\yasb\venv\Lib\site-packages\watchdog\observers\api.py", line 158 in run
  File "C:\hostedtoolcache\windows\Python\3.14.6\x64\Lib\threading.py", line 1082 in _bootstrap_inner
  File "C:\hostedtoolcache\windows\Python\3.14.6\x64\Lib\threading.py", line 1044 in _bootstrap

Thread 0x00005864 [SystemEventListener] (most recent call first):
  File "D:\a\yasb\yasb\src\core\utils\win32\event_listener.py", line 69 in run

Thread 0x00002890 [HotkeyListener] (most recent call first):
  File "D:\a\yasb\yasb\src\core\utils\win32\hotkeys.py", line 252 in run

Thread 0x00004558 [MemoryWorker] (most recent call first):
  File "D:\a\yasb\yasb\src\core\widgets\services\memory\memory_api.py", line 244 in run

Thread 0x00003b0c [CpuWorker] (most recent call first):
  File "D:\a\yasb\yasb\src\core\widgets\services\cpu\cpu_api.py", line 340 in run

Thread 0x0000224c [SystrayHook] (most recent call first):
  File "D:\a\yasb\yasb\src\core\widgets\services\systray\systray_hook.py", line 247 in run
  File "D:\a\yasb\yasb\src\core\widgets\yasb\systray.py", line 79 in run

Thread 0x00003058 [WiFiWorker] (most recent call first):
  File "D:\a\yasb\yasb\src\core\widgets\services\wifi\wifi_managers.py", line 151 in run

Thread 0x00004628 [Thread-6 (process_audio)] (most recent call first):
  File "D:\a\yasb\yasb\src\core\widgets\yasb\cava.py", line 586 in process_audio
  File "C:\hostedtoolcache\windows\Python\3.14.6\x64\Lib\threading.py", line 1024 in run
  File "C:\hostedtoolcache\windows\Python\3.14.6\x64\Lib\threading.py", line 1082 in _bootstrap_inner
  File "C:\hostedtoolcache\windows\Python\3.14.6\x64\Lib\threading.py", line 1044 in _bootstrap

Thread 0x000028ac [QueryWorker] (most recent call first):
  File "D:\a\yasb\yasb\src\core\widgets\services\quick_launch\workers.py", line 61 in run

Thread 0x00005b08 [_EventWorker] (most recent call first):
  File "D:\a\yasb\yasb\venv\Lib\site-packages\qasync\_windows.py", line 147 in _poll
  File "D:\a\yasb\yasb\venv\Lib\site-packages\qasync\_windows.py", line 72 in select
  File "D:\a\yasb\yasb\venv\Lib\site-packages\qasync\_windows.py", line 199 in run

Thread 0x00004570 [LogPipeServer] (most recent call first):
  File "D:\a\yasb\yasb\src\core\utils\win32\bindings\kernel32.py", line 288 in ConnectNamedPipe
  File "D:\a\yasb\yasb\src\core\utils\cli_server.py", line 138 in _run_server
  File "C:\hostedtoolcache\windows\Python\3.14.6\x64\Lib\threading.py", line 1024 in run
  File "C:\hostedtoolcache\windows\Python\3.14.6\x64\Lib\threading.py", line 1082 in _bootstrap_inner
  File "C:\hostedtoolcache\windows\Python\3.14.6\x64\Lib\threading.py", line 1044 in _bootstrap

Thread 0x00000e24 [CLIPipeServer] (most recent call first):
  File "D:\a\yasb\yasb\src\core\utils\win32\bindings\kernel32.py", line 288 in ConnectNamedPipe
  File "D:\a\yasb\yasb\src\core\utils\cli_server.py", line 235 in _run_server
  File "C:\hostedtoolcache\windows\Python\3.14.6\x64\Lib\threading.py", line 1024 in run
  File "C:\hostedtoolcache\windows\Python\3.14.6\x64\Lib\threading.py", line 1082 in _bootstrap_inner
  File "C:\hostedtoolcache\windows\Python\3.14.6\x64\Lib\threading.py", line 1044 in _bootstrap

Thread 0x00001870 (most recent call first):
  File "D:\a\yasb\yasb\venv\Lib\site-packages\qasync\__init__.py", line 404 in run_forever
  File "D:\a\yasb\yasb\venv\Lib\site-packages\qasync\__init__.py", line 428 in run_until_complete
  File "main.py", line 100 in main
  File "main.py", line 203 in <module>
  File "D:\a\yasb\yasb\venv\Lib\site-packages\freeze_core\initscripts\console.py", line 27 in run
  File "D:\a\yasb\yasb\venv\Lib\site-packages\freeze_core\initscripts\__startup__.py", line 137 in run

Current thread's C stack trace (most recent call first):
  <cannot get C stack on this system>
2026-07-25 01:39:18,583 [INFO] [MainThread] [root/controller.py:21]: Reloading Application because of config change.
2026-07-25 01:39:18,685 [INFO] [MainThread] [cli_server/cli_server.py:114]: Log pipe server stopped
2026-07-25 01:39:18,696 [INFO] [MainThread] [root/bar_manager.py:93]: Successfully loaded updated config and re-initialised all bars.
2026-07-25 01:39:18,847 [INFO] [MainThread] [root/bar_manager.py:111]: Stopping HotkeyListener...
2026-07-25 01:39:18,852 [INFO] [MainThread] [root/bar_manager.py:119]: Stopping SystemEventListener...
2026-07-25 01:39:18,894 [INFO] [MainThread] [root/bar_manager.py:119]: Stopping KomorebiEventListener...
2026-07-25 01:39:18,898 [INFO] [MainThread] [root/bar_manager.py:119]: Stopping WindowsNotificationEventListener...
2026-07-25 01:39:19,212 [INFO] [MainThread] [root/log.py:104]: YASB v2.0.5
2026-07-25 01:39:19,212 [INFO] [CLIPipeServer] [cli_server/cli_server.py:216]: CLI server started v1.1.7
2026-07-25 01:39:19,213 [INFO] [MainThread] [cli_server/cli_server.py:106]: Log pipe server started
2026-07-25 01:39:19,994 [INFO] [MainThread] [root/api.py:62]: GitHubDataManager started...
2026-07-25 01:39:20,051 [INFO] [MainThread] [root/service.py:41]: AudioInputService starting...
2026-07-25 01:39:20,074 [INFO] [SystrayHook] [systray_hook/systray_hook.py:193]: Injecting into Explorer (PID: 10372)
2026-07-25 01:39:20,109 [INFO] [MainThread] [root/service.py:52]: AudioOutputService starting...
2026-07-25 01:39:20,459 [INFO] [MainThread] [root/bar_manager.py:229]: Starting HotkeyListener...
2026-07-25 01:39:20,460 [INFO] [MainThread] [root/bar_manager.py:103]: Starting SystemEventListener...
2026-07-25 01:39:20,460 [INFO] [MainThread] [root/bar_manager.py:103]: Starting WindowsNotificationEventListener...
2026-07-25 01:39:20,460 [INFO] [MainThread] [root/bar_manager.py:103]: Starting KomorebiEventListener...
2026-07-25 01:39:20,463 [INFO] [Dummy-14] [root/event_listener.py:54]: Created named pipe yasb-9a0571e3-8786-11f1-8934-a029424ab658
2026-07-25 01:39:20,463 [INFO] [MainThread] [root/watcher.py:65]: Watching directory: c:\users\bensondc\.config\yasb
2026-07-25 01:39:20,463 [INFO] [MainThread] [root/watcher.py:104]: Created file watcher
2026-07-25 01:39:20,487 [INFO] [MainThread] [root/update_service.py:434]: Background update checker started
2026-07-25 01:39:20,585 [INFO] [Dummy-14] [root/event_listener.py:147]: Komorebi connected to named pipe: yasb-9a0571e3-8786-11f1-8934-a029424ab658
2026-07-25 01:42:29,496 [INFO] [MainThread] [root/controller.py:21]: Reloading Application because of config change.
2026-07-25 01:42:29,598 [INFO] [MainThread] [cli_server/cli_server.py:114]: Log pipe server stopped
2026-07-25 01:42:29,610 [INFO] [MainThread] [root/bar_manager.py:93]: Successfully loaded updated config and re-initialised all bars.
2026-07-25 01:42:29,757 [INFO] [MainThread] [root/bar_manager.py:111]: Stopping HotkeyListener...
2026-07-25 01:42:29,761 [INFO] [MainThread] [root/bar_manager.py:119]: Stopping SystemEventListener...
2026-07-25 01:42:29,802 [INFO] [MainThread] [root/bar_manager.py:119]: Stopping WindowsNotificationEventListener...
2026-07-25 01:42:29,807 [INFO] [MainThread] [root/bar_manager.py:119]: Stopping KomorebiEventListener...
2026-07-25 01:42:30,114 [INFO] [MainThread] [root/log.py:104]: YASB v2.0.5
2026-07-25 01:42:30,114 [INFO] [CLIPipeServer] [cli_server/cli_server.py:216]: CLI server started v1.1.7
2026-07-25 01:42:30,114 [INFO] [MainThread] [cli_server/cli_server.py:106]: Log pipe server started
2026-07-25 01:42:30,878 [INFO] [MainThread] [root/api.py:62]: GitHubDataManager started...
2026-07-25 01:42:30,931 [INFO] [MainThread] [root/service.py:41]: AudioInputService starting...
2026-07-25 01:42:30,954 [INFO] [SystrayHook] [systray_hook/systray_hook.py:193]: Injecting into Explorer (PID: 10372)
2026-07-25 01:42:30,989 [INFO] [MainThread] [root/service.py:52]: AudioOutputService starting...
2026-07-25 01:42:31,316 [INFO] [MainThread] [root/bar_manager.py:229]: Starting HotkeyListener...
2026-07-25 01:42:31,316 [INFO] [MainThread] [root/bar_manager.py:103]: Starting KomorebiEventListener...
2026-07-25 01:42:31,317 [INFO] [MainThread] [root/bar_manager.py:103]: Starting SystemEventListener...
2026-07-25 01:42:31,317 [INFO] [MainThread] [root/bar_manager.py:103]: Starting WindowsNotificationEventListener...
2026-07-25 01:42:31,319 [INFO] [Dummy-13] [root/event_listener.py:54]: Created named pipe yasb-0bc7d3a7-8787-11f1-9133-a029424ab658
2026-07-25 01:42:31,320 [INFO] [MainThread] [root/watcher.py:65]: Watching directory: c:\users\bensondc\.config\yasb
2026-07-25 01:42:31,320 [INFO] [MainThread] [root/watcher.py:104]: Created file watcher
2026-07-25 01:42:31,347 [INFO] [MainThread] [root/update_service.py:434]: Background update checker started
2026-07-25 01:42:31,442 [INFO] [Dummy-13] [root/event_listener.py:147]: Komorebi connected to named pipe: yasb-0bc7d3a7-8787-11f1-9133-a029424ab658
2026-07-25 01:43:45,423 [INFO] [MainThread] [root/controller.py:21]: Reloading Application because of config change.
2026-07-25 01:43:45,524 [INFO] [MainThread] [cli_server/cli_server.py:114]: Log pipe server stopped
2026-07-25 01:43:45,535 [INFO] [MainThread] [root/bar_manager.py:93]: Successfully loaded updated config and re-initialised all bars.
2026-07-25 01:43:45,673 [INFO] [MainThread] [root/bar_manager.py:111]: Stopping HotkeyListener...
2026-07-25 01:43:45,676 [INFO] [MainThread] [root/bar_manager.py:119]: Stopping KomorebiEventListener...
2026-07-25 01:43:45,683 [INFO] [MainThread] [root/bar_manager.py:119]: Stopping SystemEventListener...
2026-07-25 01:43:45,713 [INFO] [MainThread] [root/bar_manager.py:119]: Stopping WindowsNotificationEventListener...
2026-07-25 01:43:46,020 [INFO] [MainThread] [root/log.py:104]: YASB v2.0.5
2026-07-25 01:43:46,020 [INFO] [CLIPipeServer] [cli_server/cli_server.py:216]: CLI server started v1.1.7
2026-07-25 01:43:46,021 [INFO] [MainThread] [cli_server/cli_server.py:106]: Log pipe server started
2026-07-25 01:43:46,793 [INFO] [MainThread] [root/api.py:62]: GitHubDataManager started...
2026-07-25 01:43:46,845 [INFO] [MainThread] [root/service.py:41]: AudioInputService starting...
2026-07-25 01:43:46,868 [INFO] [SystrayHook] [systray_hook/systray_hook.py:193]: Injecting into Explorer (PID: 10372)
2026-07-25 01:43:46,905 [INFO] [MainThread] [root/service.py:52]: AudioOutputService starting...
2026-07-25 01:43:47,186 [INFO] [MainThread] [root/bar_manager.py:229]: Starting HotkeyListener...
2026-07-25 01:43:47,186 [INFO] [MainThread] [root/bar_manager.py:103]: Starting KomorebiEventListener...
2026-07-25 01:43:47,187 [INFO] [MainThread] [root/bar_manager.py:103]: Starting SystemEventListener...
2026-07-25 01:43:47,188 [INFO] [MainThread] [root/bar_manager.py:103]: Starting WindowsNotificationEventListener...
2026-07-25 01:43:47,189 [INFO] [MainThread] [root/watcher.py:65]: Watching directory: c:\users\bensondc\.config\yasb
2026-07-25 01:43:47,190 [INFO] [MainThread] [root/watcher.py:104]: Created file watcher
2026-07-25 01:43:47,190 [INFO] [Dummy-15] [root/event_listener.py:54]: Created named pipe yasb-3900ad37-8787-11f1-9b4f-a029424ab658
2026-07-25 01:43:47,231 [INFO] [MainThread] [root/update_service.py:434]: Background update checker started
2026-07-25 01:43:47,321 [INFO] [Dummy-15] [root/event_listener.py:147]: Komorebi connected to named pipe: yasb-3900ad37-8787-11f1-9b4f-a029424ab658
2026-07-25 01:44:01,566 [INFO] [MainThread] [root/controller.py:21]: Reloading Application because of config change.
2026-07-25 01:44:01,678 [INFO] [MainThread] [cli_server/cli_server.py:114]: Log pipe server stopped
2026-07-25 01:44:01,688 [INFO] [MainThread] [root/bar_manager.py:93]: Successfully loaded updated config and re-initialised all bars.
2026-07-25 01:44:01,854 [INFO] [MainThread] [root/bar_manager.py:111]: Stopping HotkeyListener...
2026-07-25 01:44:01,860 [INFO] [MainThread] [root/bar_manager.py:119]: Stopping KomorebiEventListener...
2026-07-25 01:44:01,873 [INFO] [MainThread] [root/bar_manager.py:119]: Stopping SystemEventListener...
2026-07-25 01:44:01,902 [INFO] [MainThread] [root/bar_manager.py:119]: Stopping WindowsNotificationEventListener...
2026-07-25 01:44:02,184 [INFO] [MainThread] [root/log.py:104]: YASB v2.0.5
2026-07-25 01:44:02,184 [INFO] [CLIPipeServer] [cli_server/cli_server.py:216]: CLI server started v1.1.7
2026-07-25 01:44:02,185 [INFO] [MainThread] [cli_server/cli_server.py:106]: Log pipe server started
2026-07-25 01:44:02,945 [INFO] [MainThread] [root/api.py:62]: GitHubDataManager started...
2026-07-25 01:44:03,002 [INFO] [MainThread] [root/service.py:41]: AudioInputService starting...
2026-07-25 01:44:03,023 [INFO] [SystrayHook] [systray_hook/systray_hook.py:193]: Injecting into Explorer (PID: 10372)
2026-07-25 01:44:03,068 [INFO] [MainThread] [root/service.py:52]: AudioOutputService starting...
2026-07-25 01:44:03,357 [INFO] [MainThread] [root/bar_manager.py:229]: Starting HotkeyListener...
2026-07-25 01:44:03,358 [INFO] [MainThread] [root/bar_manager.py:103]: Starting SystemEventListener...
2026-07-25 01:44:03,359 [INFO] [MainThread] [root/bar_manager.py:103]: Starting KomorebiEventListener...
2026-07-25 01:44:03,360 [INFO] [MainThread] [root/bar_manager.py:103]: Starting WindowsNotificationEventListener...
2026-07-25 01:44:03,362 [INFO] [Dummy-14] [root/event_listener.py:54]: Created named pipe yasb-42a46451-8787-11f1-9be9-a029424ab658
2026-07-25 01:44:03,362 [INFO] [MainThread] [root/watcher.py:65]: Watching directory: c:\users\bensondc\.config\yasb
2026-07-25 01:44:03,363 [INFO] [MainThread] [root/watcher.py:104]: Created file watcher
2026-07-25 01:44:03,396 [INFO] [MainThread] [root/update_service.py:434]: Background update checker started
2026-07-25 01:44:03,477 [INFO] [Dummy-14] [root/event_listener.py:147]: Komorebi connected to named pipe: yasb-42a46451-8787-11f1-9be9-a029424ab658
2026-07-25 01:45:00,041 [INFO] [MainThread] [root/controller.py:21]: Reloading Application because of config change.
2026-07-25 01:45:00,146 [INFO] [MainThread] [cli_server/cli_server.py:114]: Log pipe server stopped
2026-07-25 01:45:00,159 [INFO] [MainThread] [root/bar_manager.py:93]: Successfully loaded updated config and re-initialised all bars.
2026-07-25 01:45:00,301 [INFO] [MainThread] [root/bar_manager.py:111]: Stopping HotkeyListener...
2026-07-25 01:45:00,306 [INFO] [MainThread] [root/bar_manager.py:119]: Stopping SystemEventListener...
2026-07-25 01:45:00,340 [INFO] [MainThread] [root/bar_manager.py:119]: Stopping KomorebiEventListener...
2026-07-25 01:45:00,346 [INFO] [MainThread] [root/bar_manager.py:119]: Stopping WindowsNotificationEventListener...
2026-07-25 01:45:00,639 [INFO] [MainThread] [root/log.py:104]: YASB v2.0.5
2026-07-25 01:45:00,639 [INFO] [CLIPipeServer] [cli_server/cli_server.py:216]: CLI server started v1.1.7
2026-07-25 01:45:00,640 [INFO] [MainThread] [cli_server/cli_server.py:106]: Log pipe server started
2026-07-25 01:45:01,419 [INFO] [MainThread] [root/api.py:62]: GitHubDataManager started...
2026-07-25 01:45:01,470 [INFO] [MainThread] [root/service.py:41]: AudioInputService starting...
2026-07-25 01:45:01,493 [INFO] [SystrayHook] [systray_hook/systray_hook.py:193]: Injecting into Explorer (PID: 10372)
2026-07-25 01:45:01,525 [INFO] [MainThread] [root/service.py:52]: AudioOutputService starting...
2026-07-25 01:45:01,814 [INFO] [MainThread] [root/bar_manager.py:229]: Starting HotkeyListener...
2026-07-25 01:45:01,815 [INFO] [MainThread] [root/bar_manager.py:103]: Starting SystemEventListener...
2026-07-25 01:45:01,815 [INFO] [MainThread] [root/bar_manager.py:103]: Starting KomorebiEventListener...
2026-07-25 01:45:01,815 [INFO] [MainThread] [root/bar_manager.py:103]: Starting WindowsNotificationEventListener...
2026-07-25 01:45:01,818 [INFO] [MainThread] [root/watcher.py:65]: Watching directory: c:\users\bensondc\.config\yasb
2026-07-25 01:45:01,818 [INFO] [MainThread] [root/watcher.py:104]: Created file watcher
2026-07-25 01:45:01,845 [INFO] [Dummy-15] [root/event_listener.py:54]: Created named pipe yasb-657c0949-8787-11f1-b68b-a029424ab658
2026-07-25 01:45:01,848 [INFO] [MainThread] [root/update_service.py:434]: Background update checker started
2026-07-25 01:45:01,984 [INFO] [Dummy-15] [root/event_listener.py:147]: Komorebi connected to named pipe: yasb-657c0949-8787-11f1-b68b-a029424ab658
2026-07-25 01:45:19,503 [INFO] [MainThread] [root/controller.py:21]: Reloading Application because of config change.
2026-07-25 01:45:19,605 [INFO] [MainThread] [cli_server/cli_server.py:114]: Log pipe server stopped
2026-07-25 01:45:19,619 [INFO] [MainThread] [root/bar_manager.py:93]: Successfully loaded updated config and re-initialised all bars.
2026-07-25 01:45:19,754 [INFO] [MainThread] [root/bar_manager.py:111]: Stopping HotkeyListener...
2026-07-25 01:45:19,758 [INFO] [MainThread] [root/bar_manager.py:119]: Stopping SystemEventListener...
2026-07-25 01:45:19,814 [INFO] [MainThread] [root/bar_manager.py:119]: Stopping KomorebiEventListener...
2026-07-25 01:45:19,817 [INFO] [MainThread] [root/bar_manager.py:119]: Stopping WindowsNotificationEventListener...
2026-07-25 01:45:20,112 [INFO] [MainThread] [root/log.py:104]: YASB v2.0.5
2026-07-25 01:45:20,113 [INFO] [CLIPipeServer] [cli_server/cli_server.py:216]: CLI server started v1.1.7
2026-07-25 01:45:20,113 [INFO] [MainThread] [cli_server/cli_server.py:106]: Log pipe server started
2026-07-25 01:45:20,832 [INFO] [MainThread] [root/api.py:62]: GitHubDataManager started...
2026-07-25 01:45:20,884 [INFO] [MainThread] [root/service.py:41]: AudioInputService starting...
2026-07-25 01:45:20,907 [INFO] [SystrayHook] [systray_hook/systray_hook.py:193]: Injecting into Explorer (PID: 10372)
2026-07-25 01:45:20,943 [INFO] [MainThread] [root/service.py:52]: AudioOutputService starting...
2026-07-25 01:45:21,219 [INFO] [MainThread] [root/bar_manager.py:229]: Starting HotkeyListener...
2026-07-25 01:45:21,219 [INFO] [MainThread] [root/bar_manager.py:103]: Starting WindowsNotificationEventListener...
2026-07-25 01:45:21,220 [INFO] [MainThread] [root/bar_manager.py:103]: Starting SystemEventListener...
2026-07-25 01:45:21,220 [INFO] [MainThread] [root/bar_manager.py:103]: Starting KomorebiEventListener...
2026-07-25 01:45:21,222 [INFO] [MainThread] [root/watcher.py:65]: Watching directory: c:\users\bensondc\.config\yasb
2026-07-25 01:45:21,222 [INFO] [MainThread] [root/watcher.py:104]: Created file watcher
2026-07-25 01:45:21,222 [INFO] [Dummy-15] [root/event_listener.py:54]: Created named pipe yasb-710cf15b-8787-11f1-929c-a029424ab658
2026-07-25 01:45:21,250 [INFO] [MainThread] [root/update_service.py:434]: Background update checker started
2026-07-25 01:45:21,348 [INFO] [Dummy-15] [root/event_listener.py:147]: Komorebi connected to named pipe: yasb-710cf15b-8787-11f1-929c-a029424ab658
2026-07-25 01:46:22,463 [INFO] [MainThread] [root/controller.py:21]: Reloading Application because of config change.
2026-07-25 01:46:22,566 [INFO] [MainThread] [cli_server/cli_server.py:114]: Log pipe server stopped
2026-07-25 01:46:22,580 [INFO] [MainThread] [root/bar_manager.py:93]: Successfully loaded updated config and re-initialised all bars.
2026-07-25 01:46:22,730 [INFO] [MainThread] [root/bar_manager.py:111]: Stopping HotkeyListener...
2026-07-25 01:46:22,737 [INFO] [MainThread] [root/bar_manager.py:119]: Stopping WindowsNotificationEventListener...
2026-07-25 01:46:22,740 [INFO] [MainThread] [root/bar_manager.py:119]: Stopping SystemEventListener...
2026-07-25 01:46:22,780 [INFO] [MainThread] [root/bar_manager.py:119]: Stopping KomorebiEventListener...
2026-07-25 01:46:23,078 [INFO] [MainThread] [root/log.py:104]: YASB v2.0.5
2026-07-25 01:46:23,079 [INFO] [CLIPipeServer] [cli_server/cli_server.py:216]: CLI server started v1.1.7
2026-07-25 01:46:23,079 [INFO] [MainThread] [cli_server/cli_server.py:106]: Log pipe server started
2026-07-25 01:46:23,955 [INFO] [MainThread] [root/api.py:62]: GitHubDataManager started...
2026-07-25 01:46:24,007 [INFO] [MainThread] [root/service.py:41]: AudioInputService starting...
2026-07-25 01:46:24,029 [INFO] [SystrayHook] [systray_hook/systray_hook.py:193]: Injecting into Explorer (PID: 10372)
2026-07-25 01:46:24,064 [INFO] [MainThread] [root/service.py:52]: AudioOutputService starting...
2026-07-25 01:46:24,207 [INFO] [MainThread] [root/bar_manager.py:229]: Starting HotkeyListener...
2026-07-25 01:46:24,207 [INFO] [MainThread] [root/bar_manager.py:103]: Starting SystemEventListener...
2026-07-25 01:46:24,207 [INFO] [MainThread] [root/bar_manager.py:103]: Starting WindowsNotificationEventListener...
2026-07-25 01:46:24,208 [INFO] [MainThread] [root/bar_manager.py:103]: Starting KomorebiEventListener...
2026-07-25 01:46:24,209 [INFO] [MainThread] [root/watcher.py:65]: Watching directory: c:\users\bensondc\.config\yasb
2026-07-25 01:46:24,209 [INFO] [MainThread] [root/watcher.py:104]: Created file watcher
2026-07-25 01:46:24,267 [INFO] [Dummy-14] [root/event_listener.py:54]: Created named pipe yasb-96981b76-8787-11f1-bdd2-a029424ab658
2026-07-25 01:46:24,277 [INFO] [MainThread] [root/update_service.py:434]: Background update checker started
2026-07-25 01:46:24,449 [INFO] [Dummy-14] [root/event_listener.py:147]: Komorebi connected to named pipe: yasb-96981b76-8787-11f1-bdd2-a029424ab658
2026-07-25 01:46:56,777 [INFO] [MainThread] [root/controller.py:21]: Reloading Application because of config change.
2026-07-25 01:46:56,893 [INFO] [MainThread] [cli_server/cli_server.py:114]: Log pipe server stopped
2026-07-25 01:46:56,902 [INFO] [MainThread] [root/bar_manager.py:93]: Successfully loaded updated config and re-initialised all bars.
2026-07-25 01:46:57,037 [INFO] [MainThread] [root/bar_manager.py:111]: Stopping HotkeyListener...
2026-07-25 01:46:57,041 [INFO] [MainThread] [root/bar_manager.py:119]: Stopping SystemEventListener...
2026-07-25 01:46:57,073 [INFO] [MainThread] [root/bar_manager.py:119]: Stopping WindowsNotificationEventListener...
2026-07-25 01:46:57,083 [INFO] [MainThread] [root/bar_manager.py:119]: Stopping KomorebiEventListener...
2026-07-25 01:46:57,386 [INFO] [MainThread] [root/log.py:104]: YASB v2.0.5
2026-07-25 01:46:57,387 [INFO] [CLIPipeServer] [cli_server/cli_server.py:216]: CLI server started v1.1.7
2026-07-25 01:46:57,387 [INFO] [MainThread] [cli_server/cli_server.py:106]: Log pipe server started
2026-07-25 01:46:58,309 [INFO] [MainThread] [root/api.py:62]: GitHubDataManager started...
2026-07-25 01:46:58,364 [INFO] [MainThread] [root/service.py:41]: AudioInputService starting...
2026-07-25 01:46:58,387 [INFO] [SystrayHook] [systray_hook/systray_hook.py:193]: Injecting into Explorer (PID: 10372)
2026-07-25 01:46:58,421 [INFO] [MainThread] [root/service.py:52]: AudioOutputService starting...
2026-07-25 01:46:58,645 [INFO] [MainThread] [root/bar_manager.py:229]: Starting HotkeyListener...
2026-07-25 01:46:58,646 [INFO] [MainThread] [root/bar_manager.py:103]: Starting KomorebiEventListener...
2026-07-25 01:46:58,647 [INFO] [MainThread] [root/bar_manager.py:103]: Starting WindowsNotificationEventListener...
2026-07-25 01:46:58,647 [INFO] [MainThread] [root/bar_manager.py:103]: Starting SystemEventListener...
2026-07-25 01:46:58,649 [INFO] [MainThread] [root/watcher.py:65]: Watching directory: c:\users\bensondc\.config\yasb
2026-07-25 01:46:58,649 [INFO] [MainThread] [root/watcher.py:104]: Created file watcher
2026-07-25 01:46:58,693 [INFO] [Dummy-15] [root/event_listener.py:54]: Created named pipe yasb-ab1f0c67-8787-11f1-88ea-a029424ab658
2026-07-25 01:46:58,694 [INFO] [MainThread] [root/update_service.py:434]: Background update checker started
2026-07-25 01:46:58,827 [INFO] [Dummy-15] [root/event_listener.py:147]: Komorebi connected to named pipe: yasb-ab1f0c67-8787-11f1-88ea-a029424ab658
2026-07-25 01:47:14,873 [INFO] [MainThread] [root/controller.py:21]: Reloading Application because of config change.
2026-07-25 01:47:14,978 [INFO] [MainThread] [cli_server/cli_server.py:114]: Log pipe server stopped
2026-07-25 01:47:14,988 [INFO] [MainThread] [root/bar_manager.py:93]: Successfully loaded updated config and re-initialised all bars.
2026-07-25 01:47:15,121 [INFO] [MainThread] [root/bar_manager.py:111]: Stopping HotkeyListener...
2026-07-25 01:47:15,126 [INFO] [MainThread] [root/bar_manager.py:119]: Stopping KomorebiEventListener...
2026-07-25 01:47:15,128 [INFO] [MainThread] [root/bar_manager.py:119]: Stopping WindowsNotificationEventListener...
2026-07-25 01:47:15,133 [INFO] [MainThread] [root/bar_manager.py:119]: Stopping SystemEventListener...
2026-07-25 01:47:15,482 [INFO] [MainThread] [root/log.py:104]: YASB v2.0.5
2026-07-25 01:47:15,482 [INFO] [CLIPipeServer] [cli_server/cli_server.py:216]: CLI server started v1.1.7
2026-07-25 01:47:15,483 [INFO] [MainThread] [cli_server/cli_server.py:106]: Log pipe server started
2026-07-25 01:47:16,221 [INFO] [MainThread] [root/api.py:62]: GitHubDataManager started...
2026-07-25 01:47:16,272 [INFO] [MainThread] [root/service.py:41]: AudioInputService starting...
2026-07-25 01:47:16,295 [INFO] [SystrayHook] [systray_hook/systray_hook.py:193]: Injecting into Explorer (PID: 10372)
2026-07-25 01:47:16,330 [INFO] [MainThread] [root/service.py:52]: AudioOutputService starting...
2026-07-25 01:47:16,627 [INFO] [MainThread] [root/bar_manager.py:229]: Starting HotkeyListener...
2026-07-25 01:47:16,628 [INFO] [MainThread] [root/bar_manager.py:103]: Starting KomorebiEventListener...
2026-07-25 01:47:16,629 [INFO] [MainThread] [root/bar_manager.py:103]: Starting SystemEventListener...
2026-07-25 01:47:16,629 [INFO] [MainThread] [root/bar_manager.py:103]: Starting WindowsNotificationEventListener...
2026-07-25 01:47:16,632 [INFO] [MainThread] [root/watcher.py:65]: Watching directory: c:\users\bensondc\.config\yasb
2026-07-25 01:47:16,633 [INFO] [MainThread] [root/watcher.py:104]: Created file watcher
2026-07-25 01:47:16,633 [INFO] [Dummy-15] [root/event_listener.py:54]: Created named pipe yasb-b5d6df81-8787-11f1-bcb3-a029424ab658
2026-07-25 01:47:16,684 [INFO] [MainThread] [root/update_service.py:434]: Background update checker started
2026-07-25 01:47:16,783 [INFO] [Dummy-15] [root/event_listener.py:147]: Komorebi connected to named pipe: yasb-b5d6df81-8787-11f1-bcb3-a029424ab658
2026-07-25 01:47:20,210 [INFO] [MainThread] [root/controller.py:21]: Reloading Application because of config change.
2026-07-25 01:47:20,315 [INFO] [MainThread] [cli_server/cli_server.py:114]: Log pipe server stopped
2026-07-25 01:47:20,331 [INFO] [MainThread] [root/bar_manager.py:93]: Successfully loaded updated config and re-initialised all bars.
2026-07-25 01:47:20,466 [INFO] [MainThread] [root/bar_manager.py:111]: Stopping HotkeyListener...
2026-07-25 01:47:20,469 [INFO] [MainThread] [root/bar_manager.py:119]: Stopping KomorebiEventListener...
2026-07-25 01:47:20,479 [INFO] [MainThread] [root/bar_manager.py:119]: Stopping SystemEventListener...
2026-07-25 01:47:20,516 [INFO] [MainThread] [root/bar_manager.py:119]: Stopping WindowsNotificationEventListener...
2026-07-25 01:47:20,831 [INFO] [MainThread] [root/log.py:104]: YASB v2.0.5
2026-07-25 01:47:20,832 [INFO] [CLIPipeServer] [cli_server/cli_server.py:216]: CLI server started v1.1.7
2026-07-25 01:47:20,832 [INFO] [MainThread] [cli_server/cli_server.py:106]: Log pipe server started
2026-07-25 01:47:21,613 [INFO] [MainThread] [root/api.py:62]: GitHubDataManager started...
2026-07-25 01:47:21,664 [INFO] [MainThread] [root/service.py:41]: AudioInputService starting...
2026-07-25 01:47:21,687 [INFO] [SystrayHook] [systray_hook/systray_hook.py:193]: Injecting into Explorer (PID: 10372)
2026-07-25 01:47:21,717 [INFO] [MainThread] [root/service.py:52]: AudioOutputService starting...
2026-07-25 01:47:21,913 [INFO] [MainThread] [root/bar_manager.py:229]: Starting HotkeyListener...
2026-07-25 01:47:21,913 [INFO] [MainThread] [root/bar_manager.py:103]: Starting SystemEventListener...
2026-07-25 01:47:21,914 [INFO] [MainThread] [root/bar_manager.py:103]: Starting WindowsNotificationEventListener...
2026-07-25 01:47:21,914 [INFO] [MainThread] [root/bar_manager.py:103]: Starting KomorebiEventListener...
2026-07-25 01:47:21,915 [INFO] [MainThread] [root/watcher.py:65]: Watching directory: c:\users\bensondc\.config\yasb
2026-07-25 01:47:21,916 [INFO] [MainThread] [root/watcher.py:104]: Created file watcher
2026-07-25 01:47:21,959 [INFO] [Dummy-15] [root/event_listener.py:54]: Created named pipe yasb-b8fd688c-8787-11f1-a6ec-a029424ab658
2026-07-25 01:47:21,979 [INFO] [MainThread] [root/update_service.py:434]: Background update checker started
2026-07-25 01:47:22,108 [INFO] [Dummy-15] [root/event_listener.py:147]: Komorebi connected to named pipe: yasb-b8fd688c-8787-11f1-a6ec-a029424ab658
2026-07-25 01:47:25,415 [INFO] [MainThread] [root/controller.py:21]: Reloading Application because of config change.
2026-07-25 01:47:25,522 [INFO] [MainThread] [cli_server/cli_server.py:114]: Log pipe server stopped
2026-07-25 01:47:25,533 [INFO] [MainThread] [root/bar_manager.py:93]: Successfully loaded updated config and re-initialised all bars.
2026-07-25 01:47:25,677 [INFO] [MainThread] [root/bar_manager.py:111]: Stopping HotkeyListener...
2026-07-25 01:47:25,683 [INFO] [MainThread] [root/bar_manager.py:119]: Stopping SystemEventListener...
2026-07-25 01:47:25,726 [INFO] [MainThread] [root/bar_manager.py:119]: Stopping WindowsNotificationEventListener...
2026-07-25 01:47:25,733 [INFO] [MainThread] [root/bar_manager.py:119]: Stopping KomorebiEventListener...
2026-07-25 01:47:26,013 [INFO] [MainThread] [root/log.py:104]: YASB v2.0.5
2026-07-25 01:47:26,014 [INFO] [CLIPipeServer] [cli_server/cli_server.py:216]: CLI server started v1.1.7
2026-07-25 01:47:26,014 [INFO] [MainThread] [cli_server/cli_server.py:106]: Log pipe server started
2026-07-25 01:47:26,806 [INFO] [MainThread] [root/api.py:62]: GitHubDataManager started...
2026-07-25 01:47:26,862 [INFO] [MainThread] [root/service.py:41]: AudioInputService starting...
2026-07-25 01:47:26,884 [INFO] [SystrayHook] [systray_hook/systray_hook.py:193]: Injecting into Explorer (PID: 10372)
2026-07-25 01:47:26,923 [INFO] [MainThread] [root/service.py:52]: AudioOutputService starting...
2026-07-25 01:47:27,131 [INFO] [MainThread] [root/bar_manager.py:229]: Starting HotkeyListener...
2026-07-25 01:47:27,131 [INFO] [MainThread] [root/bar_manager.py:103]: Starting KomorebiEventListener...
2026-07-25 01:47:27,131 [INFO] [MainThread] [root/bar_manager.py:103]: Starting SystemEventListener...
2026-07-25 01:47:27,132 [INFO] [MainThread] [root/bar_manager.py:103]: Starting WindowsNotificationEventListener...
2026-07-25 01:47:27,134 [INFO] [MainThread] [root/watcher.py:65]: Watching directory: c:\users\bensondc\.config\yasb
2026-07-25 01:47:27,134 [INFO] [MainThread] [root/watcher.py:104]: Created file watcher
2026-07-25 01:47:27,173 [INFO] [Dummy-15] [root/event_listener.py:54]: Created named pipe yasb-bc1975c8-8787-11f1-8900-a029424ab658
2026-07-25 01:47:27,188 [INFO] [MainThread] [root/update_service.py:434]: Background update checker started
2026-07-25 01:47:27,324 [INFO] [Dummy-15] [root/event_listener.py:147]: Komorebi connected to named pipe: yasb-bc1975c8-8787-11f1-8900-a029424ab658
Windows fatal exception: code 0x8001010d

Thread 0x00005f44 [asyncio_0] (most recent call first):
  File "C:\hostedtoolcache\windows\Python\3.14.6\x64\Lib\threading.py", line 373 in wait
  File "C:\hostedtoolcache\windows\Python\3.14.6\x64\Lib\threading.py", line 670 in wait
  File "C:\hostedtoolcache\windows\Python\3.14.6\x64\Lib\concurrent\futures\thread.py", line 73 in run
  File "C:\hostedtoolcache\windows\Python\3.14.6\x64\Lib\concurrent\futures\thread.py", line 86 in run
  File "C:\hostedtoolcache\windows\Python\3.14.6\x64\Lib\concurrent\futures\thread.py", line 119 in _worker
  File "C:\hostedtoolcache\windows\Python\3.14.6\x64\Lib\threading.py", line 1024 in run
  File "C:\hostedtoolcache\windows\Python\3.14.6\x64\Lib\threading.py", line 1082 in _bootstrap_inner
  File "C:\hostedtoolcache\windows\Python\3.14.6\x64\Lib\threading.py", line 1044 in _bootstrap

Thread 0x000042bc [WindowsNotificationEventListener] (most recent call first):
  File "C:\hostedtoolcache\windows\Python\3.14.6\x64\Lib\asyncio\windows_events.py", line 778 in _poll
  File "C:\hostedtoolcache\windows\Python\3.14.6\x64\Lib\asyncio\windows_events.py", line 446 in select
  File "C:\hostedtoolcache\windows\Python\3.14.6\x64\Lib\asyncio\base_events.py", line 2018 in _run_once
  File "C:\hostedtoolcache\windows\Python\3.14.6\x64\Lib\asyncio\base_events.py", line 677 in run_forever
  File "C:\hostedtoolcache\windows\Python\3.14.6\x64\Lib\asyncio\base_events.py", line 706 in run_until_complete
  File "D:\a\yasb\yasb\src\core\widgets\services\notifications\windows_notification.py", line 101 in run

Thread 0x00001778 [SystemEventListener] (most recent call first):
  File "D:\a\yasb\yasb\src\core\utils\win32\event_listener.py", line 69 in run

Thread 0x00001fc8 [KomorebiEventListener] (most recent call first):
  File "C:\hostedtoolcache\windows\Python\3.14.6\x64\Lib\threading.py", line 373 in wait
  File "C:\hostedtoolcache\windows\Python\3.14.6\x64\Lib\threading.py", line 670 in wait
  File "D:\a\yasb\yasb\src\core\widgets\services\komorebi\event_listener.py", line 75 in run

Thread 0x00003a9c [Thread-12] (most recent call first):
  File "C:\hostedtoolcache\windows\Python\3.14.6\x64\Lib\threading.py", line 369 in wait
  File "C:\hostedtoolcache\windows\Python\3.14.6\x64\Lib\queue.py", line 199 in get
  File "D:\a\yasb\yasb\venv\Lib\site-packages\watchdog\observers\api.py", line 379 in dispatch_events
  File "D:\a\yasb\yasb\venv\Lib\site-packages\watchdog\observers\api.py", line 213 in run
  File "C:\hostedtoolcache\windows\Python\3.14.6\x64\Lib\threading.py", line 1082 in _bootstrap_inner
  File "C:\hostedtoolcache\windows\Python\3.14.6\x64\Lib\threading.py", line 1044 in _bootstrap

Thread 0x000051cc [HotkeyListener] (most recent call first):
  File "D:\a\yasb\yasb\src\core\utils\win32\hotkeys.py", line 252 in run

Thread 0x000030b0 [Thread-13] (most recent call first):
  File "D:\a\yasb\yasb\venv\Lib\site-packages\watchdog\observers\winapi.py", line 326 in read_directory_changes
  File "D:\a\yasb\yasb\venv\Lib\site-packages\watchdog\observers\winapi.py", line 380 in read_events
  File "D:\a\yasb\yasb\venv\Lib\site-packages\watchdog\observers\read_directory_changes.py", line 67 in _read_events
  File "D:\a\yasb\yasb\venv\Lib\site-packages\watchdog\observers\read_directory_changes.py", line 70 in queue_events
  File "D:\a\yasb\yasb\venv\Lib\site-packages\watchdog\observers\api.py", line 158 in run
  File "C:\hostedtoolcache\windows\Python\3.14.6\x64\Lib\threading.py", line 1082 in _bootstrap_inner
  File "C:\hostedtoolcache\windows\Python\3.14.6\x64\Lib\threading.py", line 1044 in _bootstrap

Thread 0x00005678 [MemoryWorker] (most recent call first):
  File "D:\a\yasb\yasb\src\core\widgets\services\memory\memory_api.py", line 244 in run

Thread 0x00005d28 [CpuWorker] (most recent call first):
  File "D:\a\yasb\yasb\src\core\widgets\services\cpu\cpu_api.py", line 340 in run

Thread 0x00005d3c [SystrayHook] (most recent call first):
  File "D:\a\yasb\yasb\src\core\widgets\services\systray\systray_hook.py", line 247 in run
  File "D:\a\yasb\yasb\src\core\widgets\yasb\systray.py", line 79 in run

Thread 0x00001d10 [WiFiWorker] (most recent call first):
  File "D:\a\yasb\yasb\src\core\widgets\services\wifi\wifi_managers.py", line 151 in run

Thread 0x00005d04 [Thread-6 (process_audio)] (most recent call first):
  File "D:\a\yasb\yasb\src\core\widgets\yasb\cava.py", line 586 in process_audio
  File "C:\hostedtoolcache\windows\Python\3.14.6\x64\Lib\threading.py", line 1024 in run
  File "C:\hostedtoolcache\windows\Python\3.14.6\x64\Lib\threading.py", line 1082 in _bootstrap_inner
  File "C:\hostedtoolcache\windows\Python\3.14.6\x64\Lib\threading.py", line 1044 in _bootstrap

Thread 0x000007e8 [QueryWorker] (most recent call first):
  File "D:\a\yasb\yasb\src\core\widgets\services\quick_launch\workers.py", line 61 in run

Thread 0x00001160 [_EventWorker] (most recent call first):
  File "D:\a\yasb\yasb\venv\Lib\site-packages\qasync\_windows.py", line 147 in _poll
  File "D:\a\yasb\yasb\venv\Lib\site-packages\qasync\_windows.py", line 72 in select
  File "D:\a\yasb\yasb\venv\Lib\site-packages\qasync\_windows.py", line 199 in run

Thread 0x00004e28 [LogPipeServer] (most recent call first):
  File "D:\a\yasb\yasb\src\core\utils\win32\bindings\kernel32.py", line 288 in ConnectNamedPipe
  File "D:\a\yasb\yasb\src\core\utils\cli_server.py", line 138 in _run_server
  File "C:\hostedtoolcache\windows\Python\3.14.6\x64\Lib\threading.py", line 1024 in run
  File "C:\hostedtoolcache\windows\Python\3.14.6\x64\Lib\threading.py", line 1082 in _bootstrap_inner
  File "C:\hostedtoolcache\windows\Python\3.14.6\x64\Lib\threading.py", line 1044 in _bootstrap

Thread 0x00004458 [CLIPipeServer] (most recent call first):
  File "D:\a\yasb\yasb\src\core\utils\win32\bindings\kernel32.py", line 288 in ConnectNamedPipe
  File "D:\a\yasb\yasb\src\core\utils\cli_server.py", line 235 in _run_server
  File "C:\hostedtoolcache\windows\Python\3.14.6\x64\Lib\threading.py", line 1024 in run
  File "C:\hostedtoolcache\windows\Python\3.14.6\x64\Lib\threading.py", line 1082 in _bootstrap_inner
  File "C:\hostedtoolcache\windows\Python\3.14.6\x64\Lib\threading.py", line 1044 in _bootstrap

Current thread 0x00001bdc (most recent call first):
  File "D:\a\yasb\yasb\venv\Lib\site-packages\qasync\__init__.py", line 404 in run_forever
  File "D:\a\yasb\yasb\venv\Lib\site-packages\qasync\__init__.py", line 428 in run_until_complete
  File "main.py", line 100 in main
  File "main.py", line 203 in <module>
  File "D:\a\yasb\yasb\venv\Lib\site-packages\freeze_core\initscripts\console.py", line 27 in run
  File "D:\a\yasb\yasb\venv\Lib\site-packages\freeze_core\initscripts\__startup__.py", line 137 in run

Current thread's C stack trace (most recent call first):
  <cannot get C stack on this system>
2026-07-25 01:49:24,525 [ERROR] [MainThread] [root/config.py:113]: The file 'C:\Users\BensonDC\.config\yasb\config.yaml' contains Parser Error(s). Please fix:
while parsing a block mapping
  in "C:\Users\BensonDC\.config\yasb\config.yaml", line 375, column 7
expected <block end>, but found '<scalar>'
  in "C:\Users\BensonDC\.config\yasb\config.yaml", line 390, column 19
2026-07-25 01:49:46,835 [INFO] [MainThread] [root/controller.py:21]: Reloading Bar from context menu...
2026-07-25 01:49:46,936 [INFO] [MainThread] [cli_server/cli_server.py:114]: Log pipe server stopped
2026-07-25 01:49:47,078 [INFO] [MainThread] [root/bar_manager.py:111]: Stopping HotkeyListener...
2026-07-25 01:49:47,079 [INFO] [MainThread] [root/bar_manager.py:119]: Stopping KomorebiEventListener...
2026-07-25 01:49:47,080 [INFO] [MainThread] [root/bar_manager.py:119]: Stopping SystemEventListener...
2026-07-25 01:49:47,092 [INFO] [MainThread] [root/bar_manager.py:119]: Stopping WindowsNotificationEventListener...
2026-07-25 01:49:47,468 [INFO] [MainThread] [root/log.py:104]: YASB v2.0.5
2026-07-25 01:49:47,468 [INFO] [CLIPipeServer] [cli_server/cli_server.py:216]: CLI server started v1.1.7
2026-07-25 01:49:47,469 [INFO] [MainThread] [cli_server/cli_server.py:106]: Log pipe server started
2026-07-25 01:49:47,500 [ERROR] [MainThread] [root/config.py:113]: The file 'C:\Users\BensonDC\.config\yasb\config.yaml' contains Parser Error(s). Please fix:
while parsing a block mapping
  in "C:\Users\BensonDC\.config\yasb\config.yaml", line 375, column 7
expected <block end>, but found '<scalar>'
  in "C:\Users\BensonDC\.config\yasb\config.yaml", line 390, column 19
2026-07-25 01:49:47,502 [ERROR] [MainThread] [root/config.py:158]: User config file could not be loaded. Exiting Application.
2026-07-25 01:50:16,906 [INFO] [MainThread] [root/log.py:104]: YASB v2.0.5
2026-07-25 01:50:16,906 [INFO] [CLIPipeServer] [cli_server/cli_server.py:216]: CLI server started v1.1.7
2026-07-25 01:50:16,907 [INFO] [MainThread] [cli_server/cli_server.py:106]: Log pipe server started
2026-07-25 01:50:17,512 [INFO] [MainThread] [root/api.py:62]: GitHubDataManager started...
2026-07-25 01:50:17,567 [INFO] [MainThread] [root/service.py:41]: AudioInputService starting...
2026-07-25 01:50:17,602 [INFO] [MainThread] [root/service.py:52]: AudioOutputService starting...
2026-07-25 01:50:17,609 [INFO] [SystrayHook] [systray_hook/systray_hook.py:193]: Injecting into Explorer (PID: 10372)
2026-07-25 01:50:17,893 [INFO] [MainThread] [root/bar_manager.py:229]: Starting HotkeyListener...
2026-07-25 01:50:17,893 [INFO] [MainThread] [root/bar_manager.py:103]: Starting SystemEventListener...
2026-07-25 01:50:17,893 [INFO] [MainThread] [root/bar_manager.py:103]: Starting KomorebiEventListener...
2026-07-25 01:50:17,894 [INFO] [MainThread] [root/bar_manager.py:103]: Starting WindowsNotificationEventListener...
2026-07-25 01:50:17,895 [INFO] [MainThread] [root/watcher.py:65]: Watching directory: c:\users\bensondc\.config\yasb
2026-07-25 01:50:17,895 [INFO] [MainThread] [root/watcher.py:104]: Created file watcher
2026-07-25 01:50:17,896 [INFO] [Dummy-15] [root/event_listener.py:54]: Created named pipe yasb-21e1c01d-8788-11f1-88b0-a029424ab658
2026-07-25 01:50:17,932 [INFO] [MainThread] [root/update_service.py:434]: Background update checker started
2026-07-25 01:50:18,020 [INFO] [Dummy-15] [root/event_listener.py:147]: Komorebi connected to named pipe: yasb-21e1c01d-8788-11f1-88b0-a029424ab658
2026-07-25 01:52:41,323 [INFO] [MainThread] [root/controller.py:21]: Reloading Application because of config change.
2026-07-25 01:52:41,428 [INFO] [MainThread] [cli_server/cli_server.py:114]: Log pipe server stopped
2026-07-25 01:52:41,440 [INFO] [MainThread] [root/bar_manager.py:93]: Successfully loaded updated config and re-initialised all bars.
2026-07-25 01:52:41,573 [INFO] [MainThread] [root/bar_manager.py:111]: Stopping HotkeyListener...
2026-07-25 01:52:41,577 [INFO] [MainThread] [root/bar_manager.py:119]: Stopping SystemEventListener...
2026-07-25 01:52:41,617 [INFO] [MainThread] [root/bar_manager.py:119]: Stopping KomorebiEventListener...
2026-07-25 01:52:41,621 [INFO] [MainThread] [root/bar_manager.py:119]: Stopping WindowsNotificationEventListener...
2026-07-25 01:52:41,951 [INFO] [MainThread] [root/log.py:104]: YASB v2.0.5
2026-07-25 01:52:41,951 [INFO] [CLIPipeServer] [cli_server/cli_server.py:216]: CLI server started v1.1.7
2026-07-25 01:52:41,951 [INFO] [MainThread] [cli_server/cli_server.py:106]: Log pipe server started
2026-07-25 01:52:42,678 [INFO] [MainThread] [root/api.py:62]: GitHubDataManager started...
2026-07-25 01:52:42,730 [INFO] [MainThread] [root/service.py:41]: AudioInputService starting...
2026-07-25 01:52:42,753 [INFO] [SystrayHook] [systray_hook/systray_hook.py:193]: Injecting into Explorer (PID: 10372)
2026-07-25 01:52:42,787 [INFO] [MainThread] [root/service.py:52]: AudioOutputService starting...
2026-07-25 01:52:42,925 [INFO] [MainThread] [root/bar_manager.py:229]: Starting HotkeyListener...
2026-07-25 01:52:42,925 [INFO] [MainThread] [root/bar_manager.py:103]: Starting WindowsNotificationEventListener...
2026-07-25 01:52:42,925 [INFO] [MainThread] [root/bar_manager.py:103]: Starting KomorebiEventListener...
2026-07-25 01:52:42,925 [INFO] [MainThread] [root/bar_manager.py:103]: Starting SystemEventListener...
2026-07-25 01:52:42,927 [INFO] [MainThread] [root/watcher.py:65]: Watching directory: c:\users\bensondc\.config\yasb
2026-07-25 01:52:42,927 [INFO] [MainThread] [root/watcher.py:104]: Created file watcher
2026-07-25 01:52:42,975 [INFO] [Dummy-14] [root/event_listener.py:54]: Created named pipe yasb-7853cf2d-8788-11f1-992a-a029424ab658
2026-07-25 01:52:42,999 [INFO] [MainThread] [root/update_service.py:434]: Background update checker started
2026-07-25 01:52:43,168 [INFO] [Dummy-14] [root/event_listener.py:147]: Komorebi connected to named pipe: yasb-7853cf2d-8788-11f1-992a-a029424ab658
2026-07-25 01:56:09,750 [INFO] [MainThread] [root/controller.py:21]: Reloading Application because of config change.
2026-07-25 01:56:09,862 [INFO] [MainThread] [cli_server/cli_server.py:114]: Log pipe server stopped
2026-07-25 01:56:09,876 [INFO] [MainThread] [root/bar_manager.py:93]: Successfully loaded updated config and re-initialised all bars.
2026-07-25 01:56:10,021 [INFO] [MainThread] [root/bar_manager.py:111]: Stopping HotkeyListener...
2026-07-25 01:56:10,026 [INFO] [MainThread] [root/bar_manager.py:119]: Stopping WindowsNotificationEventListener...
2026-07-25 01:56:10,031 [INFO] [MainThread] [root/bar_manager.py:119]: Stopping KomorebiEventListener...
2026-07-25 01:56:10,036 [INFO] [MainThread] [root/bar_manager.py:119]: Stopping SystemEventListener...
2026-07-25 01:56:10,383 [INFO] [MainThread] [root/log.py:104]: YASB v2.0.5
2026-07-25 01:56:10,384 [INFO] [CLIPipeServer] [cli_server/cli_server.py:216]: CLI server started v1.1.7
2026-07-25 01:56:10,384 [INFO] [MainThread] [cli_server/cli_server.py:106]: Log pipe server started
2026-07-25 01:56:11,118 [INFO] [MainThread] [root/api.py:62]: GitHubDataManager started...
2026-07-25 01:56:11,166 [INFO] [MainThread] [root/service.py:41]: AudioInputService starting...
2026-07-25 01:56:11,191 [INFO] [SystrayHook] [systray_hook/systray_hook.py:193]: Injecting into Explorer (PID: 10372)
2026-07-25 01:56:11,225 [INFO] [MainThread] [root/service.py:52]: AudioOutputService starting...
2026-07-25 01:56:11,352 [INFO] [MainThread] [root/bar_manager.py:229]: Starting HotkeyListener...
2026-07-25 01:56:11,352 [INFO] [MainThread] [root/bar_manager.py:103]: Starting WindowsNotificationEventListener...
2026-07-25 01:56:11,353 [INFO] [MainThread] [root/bar_manager.py:103]: Starting SystemEventListener...
2026-07-25 01:56:11,353 [INFO] [MainThread] [root/bar_manager.py:103]: Starting KomorebiEventListener...
2026-07-25 01:56:11,354 [INFO] [MainThread] [root/watcher.py:65]: Watching directory: c:\users\bensondc\.config\yasb
2026-07-25 01:56:11,355 [INFO] [MainThread] [root/watcher.py:104]: Created file watcher
2026-07-25 01:56:11,413 [INFO] [Dummy-14] [root/event_listener.py:54]: Created named pipe yasb-f48f563e-8788-11f1-be73-a029424ab658
2026-07-25 01:56:11,426 [INFO] [MainThread] [root/update_service.py:434]: Background update checker started
2026-07-25 01:56:11,602 [INFO] [Dummy-14] [root/event_listener.py:147]: Komorebi connected to named pipe: yasb-f48f563e-8788-11f1-be73-a029424ab658
2026-07-25 01:56:20,813 [INFO] [MainThread] [root/controller.py:21]: Reloading Application because of config change.
2026-07-25 01:56:20,927 [INFO] [MainThread] [cli_server/cli_server.py:114]: Log pipe server stopped
2026-07-25 01:56:20,934 [INFO] [MainThread] [root/bar_manager.py:93]: Successfully loaded updated config and re-initialised all bars.
2026-07-25 01:56:21,066 [INFO] [MainThread] [root/bar_manager.py:111]: Stopping HotkeyListener...
2026-07-25 01:56:21,070 [INFO] [MainThread] [root/bar_manager.py:119]: Stopping WindowsNotificationEventListener...
2026-07-25 01:56:21,076 [INFO] [MainThread] [root/bar_manager.py:119]: Stopping SystemEventListener...
2026-07-25 01:56:21,101 [INFO] [MainThread] [root/bar_manager.py:119]: Stopping KomorebiEventListener...
2026-07-25 01:56:21,420 [INFO] [MainThread] [root/log.py:104]: YASB v2.0.5
2026-07-25 01:56:21,420 [INFO] [CLIPipeServer] [cli_server/cli_server.py:216]: CLI server started v1.1.7
2026-07-25 01:56:21,420 [INFO] [MainThread] [cli_server/cli_server.py:106]: Log pipe server started
2026-07-25 01:56:22,140 [INFO] [MainThread] [root/service.py:41]: AudioInputService starting...
2026-07-25 01:56:22,168 [INFO] [SystrayHook] [systray_hook/systray_hook.py:193]: Injecting into Explorer (PID: 10372)
2026-07-25 01:56:22,193 [INFO] [MainThread] [root/service.py:52]: AudioOutputService starting...
2026-07-25 01:56:22,312 [INFO] [MainThread] [root/bar_manager.py:229]: Starting HotkeyListener...
2026-07-25 01:56:22,312 [INFO] [MainThread] [root/bar_manager.py:103]: Starting KomorebiEventListener...
2026-07-25 01:56:22,316 [INFO] [MainThread] [root/bar_manager.py:103]: Starting SystemEventListener...
2026-07-25 01:56:22,317 [INFO] [MainThread] [root/bar_manager.py:103]: Starting WindowsNotificationEventListener...
2026-07-25 01:56:22,318 [INFO] [MainThread] [root/watcher.py:65]: Watching directory: c:\users\bensondc\.config\yasb
2026-07-25 01:56:22,318 [INFO] [MainThread] [root/watcher.py:104]: Created file watcher
2026-07-25 01:56:22,355 [INFO] [Dummy-14] [root/event_listener.py:54]: Created named pipe yasb-fb183d54-8788-11f1-97ee-a029424ab658
2026-07-25 01:56:22,379 [INFO] [MainThread] [root/update_service.py:434]: Background update checker started
2026-07-25 01:56:22,534 [INFO] [Dummy-14] [root/event_listener.py:147]: Komorebi connected to named pipe: yasb-fb183d54-8788-11f1-97ee-a029424ab658
2026-07-25 01:58:25,578 [INFO] [MainThread] [root/controller.py:21]: Reloading Bar from context menu...
2026-07-25 01:58:25,690 [INFO] [MainThread] [cli_server/cli_server.py:114]: Log pipe server stopped
2026-07-25 01:58:25,850 [INFO] [MainThread] [root/bar_manager.py:111]: Stopping HotkeyListener...
2026-07-25 01:58:25,852 [INFO] [MainThread] [root/bar_manager.py:119]: Stopping KomorebiEventListener...
2026-07-25 01:58:25,853 [INFO] [MainThread] [root/bar_manager.py:119]: Stopping SystemEventListener...
2026-07-25 01:58:25,855 [INFO] [MainThread] [root/bar_manager.py:119]: Stopping WindowsNotificationEventListener...
2026-07-25 01:58:26,254 [INFO] [MainThread] [root/log.py:104]: YASB v2.0.5
2026-07-25 01:58:26,254 [INFO] [CLIPipeServer] [cli_server/cli_server.py:216]: CLI server started v1.1.7
2026-07-25 01:58:26,255 [INFO] [MainThread] [cli_server/cli_server.py:106]: Log pipe server started
2026-07-25 01:58:27,057 [INFO] [MainThread] [root/service.py:41]: AudioInputService starting...
2026-07-25 01:58:27,085 [INFO] [SystrayHook] [systray_hook/systray_hook.py:193]: Injecting into Explorer (PID: 10372)
2026-07-25 01:58:27,108 [INFO] [MainThread] [root/service.py:52]: AudioOutputService starting...
2026-07-25 01:58:27,232 [INFO] [MainThread] [root/bar_manager.py:229]: Starting HotkeyListener...
2026-07-25 01:58:27,233 [INFO] [MainThread] [root/bar_manager.py:103]: Starting SystemEventListener...
2026-07-25 01:58:27,238 [INFO] [MainThread] [root/bar_manager.py:103]: Starting KomorebiEventListener...
2026-07-25 01:58:27,238 [INFO] [MainThread] [root/bar_manager.py:103]: Starting WindowsNotificationEventListener...
2026-07-25 01:58:27,239 [INFO] [MainThread] [root/watcher.py:65]: Watching directory: c:\users\bensondc\.config\yasb
2026-07-25 01:58:27,240 [INFO] [MainThread] [root/watcher.py:104]: Created file watcher
2026-07-25 01:58:27,288 [INFO] [Dummy-14] [root/event_listener.py:54]: Created named pipe yasb-458dc427-8789-11f1-9f49-a029424ab658
2026-07-25 01:58:27,302 [INFO] [MainThread] [root/update_service.py:434]: Background update checker started
2026-07-25 01:58:27,464 [INFO] [Dummy-14] [root/event_listener.py:147]: Komorebi connected to named pipe: yasb-458dc427-8789-11f1-9f49-a029424ab658
2026-07-25 02:19:51,968 [INFO] [MainThread] [root/service.py:212]: Quick Launch rebuilding app list after install/uninstall detected
